capture_id,snr_db,frequency_drift_hz,drift_rate_hz_per_second,smoothness_score,valid_signal_ratio,peak_power,mean_power,occupied_bandwidth_hz,signal_duration_seconds,label,is_synthetic,source_file,sample_rate_hz,nperseg,noverlap,notes,recording_id,pass,satellite,split,snr_on_track_db
client_LILACSAT-2_not_detected_notinskyto7_0,11.371877616882324,27656.25,25846.962616822428,14018.75790025578,1.0,35.8929443359375,-6.309428576063012,191601.5625,1.07,0,0,LILACSAT-2_not_detected\notinskyto7\spectrogram0_437200000.txt,240000.0,1024,0,nondetection; mixed; 0.2 dB on track,client_LILACSAT-2_not_detected_notinskyto7,LILACSAT-2_not_detected,LILACSAT-2,train,0.21
client_LILACSAT-2_not_detected_notinskyto7_1,11.487923570632935,11484.375,10733.06074766355,13324.207614835635,1.0,7.7617387771606445,-6.516262228563147,191484.375,1.07,0,0,LILACSAT-2_not_detected\notinskyto7\spectrogram1_437200000.txt,240000.0,1024,0,nondetection; mixed; 0.2 dB on track,client_LILACSAT-2_not_detected_notinskyto7,LILACSAT-2_not_detected,LILACSAT-2,train,0.18
client_LILACSAT-2_not_detected_notinskyto7_2,11.47693694972992,6328.125,5914.1355140186915,15844.862716468635,1.0,8.170547485351562,-6.588570262162263,191601.5625,1.07,0,0,LILACSAT-2_not_detected\notinskyto7\spectrogram2_437200000.txt,240000.0,1024,0,nondetection; mixed; 0.4 dB on track,client_LILACSAT-2_not_detected_notinskyto7,LILACSAT-2_not_detected,LILACSAT-2,train,0.41
client_LILACSAT-2_not_detected_notinskyto7_3,11.39349973678589,50625.0,47313.08411214953,14811.612819987124,1.0,8.675785064697266,-6.540354856423473,190781.25,1.07,0,0,LILACSAT-2_not_detected\notinskyto7\spectrogram3_437200000.txt,240000.0,1024,0,nondetection; mixed; 0.4 dB on track,client_LILACSAT-2_not_detected_notinskyto7,LILACSAT-2_not_detected,LILACSAT-2,train,0.39
client_LILACSAT-2_not_detected_notinskyto7_4,11.533916094779968,4453.125,4161.7990654205605,13788.203603820199,1.0,8.793721199035645,-6.574327289305236,191484.375,1.07,0,0,LILACSAT-2_not_detected\notinskyto7\spectrogram4_437200000.txt,240000.0,1024,0,nondetection; mixed; 0.4 dB on track,client_LILACSAT-2_not_detected_notinskyto7,LILACSAT-2_not_detected,LILACSAT-2,train,0.37
client_LILACSAT-2_not_detected_notinskyto7_5,11.486684371948241,42421.875,39646.61214953271,11889.934087528067,1.0,8.063021659851074,-6.586041536528877,193007.8125,1.07,0,0,LILACSAT-2_not_detected\notinskyto7\spectrogram5_437200000.txt,240000.0,1024,0,nondetection; mixed; 0.6 dB on track,client_LILACSAT-2_not_detected_notinskyto7,LILACSAT-2_not_detected,LILACSAT-2,train,0.57
client_LILACSAT-2_not_detected_notinskyto7_6,11.406958443641663,19218.75,17961.44859813084,14685.459586024625,1.0,8.039234161376953,-6.607666821920025,190781.25,1.07,0,0,LILACSAT-2_not_detected\notinskyto7\spectrogram6_437200000.txt,240000.0,1024,0,nondetection; mixed; 0.2 dB on track,client_LILACSAT-2_not_detected_notinskyto7,LILACSAT-2_not_detected,LILACSAT-2,train,0.17
client_LILACSAT-2_not_detected_notinskyto7_7,11.408150505065917,54375.0,50817.75700934579,12659.281202137006,1.0,7.796983242034912,-6.624040102885141,191484.375,1.07,0,0,LILACSAT-2_not_detected\notinskyto7\spectrogram7_437200000.txt,240000.0,1024,0,nondetection; mixed; 0.2 dB on track,client_LILACSAT-2_not_detected_notinskyto7,LILACSAT-2_not_detected,LILACSAT-2,train,0.24
client_LILACSAT-2_not_detected_notinskyto7_8,11.515658144950867,11015.625,10294.976635514018,15909.917333831569,1.0,8.100907325744629,-6.616748116541567,191953.125,1.07,0,0,LILACSAT-2_not_detected\notinskyto7\spectrogram8_437200000.txt,240000.0,1024,0,nondetection; mixed; 0.2 dB on track,client_LILACSAT-2_not_detected_notinskyto7,LILACSAT-2_not_detected,LILACSAT-2,train,0.22
client_LILACSAT-2_not_detected_notinskyto7_9,11.424841351509095,60937.5,56950.93457943925,13643.485321525506,1.0,8.043536186218262,-6.653050748871311,191953.125,1.07,0,0,LILACSAT-2_not_detected\notinskyto7\spectrogram9_437200000.txt,240000.0,1024,0,nondetection; mixed; 0.3 dB on track,client_LILACSAT-2_not_detected_notinskyto7,LILACSAT-2_not_detected,LILACSAT-2,train,0.29
client_LILACSAT-2_not_detected_notinskyto7_10,11.452203845977783,69843.75,65274.53271028037,14598.20912202581,1.0,8.282410621643066,-6.641200804282609,192187.5,1.07,0,0,LILACSAT-2_not_detected\notinskyto7\spectrogram10_437200000.txt,240000.0,1024,0,nondetection; mixed; 0.2 dB on track,client_LILACSAT-2_not_detected_notinskyto7,LILACSAT-2_not_detected,LILACSAT-2,train,0.23
client_LILACSAT-2_not_detected_notinskyto7_11,11.437177320480346,3046.875,2847.5467289719622,14416.52695962397,1.0,7.723676681518555,-6.583935014568789,190781.25,1.07,0,0,LILACSAT-2_not_detected\notinskyto7\spectrogram11_437200000.txt,240000.0,1024,0,nondetection; mixed; 0.5 dB on track,client_LILACSAT-2_not_detected_notinskyto7,LILACSAT-2_not_detected,LILACSAT-2,train,0.51
client_LILACSAT-2_not_detected_notinskyto7_12,11.45693386554718,8437.5,7885.514018691589,12440.134510910644,1.0,8.286627769470215,-6.596677777598192,191953.125,1.07,0,0,LILACSAT-2_not_detected\notinskyto7\spectrogram12_437200000.txt,240000.0,1024,0,nondetection; mixed; 0.1 dB on track,client_LILACSAT-2_not_detected_notinskyto7,LILACSAT-2_not_detected,LILACSAT-2,train,0.07
client_LILACSAT-2_not_detected_notinskyto7_13,11.491034756660461,1406.25,1314.252336448598,17018.11810288108,1.0,8.421552658081055,-6.577212345861197,191132.8125,1.07,0,0,LILACSAT-2_not_detected\notinskyto7\spectrogram13_437200000.txt,240000.0,1024,0,nondetection; mixed; 0.0 dB on track,client_LILACSAT-2_not_detected_notinskyto7,LILACSAT-2_not_detected,LILACSAT-2,train,0.05
client_LILACSAT-2_not_detected_notinskyto7_14,11.370926697731019,65390.625,61112.73364485981,15346.46111337391,1.0,8.472896575927734,-6.584693623369611,191835.9375,1.07,0,0,LILACSAT-2_not_detected\notinskyto7\spectrogram14_437200000.txt,240000.0,1024,0,nondetection; mixed; 0.4 dB on track,client_LILACSAT-2_not_detected_notinskyto7,LILACSAT-2_not_detected,LILACSAT-2,train,0.4
client_LILACSAT-2_not_detected_notinskyto7_15,11.407212965965272,18984.375,17742.406542056073,14070.048885320093,1.0,8.094047546386719,-6.611713696025853,190898.4375,1.07,0,0,LILACSAT-2_not_detected\notinskyto7\spectrogram15_437200000.txt,240000.0,1024,0,nondetection; mixed; 0.3 dB on track,client_LILACSAT-2_not_detected_notinskyto7,LILACSAT-2_not_detected,LILACSAT-2,train,0.25
client_LILACSAT-2_not_detected_notinskyto7_16,11.45521146965027,8671.875,8104.556074766355,15101.953599635342,1.0,7.708541393280029,-6.618928924601385,192539.0625,1.07,0,0,LILACSAT-2_not_detected\notinskyto7\spectrogram16_437200000.txt,240000.0,1024,0,nondetection; mixed; 0.4 dB on track,client_LILACSAT-2_not_detected_notinskyto7,LILACSAT-2_not_detected,LILACSAT-2,train,0.38
client_LILACSAT-2_not_detected_notinskyto7_17,11.472117743492127,86484.375,80826.51869158878,11614.959887498084,1.0,8.161770820617676,-6.610391815207543,191250.0,1.07,0,0,LILACSAT-2_not_detected\notinskyto7\spectrogram17_437200000.txt,240000.0,1024,0,nondetection; mixed; 0.3 dB on track,client_LILACSAT-2_not_detected_notinskyto7,LILACSAT-2_not_detected,LILACSAT-2,train,0.33
client_LILACSAT-2_not_detected_notinskyto7_18,11.416280543327332,46171.875,43151.28504672897,13114.786162043467,1.0,7.93109655380249,-6.652569057810337,191835.9375,1.07,0,0,LILACSAT-2_not_detected\notinskyto7\spectrogram18_437200000.txt,240000.0,1024,0,nondetection; mixed; 0.1 dB on track,client_LILACSAT-2_not_detected_notinskyto7,LILACSAT-2_not_detected,LILACSAT-2,train,0.14
client_LILACSAT-2_not_detected_notinskyto7_19,11.538032833099365,24140.625,22561.33177570093,14482.940440811763,1.0,8.349250793457031,-6.662945523908722,191953.125,1.07,0,0,LILACSAT-2_not_detected\notinskyto7\spectrogram19_437200000.txt,240000.0,1024,0,nondetection; mixed; 0.2 dB on track,client_LILACSAT-2_not_detected_notinskyto7,LILACSAT-2_not_detected,LILACSAT-2,train,0.19
client_LILACSAT-2_not_detected_notinskyto7_20,11.443723355293274,10312.5,9637.85046728972,13795.582951134656,1.0,8.343765258789062,-6.68981649325212,191718.75,1.07,0,0,LILACSAT-2_not_detected\notinskyto7\spectrogram20_437200000.txt,240000.0,1024,0,nondetection; mixed; 0.1 dB on track,client_LILACSAT-2_not_detected_notinskyto7,LILACSAT-2_not_detected,LILACSAT-2,train,0.14
client_LILACSAT-2_not_detected_notinskyto7_21,11.441766091346741,18515.625,17304.32242990654,12268.289052057482,1.0,8.61119556427002,-6.676588476585139,192304.6875,1.07,0,0,LILACSAT-2_not_detected\notinskyto7\spectrogram21_437200000.txt,240000.0,1024,0,nondetection; mixed; 0.2 dB on track,client_LILACSAT-2_not_detected_notinskyto7,LILACSAT-2_not_detected,LILACSAT-2,train,0.18
client_LILACSAT-2_not_detected_notinskyto7_22,11.474431568145752,25546.875,23875.584112149532,15363.837402229845,1.0,7.680617332458496,-6.684014561768751,192070.3125,1.07,0,0,LILACSAT-2_not_detected\notinskyto7\spectrogram22_437200000.txt,240000.0,1024,0,nondetection; mixed; 0.6 dB on track,client_LILACSAT-2_not_detected_notinskyto7,LILACSAT-2_not_detected,LILACSAT-2,train,0.56
client_LILACSAT-2_not_detected_notinskyto7_23,11.532678877830506,937.5,876.1682242990654,16342.550174225024,1.0,8.384915351867676,-6.632485374317435,191484.375,1.07,0,0,LILACSAT-2_not_detected\notinskyto7\spectrogram23_437200000.txt,240000.0,1024,0,nondetection; mixed; 0.3 dB on track,client_LILACSAT-2_not_detected_notinskyto7,LILACSAT-2_not_detected,LILACSAT-2,train,0.34
client_LILACSAT-2_not_detected_notinskyto7_24,11.562968479156494,37500.0,35046.72897196261,12872.764433517086,1.0,7.937633037567139,-6.644286655193482,192187.5,1.07,0,0,LILACSAT-2_not_detected\notinskyto7\spectrogram24_437200000.txt,240000.0,1024,0,nondetection; mixed; 0.1 dB on track,client_LILACSAT-2_not_detected_notinskyto7,LILACSAT-2_not_detected,LILACSAT-2,train,0.05
client_LILACSAT-2_not_detected_notinskyto7_25,11.470317353248596,92109.375,86083.52803738318,16701.666919146614,1.0,7.891023635864258,-6.627100715230422,192421.875,1.07,0,0,LILACSAT-2_not_detected\notinskyto7\spectrogram25_437200000.txt,240000.0,1024,0,nondetection; mixed; 0.1 dB on track,client_LILACSAT-2_not_detected_notinskyto7,LILACSAT-2_not_detected,LILACSAT-2,train,0.08
client_LILACSAT-2_not_detected_notinskyto7_26,11.46724784374237,37031.25,34608.64485981308,13322.770269413853,1.0,8.71066951751709,-6.621630985426564,190546.875,1.07,0,0,LILACSAT-2_not_detected\notinskyto7\spectrogram26_437200000.txt,240000.0,1024,0,nondetection; mixed; 0.3 dB on track,client_LILACSAT-2_not_detected_notinskyto7,LILACSAT-2_not_detected,LILACSAT-2,train,0.3
client_LILACSAT-2_not_detected_notinskyto7_27,11.541753412246704,29296.875,27380.257009345794,15142.806137218065,1.0,8.164583206176758,-6.662207340802549,191132.8125,1.07,0,0,LILACSAT-2_not_detected\notinskyto7\spectrogram27_437200000.txt,240000.0,1024,0,nondetection; mixed; 0.1 dB on track,client_LILACSAT-2_not_detected_notinskyto7,LILACSAT-2_not_detected,LILACSAT-2,train,0.11
client_LILACSAT-2_not_detected_notinskyto7_28,11.537667820930482,18281.25,17085.280373831774,12803.70619442042,1.0,8.146445274353027,-6.641964182363008,191601.5625,1.07,0,0,LILACSAT-2_not_detected\notinskyto7\spectrogram28_437200000.txt,240000.0,1024,0,nondetection; mixed; 0.2 dB on track,client_LILACSAT-2_not_detected_notinskyto7,LILACSAT-2_not_detected,LILACSAT-2,train,0.16
client_LILACSAT-2_not_detected_notinskyto7_29,11.428523866653443,76875.0,71845.79439252336,15312.91253562066,1.0,8.671960830688477,-6.634049302722464,190781.25,1.07,0,0,LILACSAT-2_not_detected\notinskyto7\spectrogram29_437200000.txt,240000.0,1024,0,nondetection; mixed; 0.5 dB on track,client_LILACSAT-2_not_detected_notinskyto7,LILACSAT-2_not_detected,LILACSAT-2,train,0.53
client_LILACSAT-2_not_detected_notinskyto7_30,11.483382481575012,59765.625,55855.72429906542,12608.275311457044,1.0,8.295942306518555,-6.626303861378553,191367.1875,1.07,0,0,LILACSAT-2_not_detected\notinskyto7\spectrogram30_437200000.txt,240000.0,1024,0,nondetection; mixed; 0.4 dB on track,client_LILACSAT-2_not_detected_notinskyto7,LILACSAT-2_not_detected,LILACSAT-2,train,0.38
client_LILACSAT-2_not_detected_notinskyto7_31,11.427227524757384,101953.125,95283.29439252336,12867.038081799217,1.0,8.16559886932373,-6.625266500972552,191015.625,1.07,0,0,LILACSAT-2_not_detected\notinskyto7\spectrogram31_437200000.txt,240000.0,1024,0,nondetection; mixed; 0.3 dB on track,client_LILACSAT-2_not_detected_notinskyto7,LILACSAT-2_not_detected,LILACSAT-2,train,0.32
client_LILACSAT-2_not_detected_notinskyto7_32,11.408436298370361,30468.75,28475.467289719625,18418.558050440774,1.0,7.918552875518799,-6.60096902266438,190781.25,1.07,0,0,LILACSAT-2_not_detected\notinskyto7\spectrogram32_437200000.txt,240000.0,1024,0,nondetection; mixed; 0.1 dB on track,client_LILACSAT-2_not_detected_notinskyto7,LILACSAT-2_not_detected,LILACSAT-2,train,0.14
client_LILACSAT-2_not_detected_notinskyto7_33,11.461919775009155,22500.0,21028.03738317757,14115.979727272657,1.0,8.467667579650879,-6.621786058283447,191953.125,1.07,0,0,LILACSAT-2_not_detected\notinskyto7\spectrogram33_437200000.txt,240000.0,1024,0,nondetection; mixed; 0.3 dB on track,client_LILACSAT-2_not_detected_notinskyto7,LILACSAT-2_not_detected,LILACSAT-2,train,0.29
client_LILACSAT-2_not_detected_notinskyto7_34,11.42374735736847,91875.0,85864.4859813084,12678.358050011795,1.0,8.548358917236328,-6.571905635114759,190546.875,1.07,0,0,LILACSAT-2_not_detected\notinskyto7\spectrogram34_437200000.txt,240000.0,1024,0,nondetection; mixed; 0.5 dB on track,client_LILACSAT-2_not_detected_notinskyto7,LILACSAT-2_not_detected,LILACSAT-2,train,0.5
client_LILACSAT-2_not_detected_notinskyto7_35,11.5819285030365,8906.25,8323.598130841121,15345.798510385835,1.0,8.71203327178955,-6.628995702496322,191484.375,1.07,0,0,LILACSAT-2_not_detected\notinskyto7\spectrogram35_437200000.txt,240000.0,1024,0,nondetection; mixed; 0.2 dB on track,client_LILACSAT-2_not_detected_notinskyto7,LILACSAT-2_not_detected,LILACSAT-2,train,0.23
client_LILACSAT-2_not_detected_notinskyto7_36,11.406413740158081,31640.625,29570.677570093456,12969.201974243331,1.0,7.728524208068848,-6.6161632867899405,191367.1875,1.07,0,0,LILACSAT-2_not_detected\notinskyto7\spectrogram36_437200000.txt,240000.0,1024,0,nondetection; mixed; 0.7 dB on track,client_LILACSAT-2_not_detected_notinskyto7,LILACSAT-2_not_detected,LILACSAT-2,train,0.67
client_LILACSAT-2_not_detected_notinskyto7_37,11.390709136009216,17812.5,16647.196261682242,12876.068273357729,1.0,7.973220348358154,-6.641794399933687,191250.0,1.07,0,0,LILACSAT-2_not_detected\notinskyto7\spectrogram37_437200000.txt,240000.0,1024,0,nondetection; mixed; 0.4 dB on track,client_LILACSAT-2_not_detected_notinskyto7,LILACSAT-2_not_detected,LILACSAT-2,train,0.37
client_LILACSAT-2_not_detected_notinskyto7_38,11.474113626480102,102656.25,95940.42056074766,17188.28856202494,1.0,8.195672035217285,-6.637268960223743,192890.625,1.07,0,0,LILACSAT-2_not_detected\notinskyto7\spectrogram38_437200000.txt,240000.0,1024,0,nondetection; mixed; 0.2 dB on track,client_LILACSAT-2_not_detected_notinskyto7,LILACSAT-2_not_detected,LILACSAT-2,train,0.25
client_LILACSAT-2_not_detected_notinskyto7_39,11.515665476799011,3281.25,3066.588785046729,16220.517175472685,1.0,8.976386070251465,-6.522744427843523,189609.375,1.07,0,0,LILACSAT-2_not_detected\notinskyto7\spectrogram39_437200000.txt,240000.0,1024,0,nondetection; mixed; 0.5 dB on track,client_LILACSAT-2_not_detected_notinskyto7,LILACSAT-2_not_detected,LILACSAT-2,train,0.51
client_LILACSAT-2_not_detected_notinskyto7_40,11.44630392742157,10078.125,9418.808411214954,17221.87041855176,1.0,8.084542274475098,-6.646067823469966,191484.375,1.07,0,0,LILACSAT-2_not_detected\notinskyto7\spectrogram40_437200000.txt,240000.0,1024,0,nondetection; mixed; 0.3 dB on track,client_LILACSAT-2_not_detected_notinskyto7,LILACSAT-2_not_detected,LILACSAT-2,train,0.27
client_LILACSAT-2_not_detected_notinskyto7_41,11.500749064445495,51328.125,47970.21028037383,14353.757643612758,1.0,7.809261798858643,-6.693174171137735,190898.4375,1.07,0,0,LILACSAT-2_not_detected\notinskyto7\spectrogram41_437200000.txt,240000.0,1024,0,nondetection; mixed; 0.8 dB on track,client_LILACSAT-2_not_detected_notinskyto7,LILACSAT-2_not_detected,LILACSAT-2,train,0.78
client_LILACSAT-2_not_detected_notinskyto7_42,11.509986241340638,234.375,219.04205607476635,12490.945833598757,1.0,8.77587890625,-6.6928544608935825,190664.0625,1.07,0,0,LILACSAT-2_not_detected\notinskyto7\spectrogram42_437200000.txt,240000.0,1024,0,nondetection; mixed; 0.7 dB on track,client_LILACSAT-2_not_detected_notinskyto7,LILACSAT-2_not_detected,LILACSAT-2,train,0.74
client_LILACSAT-2_not_detected_notinskyto7_43,11.446475371360778,59765.625,55855.72429906542,15571.901414771564,1.0,9.00544548034668,-6.652457505926119,191367.1875,1.07,0,0,LILACSAT-2_not_detected\notinskyto7\spectrogram43_437200000.txt,240000.0,1024,0,nondetection; mixed; 0.1 dB on track,client_LILACSAT-2_not_detected_notinskyto7,LILACSAT-2_not_detected,LILACSAT-2,train,0.14
client_LILACSAT-2_not_detected_notinskyto7_44,11.448373116493226,58593.75,54760.51401869159,13447.103458685475,1.0,7.709291458129883,-6.693950827868473,190546.875,1.07,0,0,LILACSAT-2_not_detected\notinskyto7\spectrogram44_437200000.txt,240000.0,1024,0,nondetection; mixed; 0.4 dB on track,client_LILACSAT-2_not_detected_notinskyto7,LILACSAT-2_not_detected,LILACSAT-2,train,0.36
client_LILACSAT-2_not_detected_notinskyto7_45,11.43077638053894,54609.375,51036.79906542056,13709.70432204968,1.0,10.004898071289062,-6.670984713346074,190546.875,1.07,0,0,LILACSAT-2_not_detected\notinskyto7\spectrogram45_437200000.txt,240000.0,1024,0,nondetection; mixed; 0.1 dB on track,client_LILACSAT-2_not_detected_notinskyto7,LILACSAT-2_not_detected,LILACSAT-2,train,0.12
client_LILACSAT-2_not_detected_notinskyto7_46,11.365147723197937,50625.0,47313.08411214953,10538.58470301804,1.0,8.02444839477539,-6.658356344864755,190781.25,1.07,0,0,LILACSAT-2_not_detected\notinskyto7\spectrogram46_437200000.txt,240000.0,1024,0,nondetection; mixed; 0.2 dB on track,client_LILACSAT-2_not_detected_notinskyto7,LILACSAT-2_not_detected,LILACSAT-2,train,0.21
client_LILACSAT-2_not_detected_notinskyto7_47,11.484439266204834,40546.875,37894.27570093458,12751.57585727935,1.0,8.172067642211914,-6.663522870835137,192070.3125,1.07,0,0,LILACSAT-2_not_detected\notinskyto7\spectrogram47_437200000.txt,240000.0,1024,0,nondetection; mixed; 0.5 dB on track,client_LILACSAT-2_not_detected_notinskyto7,LILACSAT-2_not_detected,LILACSAT-2,train,0.46
client_LILACSAT-2_not_detected_notinskyto7_48,11.490838115692139,19218.75,17961.44859813084,12939.938499156375,1.0,8.664297103881836,-6.672250215885517,192421.875,1.07,0,0,LILACSAT-2_not_detected\notinskyto7\spectrogram48_437200000.txt,240000.0,1024,0,nondetection; mixed; 0.4 dB on track,client_LILACSAT-2_not_detected_notinskyto7,LILACSAT-2_not_detected,LILACSAT-2,train,0.37
client_LILACSAT-2_not_detected_notinskyto7_49,11.441011207580566,93750.0,87616.82242990653,14506.128615324324,1.0,8.672439575195312,-6.544294768695963,191601.5625,1.07,0,0,LILACSAT-2_not_detected\notinskyto7\spectrogram49_437200000.txt,240000.0,1024,0,nondetection; mixed; 0.0 dB on track,client_LILACSAT-2_not_detected_notinskyto7,LILACSAT-2_not_detected,LILACSAT-2,train,0.0
client_LILACSAT-2_not_detected_notinskyto7_50,11.475839274406432,24375.0,22780.373831775698,13990.911548748307,1.0,7.956734657287598,-6.594208807846206,190312.5,1.07,0,0,LILACSAT-2_not_detected\notinskyto7\spectrogram50_437200000.txt,240000.0,1024,0,nondetection; mixed; 0.6 dB on track,client_LILACSAT-2_not_detected_notinskyto7,LILACSAT-2_not_detected,LILACSAT-2,train,0.57
client_LILACSAT-2_not_detected_notinskyto7_51,11.50006778717041,7734.375,7228.387850467289,17470.236343143908,1.0,8.894376754760742,-6.658175338116332,191484.375,1.07,0,0,LILACSAT-2_not_detected\notinskyto7\spectrogram51_437200000.txt,240000.0,1024,0,nondetection; mixed; 0.6 dB on track,client_LILACSAT-2_not_detected_notinskyto7,LILACSAT-2_not_detected,LILACSAT-2,train,0.63
client_LILACSAT-2_not_detected_notinskyto7_52,11.42884924030304,937.5,876.1682242990654,13765.275860032203,1.0,8.165733337402344,-6.668625514432732,190664.0625,1.07,0,0,LILACSAT-2_not_detected\notinskyto7\spectrogram52_437200000.txt,240000.0,1024,0,nondetection; mixed; 0.5 dB on track,client_LILACSAT-2_not_detected_notinskyto7,LILACSAT-2_not_detected,LILACSAT-2,train,0.52
client_LILACSAT-2_not_detected_notinskyto7_53,11.480321359634399,1406.25,1314.252336448598,13318.117367025328,1.0,8.950331687927246,-6.644361370775131,192773.4375,1.07,0,0,LILACSAT-2_not_detected\notinskyto7\spectrogram53_437200000.txt,240000.0,1024,0,nondetection; mixed; 0.4 dB on track,client_LILACSAT-2_not_detected_notinskyto7,LILACSAT-2_not_detected,LILACSAT-2,train,0.43
client_LILACSAT-2_not_detected_notinskyto7_54,11.5068110370636,61406.25,57389.01869158878,13010.255076395159,1.0,7.969972610473633,-6.64670522077387,191484.375,1.07,0,0,LILACSAT-2_not_detected\notinskyto7\spectrogram54_437200000.txt,240000.0,1024,0,nondetection; mixed; 0.2 dB on track,client_LILACSAT-2_not_detected_notinskyto7,LILACSAT-2_not_detected,LILACSAT-2,train,0.23
client_LILACSAT-2_not_detected_notinskyto7_55,11.435296401977538,146015.625,136463.20093457942,16024.125689467555,1.0,7.9147443771362305,-6.688298591048657,192304.6875,1.07,0,0,LILACSAT-2_not_detected\notinskyto7\spectrogram55_437200000.txt,240000.0,1024,0,nondetection; mixed; 0.3 dB on track,client_LILACSAT-2_not_detected_notinskyto7,LILACSAT-2_not_detected,LILACSAT-2,train,0.27
client_LILACSAT-2_not_detected_notinskyto7_56,11.479363525390625,47812.5,44684.57943925233,17512.1368550527,1.0,8.672979354858398,-6.687940508984698,192539.0625,1.07,0,0,LILACSAT-2_not_detected\notinskyto7\spectrogram56_437200000.txt,240000.0,1024,0,nondetection; mixed; 0.1 dB on track,client_LILACSAT-2_not_detected_notinskyto7,LILACSAT-2_not_detected,LILACSAT-2,train,0.13
client_LILACSAT-2_not_detected_notinskyto7_57,11.445490244865418,56015.625,52351.051401869154,12193.992984782602,1.0,8.011354446411133,-6.653408876281394,190664.0625,1.07,0,0,LILACSAT-2_not_detected\notinskyto7\spectrogram57_437200000.txt,240000.0,1024,0,nondetection; mixed; 0.6 dB on track,client_LILACSAT-2_not_detected_notinskyto7,LILACSAT-2_not_detected,LILACSAT-2,train,0.56
client_LILACSAT-2_not_detected_notinskyto7_58,11.390452277183533,32812.5,30665.887850467287,12897.625128525287,1.0,8.020051956176758,-6.652290281802598,191718.75,1.07,0,0,LILACSAT-2_not_detected\notinskyto7\spectrogram58_437200000.txt,240000.0,1024,0,nondetection; mixed; 0.3 dB on track,client_LILACSAT-2_not_detected_notinskyto7,LILACSAT-2_not_detected,LILACSAT-2,train,0.31
client_LILACSAT-2_not_detected_notinskyto7_59,11.516716662406921,27656.25,25846.962616822428,16122.533918063291,1.0,8.333080291748047,-6.687184600392547,191015.625,1.07,0,0,LILACSAT-2_not_detected\notinskyto7\spectrogram59_437200000.txt,240000.0,1024,0,nondetection; mixed; 0.4 dB on track,client_LILACSAT-2_not_detected_notinskyto7,LILACSAT-2_not_detected,LILACSAT-2,train,0.37
client_LILACSAT-2_not_detected_notinskyto7_60,11.443452326774597,59531.25,55636.68224299065,14168.564148743546,1.0,8.034977912902832,-6.69735053443849,193359.375,1.07,0,0,LILACSAT-2_not_detected\notinskyto7\spectrogram60_437200000.txt,240000.0,1024,0,nondetection; mixed; 0.3 dB on track,client_LILACSAT-2_not_detected_notinskyto7,LILACSAT-2_not_detected,LILACSAT-2,train,0.26
client_LILACSAT-2_not_detected_notinskyto7_61,11.444591117858886,10312.5,9637.85046728972,13093.970697555014,1.0,9.125468254089355,-6.687139169292945,192890.625,1.07,0,0,LILACSAT-2_not_detected\notinskyto7\spectrogram61_437200000.txt,240000.0,1024,0,nondetection; mixed; 0.2 dB on track,client_LILACSAT-2_not_detected_notinskyto7,LILACSAT-2_not_detected,LILACSAT-2,train,0.23
client_LILACSAT-2_not_detected_notinskyto7_62,11.403132497787476,58593.75,54760.51401869159,14449.166025960098,1.0,8.577902793884277,-6.658426337663739,191250.0,1.07,0,0,LILACSAT-2_not_detected\notinskyto7\spectrogram62_437200000.txt,240000.0,1024,0,nondetection; mixed; 0.3 dB on track,client_LILACSAT-2_not_detected_notinskyto7,LILACSAT-2_not_detected,LILACSAT-2,train,0.34
client_LILACSAT-2_not_detected_notinskyto7_63,11.517214541435242,24140.625,22561.33177570093,13311.113165713985,1.0,7.981926918029785,-6.665562569241276,192304.6875,1.07,0,0,LILACSAT-2_not_detected\notinskyto7\spectrogram63_437200000.txt,240000.0,1024,0,nondetection; mixed; 0.5 dB on track,client_LILACSAT-2_not_detected_notinskyto7,LILACSAT-2_not_detected,LILACSAT-2,train,0.51
client_LILACSAT-2_not_detected_notinskyto7_64,11.429459869384766,4921.875,4599.883177570093,13898.78050129243,1.0,7.9639363288879395,-6.714503632573259,190664.0625,1.07,0,0,LILACSAT-2_not_detected\notinskyto7\spectrogram64_437200000.txt,240000.0,1024,0,nondetection; mixed; 0.1 dB on track,client_LILACSAT-2_not_detected_notinskyto7,LILACSAT-2_not_detected,LILACSAT-2,train,0.12
client_LILACSAT-2_not_detected_notinskyto7_65,11.418168703079223,86484.375,80826.51869158878,11346.343323216292,1.0,8.079007148742676,-6.662782037207102,192187.5,1.07,0,0,LILACSAT-2_not_detected\notinskyto7\spectrogram65_437200000.txt,240000.0,1024,0,nondetection; mixed; 0.3 dB on track,client_LILACSAT-2_not_detected_notinskyto7,LILACSAT-2_not_detected,LILACSAT-2,train,0.35
client_LILACSAT-2_not_detected_notinskyto7_66,11.408534643173217,13828.125,12923.481308411214,14793.418603585722,1.0,7.956098556518555,-6.67064849729232,191367.1875,1.07,0,0,LILACSAT-2_not_detected\notinskyto7\spectrogram66_437200000.txt,240000.0,1024,0,nondetection; mixed; 0.5 dB on track,client_LILACSAT-2_not_detected_notinskyto7,LILACSAT-2_not_detected,LILACSAT-2,train,0.5
client_LILACSAT-2_not_detected_notinskyto7_67,11.486834919929505,54609.375,51036.79906542056,12755.694177048505,1.0,8.113214492797852,-6.696745564533036,191835.9375,1.07,0,0,LILACSAT-2_not_detected\notinskyto7\spectrogram67_437200000.txt,240000.0,1024,0,nondetection; mixed; 0.3 dB on track,client_LILACSAT-2_not_detected_notinskyto7,LILACSAT-2_not_detected,LILACSAT-2,train,0.32
client_LILACSAT-2_not_detected_notinskyto7_68,11.380505339622498,29531.25,27599.29906542056,16926.757147098557,1.0,8.243518829345703,-6.676466995150592,191484.375,1.07,0,0,LILACSAT-2_not_detected\notinskyto7\spectrogram68_437200000.txt,240000.0,1024,0,nondetection; mixed; 0.4 dB on track,client_LILACSAT-2_not_detected_notinskyto7,LILACSAT-2_not_detected,LILACSAT-2,train,0.38
client_LILACSAT-2_not_detected_notinskyto7_69,11.480423632621765,13125.0,12266.355140186915,13130.607780524357,1.0,7.794862747192383,-6.656207721857067,192070.3125,1.07,0,0,LILACSAT-2_not_detected\notinskyto7\spectrogram69_437200000.txt,240000.0,1024,0,nondetection; mixed; 0.5 dB on track,client_LILACSAT-2_not_detected_notinskyto7,LILACSAT-2_not_detected,LILACSAT-2,train,0.46
client_LILACSAT-2_not_detected_notinskyto7_70,11.485144192695618,13828.125,12923.481308411214,15056.30419649347,1.0,8.173174858093262,-6.661680559185377,193476.5625,1.07,0,0,LILACSAT-2_not_detected\notinskyto7\spectrogram70_437200000.txt,240000.0,1024,0,nondetection; mixed; 0.3 dB on track,client_LILACSAT-2_not_detected_notinskyto7,LILACSAT-2_not_detected,LILACSAT-2,train,0.3
client_LILACSAT-2_not_detected_notinskyto7_71,11.456035323143006,21093.75,19713.78504672897,14561.047454672782,1.0,8.38815975189209,-6.678074238001523,191132.8125,1.07,0,0,LILACSAT-2_not_detected\notinskyto7\spectrogram71_437200000.txt,240000.0,1024,0,nondetection; mixed; 0.4 dB on track,client_LILACSAT-2_not_detected_notinskyto7,LILACSAT-2_not_detected,LILACSAT-2,train,0.41
client_LILACSAT-2_not_detected_notinskyto7_72,11.463740669250488,63750.0,59579.439252336444,11998.605628772491,1.0,8.126762390136719,-6.700136745278982,192421.875,1.07,0,0,LILACSAT-2_not_detected\notinskyto7\spectrogram72_437200000.txt,240000.0,1024,0,nondetection; mixed; 0.4 dB on track,client_LILACSAT-2_not_detected_notinskyto7,LILACSAT-2_not_detected,LILACSAT-2,train,0.44
client_LILACSAT-2_not_detected_notinskyto7_73,11.466131087303161,45000.0,42056.07476635514,14924.99626189445,1.0,8.172120094299316,-6.700753762280899,192890.625,1.07,0,0,LILACSAT-2_not_detected\notinskyto7\spectrogram73_437200000.txt,240000.0,1024,0,nondetection; mixed; 0.2 dB on track,client_LILACSAT-2_not_detected_notinskyto7,LILACSAT-2_not_detected,LILACSAT-2,train,0.21
client_LILACSAT-2_not_detected_notinskyto7_74,11.437513591766358,64687.5,60455.60747663551,13894.786739768535,1.0,8.22332763671875,-6.663021234585253,192890.625,1.07,0,0,LILACSAT-2_not_detected\notinskyto7\spectrogram74_437200000.txt,240000.0,1024,0,nondetection; mixed; 0.5 dB on track,client_LILACSAT-2_not_detected_notinskyto7,LILACSAT-2_not_detected,LILACSAT-2,train,0.45
client_LILACSAT-2_not_detected_notinskyto7_75,11.395377160072327,43828.125,40960.86448598131,15599.323987403912,1.0,8.241910934448242,-6.67079589329492,191250.0,1.07,0,0,LILACSAT-2_not_detected\notinskyto7\spectrogram75_437200000.txt,240000.0,1024,0,nondetection; mixed; 0.3 dB on track,client_LILACSAT-2_not_detected_notinskyto7,LILACSAT-2_not_detected,LILACSAT-2,train,0.26
client_LILACSAT-2_not_detected_notinskyto7_76,11.518327262878419,28828.125,26942.17289719626,13632.790850593974,1.0,8.20207691192627,-6.668909853289511,190078.125,1.07,0,0,LILACSAT-2_not_detected\notinskyto7\spectrogram76_437200000.txt,240000.0,1024,0,nondetection; mixed; 0.1 dB on track,client_LILACSAT-2_not_detected_notinskyto7,LILACSAT-2_not_detected,LILACSAT-2,train,0.15
client_LILACSAT-2_not_detected_notinskyto7_77,11.368403925895691,3984.375,3723.7149532710278,13706.202918618475,1.0,7.758025169372559,-6.647010165209498,189609.375,1.07,0,0,LILACSAT-2_not_detected\notinskyto7\spectrogram77_437200000.txt,240000.0,1024,0,nondetection; mixed; 0.4 dB on track,client_LILACSAT-2_not_detected_notinskyto7,LILACSAT-2_not_detected,LILACSAT-2,train,0.37
client_LILACSAT-2_not_detected_notinskyto7_78,11.472970814704896,44062.5,41179.90654205607,11823.0865071457,1.0,7.7619948387146,-6.61891650575675,190664.0625,1.07,0,0,LILACSAT-2_not_detected\notinskyto7\spectrogram78_437200000.txt,240000.0,1024,0,nondetection; mixed; 0.5 dB on track,client_LILACSAT-2_not_detected_notinskyto7,LILACSAT-2_not_detected,LILACSAT-2,train,0.46
client_LILACSAT-2_not_detected_notinskyto7_79,11.43568195438385,29296.875,27380.257009345794,15303.417813350932,1.0,8.244185447692871,-6.623466206032395,191601.5625,1.07,0,0,LILACSAT-2_not_detected\notinskyto7\spectrogram79_437200000.txt,240000.0,1024,0,nondetection; mixed; 0.3 dB on track,client_LILACSAT-2_not_detected_notinskyto7,LILACSAT-2_not_detected,LILACSAT-2,train,0.26
client_LILACSAT-2_not_detected_notinskyto7_80,11.424621835708619,79687.5,74474.29906542055,17994.581903694692,1.0,8.346420288085938,-6.609845157638494,192304.6875,1.07,0,0,LILACSAT-2_not_detected\notinskyto7\spectrogram80_437200000.txt,240000.0,1024,0,nondetection; mixed; 0.5 dB on track,client_LILACSAT-2_not_detected_notinskyto7,LILACSAT-2_not_detected,LILACSAT-2,train,0.48
client_LILACSAT-2_not_detected_notinskyto7_81,11.41557330417633,25312.5,23656.542056074766,12256.732126903318,1.0,8.15737533569336,-6.6315908882236,191835.9375,1.07,0,0,LILACSAT-2_not_detected\notinskyto7\spectrogram81_437200000.txt,240000.0,1024,0,nondetection; mixed; 0.2 dB on track,client_LILACSAT-2_not_detected_notinskyto7,LILACSAT-2_not_detected,LILACSAT-2,train,0.18
client_LILACSAT-2_not_detected_notinskyto7_82,11.468077615737915,59765.625,55855.72429906542,13307.727323542145,1.0,7.78698205947876,-6.565205433454603,190781.25,1.07,0,0,LILACSAT-2_not_detected\notinskyto7\spectrogram82_437200000.txt,240000.0,1024,0,nondetection; mixed; 0.2 dB on track,client_LILACSAT-2_not_detected_notinskyto7,LILACSAT-2_not_detected,LILACSAT-2,train,0.25
client_LILACSAT-2_not_detected_notinskyto7_83,11.531559948921204,43593.75,40741.82242990654,14193.191803307998,1.0,9.016029357910156,-6.113372088654888,189843.75,1.07,0,0,LILACSAT-2_not_detected\notinskyto7\spectrogram83_437200000.txt,240000.0,1024,0,nondetection; mixed; 0.4 dB on track,client_LILACSAT-2_not_detected_notinskyto7,LILACSAT-2_not_detected,LILACSAT-2,train,0.41
client_LILACSAT-2_not_detected_notinskyto7_84,11.460500589370728,93046.875,86959.69626168224,12257.20797091274,1.0,7.882701873779297,-6.619647712738005,191718.75,1.07,0,0,LILACSAT-2_not_detected\notinskyto7\spectrogram84_437200000.txt,240000.0,1024,0,nondetection; mixed; 0.4 dB on track,client_LILACSAT-2_not_detected_notinskyto7,LILACSAT-2_not_detected,LILACSAT-2,train,0.38
client_LILACSAT-2_not_detected_notinskyto7_85,11.470631112098694,34453.125,32199.182242990653,14177.726786078983,1.0,8.549607276916504,-6.634981599301129,192773.4375,1.07,0,0,LILACSAT-2_not_detected\notinskyto7\spectrogram85_437200000.txt,240000.0,1024,0,nondetection; mixed; 0.4 dB on track,client_LILACSAT-2_not_detected_notinskyto7,LILACSAT-2_not_detected,LILACSAT-2,train,0.39
client_LILACSAT-2_not_detected_notinskyto7_86,11.449456873893737,12187.5,11390.186915887849,16554.57598633749,1.0,7.99426794052124,-6.637027723656351,192187.5,1.07,0,0,LILACSAT-2_not_detected\notinskyto7\spectrogram86_437200000.txt,240000.0,1024,0,nondetection; mixed; 0.5 dB on track,client_LILACSAT-2_not_detected_notinskyto7,LILACSAT-2_not_detected,LILACSAT-2,train,0.5
client_LILACSAT-2_not_detected_notinskyto7_87,11.507574418067932,40312.5,37675.233644859814,12741.246593399701,1.0,7.543715953826904,-6.604654951866249,191953.125,1.07,0,0,LILACSAT-2_not_detected\notinskyto7\spectrogram87_437200000.txt,240000.0,1024,0,nondetection; mixed; 0.4 dB on track,client_LILACSAT-2_not_detected_notinskyto7,LILACSAT-2_not_detected,LILACSAT-2,train,0.4
client_LILACSAT-2_not_detected_notinskyto7_88,11.348621544837952,61406.25,57389.01869158878,16470.053439457133,1.0,8.172613143920898,-6.601505739113802,191484.375,1.07,0,0,LILACSAT-2_not_detected\notinskyto7\spectrogram88_437200000.txt,240000.0,1024,0,nondetection; mixed; 0.3 dB on track,client_LILACSAT-2_not_detected_notinskyto7,LILACSAT-2_not_detected,LILACSAT-2,train,0.26
client_LILACSAT-2_not_detected_notinskyto7_89,11.501785914421081,40546.875,37894.27570093458,12681.297754494664,1.0,8.105049133300781,-6.597698316718139,191015.625,1.07,0,0,LILACSAT-2_not_detected\notinskyto7\spectrogram89_437200000.txt,240000.0,1024,0,nondetection; mixed; 0.4 dB on track,client_LILACSAT-2_not_detected_notinskyto7,LILACSAT-2_not_detected,LILACSAT-2,train,0.36
client_LILACSAT-2_not_detected_notinskyto7_90,11.430816821098327,61171.875,57169.97663551402,13393.649406202063,1.0,8.419367790222168,-6.629459625961777,190078.125,1.07,0,0,LILACSAT-2_not_detected\notinskyto7\spectrogram90_437200000.txt,240000.0,1024,0,nondetection; mixed; 0.4 dB on track,client_LILACSAT-2_not_detected_notinskyto7,LILACSAT-2_not_detected,LILACSAT-2,train,0.38
client_LILACSAT-2_not_detected_notinskyto7_91,11.425098895072937,8906.25,8323.598130841121,16354.54821971732,1.0,7.9504570960998535,-6.632782225286467,192187.5,1.07,0,0,LILACSAT-2_not_detected\notinskyto7\spectrogram91_437200000.txt,240000.0,1024,0,nondetection; mixed; 0.2 dB on track,client_LILACSAT-2_not_detected_notinskyto7,LILACSAT-2_not_detected,LILACSAT-2,train,0.18
client_LILACSAT-2_not_detected_notinskyto7_92,11.452633728027344,116484.375,108863.90186915887,12727.697739699,1.0,8.758220672607422,-6.591665207238737,190429.6875,1.07,0,0,LILACSAT-2_not_detected\notinskyto7\spectrogram92_437200000.txt,240000.0,1024,0,nondetection; mixed; 0.2 dB on track,client_LILACSAT-2_not_detected_notinskyto7,LILACSAT-2_not_detected,LILACSAT-2,train,0.15
client_LILACSAT-2_not_detected_notinskyto7_93,11.348029071807861,66796.875,62426.985981308404,13092.577032189924,1.0,7.937964916229248,-6.610663793228801,191250.0,1.07,0,0,LILACSAT-2_not_detected\notinskyto7\spectrogram93_437200000.txt,240000.0,1024,0,nondetection; mixed; 0.3 dB on track,client_LILACSAT-2_not_detected_notinskyto7,LILACSAT-2_not_detected,LILACSAT-2,train,0.3
client_LILACSAT-2_not_detected_notinskyto7_94,11.461709842681884,18515.625,17304.32242990654,12076.869287222027,1.0,8.702597618103027,-6.6325107553565825,192070.3125,1.07,0,0,LILACSAT-2_not_detected\notinskyto7\spectrogram94_437200000.txt,240000.0,1024,0,nondetection; mixed; 0.5 dB on track,client_LILACSAT-2_not_detected_notinskyto7,LILACSAT-2_not_detected,LILACSAT-2,train,0.47
client_LILACSAT-2_not_detected_notinskyto7_95,11.517316502571106,34453.125,32199.182242990653,15826.864905814617,1.0,8.069127082824707,-6.616496189857753,189257.8125,1.07,0,0,LILACSAT-2_not_detected\notinskyto7\spectrogram95_437200000.txt,240000.0,1024,0,nondetection; mixed; 0.2 dB on track,client_LILACSAT-2_not_detected_notinskyto7,LILACSAT-2_not_detected,LILACSAT-2,train,0.19
client_LILACSAT-2_not_detected_notinskyto7_96,11.42891240310669,89531.25,83674.06542056074,15517.71782171407,1.0,8.40105152130127,-6.585788001317214,190781.25,1.07,0,0,LILACSAT-2_not_detected\notinskyto7\spectrogram96_437200000.txt,240000.0,1024,0,nondetection; mixed; 0.3 dB on track,client_LILACSAT-2_not_detected_notinskyto7,LILACSAT-2_not_detected,LILACSAT-2,train,0.33
client_LILACSAT-2_not_detected_notinskyto7_97,11.473196086883545,34218.75,31980.140186915887,11753.022113356232,1.0,8.03451156616211,-6.644204671662277,191015.625,1.07,0,0,LILACSAT-2_not_detected\notinskyto7\spectrogram97_437200000.txt,240000.0,1024,0,nondetection; mixed; 0.5 dB on track,client_LILACSAT-2_not_detected_notinskyto7,LILACSAT-2_not_detected,LILACSAT-2,train,0.51
client_LILACSAT-2_not_detected_notinskyto7_98,11.399971653938293,63750.0,59579.439252336444,13087.319475292301,1.0,7.598363876342773,-6.6359810818753475,191718.75,1.07,0,0,LILACSAT-2_not_detected\notinskyto7\spectrogram98_437200000.txt,240000.0,1024,0,nondetection; mixed; 0.3 dB on track,client_LILACSAT-2_not_detected_notinskyto7,LILACSAT-2_not_detected,LILACSAT-2,train,0.3
client_LILACSAT-2_not_detected_notinskyto7_99,11.384870729446412,75468.75,70531.54205607476,12318.300061296042,1.0,7.941766738891602,-6.6245794378914145,189609.375,1.07,0,0,LILACSAT-2_not_detected\notinskyto7\spectrogram99_437200000.txt,240000.0,1024,0,nondetection; mixed; 0.4 dB on track,client_LILACSAT-2_not_detected_notinskyto7,LILACSAT-2_not_detected,LILACSAT-2,train,0.36
client_LILACSAT-2_not_detected_8tomax_0,11.438035639762878,31406.25,29351.63551401869,13268.896137608233,1.0,8.3679838180542,-6.605028174040506,192070.3125,1.07,0,0,LILACSAT-2_not_detected\8tomax\spectrogram0_437200000.txt,240000.0,1024,0,nondetection; above; 0.4 dB on track,client_LILACSAT-2_not_detected_8tomax,LILACSAT-2_not_detected,LILACSAT-2,train,0.4
client_LILACSAT-2_not_detected_8tomax_1,11.474986296653748,23203.125,21685.163551401867,14135.865650878415,1.0,8.75403881072998,-6.576761834907135,191250.0,1.07,0,0,LILACSAT-2_not_detected\8tomax\spectrogram1_437200000.txt,240000.0,1024,0,nondetection; above; 0.8 dB on track,client_LILACSAT-2_not_detected_8tomax,LILACSAT-2_not_detected,LILACSAT-2,train,0.78
client_LILACSAT-2_not_detected_8tomax_2,11.488131008148194,3281.25,3066.588785046729,14693.991388250064,1.0,8.140242576599121,-6.5507838729590855,191835.9375,1.07,0,0,LILACSAT-2_not_detected\8tomax\spectrogram2_437200000.txt,240000.0,1024,0,nondetection; above; 0.5 dB on track,client_LILACSAT-2_not_detected_8tomax,LILACSAT-2_not_detected,LILACSAT-2,train,0.45
client_LILACSAT-2_not_detected_8tomax_3,11.423457225799561,8671.875,8104.556074766355,13873.013518288888,1.0,8.578155517578125,-6.563749826087133,190195.3125,1.07,0,0,LILACSAT-2_not_detected\8tomax\spectrogram3_437200000.txt,240000.0,1024,0,nondetection; above; 0.3 dB on track,client_LILACSAT-2_not_detected_8tomax,LILACSAT-2_not_detected,LILACSAT-2,train,0.33
client_LILACSAT-2_not_detected_8tomax_4,11.394739263534547,1875.0,1752.3364485981308,13737.102975993103,1.0,8.143918991088867,-6.5746532779796105,190664.0625,1.07,0,0,LILACSAT-2_not_detected\8tomax\spectrogram4_437200000.txt,240000.0,1024,0,nondetection; above; 0.5 dB on track,client_LILACSAT-2_not_detected_8tomax,LILACSAT-2_not_detected,LILACSAT-2,train,0.49
client_LILACSAT-2_not_detected_8tomax_5,11.45369782924652,48046.875,44903.6214953271,13556.032668386651,1.0,8.19427490234375,-6.542338926716457,190078.125,1.07,0,0,LILACSAT-2_not_detected\8tomax\spectrogram5_437200000.txt,240000.0,1024,0,nondetection; above; 0.3 dB on track,client_LILACSAT-2_not_detected_8tomax,LILACSAT-2_not_detected,LILACSAT-2,train,0.34
client_LILACSAT-2_not_detected_8tomax_6,11.460600009918213,41484.375,38770.443925233645,13269.85453658009,1.0,7.925010681152344,-6.6230705218188,192304.6875,1.07,0,0,LILACSAT-2_not_detected\8tomax\spectrogram6_437200000.txt,240000.0,1024,0,nondetection; above; 0.0 dB on track,client_LILACSAT-2_not_detected_8tomax,LILACSAT-2_not_detected,LILACSAT-2,train,0.04
client_LILACSAT-2_not_detected_8tomax_7,11.49306409072876,46406.25,43370.327102803734,14393.924523938756,1.0,8.252372741699219,-6.5694399503205405,190078.125,1.07,0,0,LILACSAT-2_not_detected\8tomax\spectrogram7_437200000.txt,240000.0,1024,0,nondetection; above; 0.3 dB on track,client_LILACSAT-2_not_detected_8tomax,LILACSAT-2_not_detected,LILACSAT-2,train,0.25
client_LILACSAT-2_not_detected_8tomax_8,11.448747743606567,41718.75,38989.48598130841,14258.553926970299,1.0,9.160408020019531,-6.659800689021776,191718.75,1.07,0,0,LILACSAT-2_not_detected\8tomax\spectrogram8_437200000.txt,240000.0,1024,0,nondetection; above; 0.1 dB on track,client_LILACSAT-2_not_detected_8tomax,LILACSAT-2_not_detected,LILACSAT-2,train,0.15
client_LILACSAT-2_not_detected_8tomax_9,11.489871693611144,2812.5,2628.504672897196,12914.787917277616,1.0,7.763609409332275,-6.646962268115016,192187.5,1.07,0,0,LILACSAT-2_not_detected\8tomax\spectrogram9_437200000.txt,240000.0,1024,0,nondetection; above; 0.7 dB on track,client_LILACSAT-2_not_detected_8tomax,LILACSAT-2_not_detected,LILACSAT-2,train,0.7
client_LILACSAT-2_not_detected_8tomax_10,11.514007716178893,1171.875,1095.2102803738317,13112.630819698903,1.0,8.198469161987305,-6.650352155499174,191250.0,1.07,0,0,LILACSAT-2_not_detected\8tomax\spectrogram10_437200000.txt,240000.0,1024,0,nondetection; above; 0.3 dB on track,client_LILACSAT-2_not_detected_8tomax,LILACSAT-2_not_detected,LILACSAT-2,train,0.34
client_LILACSAT-2_not_detected_8tomax_11,11.435514347076417,16406.25,15332.943925233643,15650.109163848218,1.0,8.646184921264648,-6.657590394262928,191835.9375,1.07,0,0,LILACSAT-2_not_detected\8tomax\spectrogram11_437200000.txt,240000.0,1024,0,nondetection; above; 0.2 dB on track,client_LILACSAT-2_not_detected_8tomax,LILACSAT-2_not_detected,LILACSAT-2,train,0.22
client_LILACSAT-2_not_detected_8tomax_12,11.51801468849182,78984.375,73817.17289719626,14743.330812866478,1.0,8.24514102935791,-6.654564687592659,191718.75,1.07,0,0,LILACSAT-2_not_detected\8tomax\spectrogram12_437200000.txt,240000.0,1024,0,nondetection; above; 0.1 dB on track,client_LILACSAT-2_not_detected_8tomax,LILACSAT-2_not_detected,LILACSAT-2,train,0.11
client_LILACSAT-2_not_detected_8tomax_13,11.441248867034911,46171.875,43151.28504672897,13539.381732518947,1.0,8.379386901855469,-6.633580654251949,192656.25,1.07,0,0,LILACSAT-2_not_detected\8tomax\spectrogram13_437200000.txt,240000.0,1024,0,nondetection; above; 0.1 dB on track,client_LILACSAT-2_not_detected_8tomax,LILACSAT-2_not_detected,LILACSAT-2,train,0.11
client_LILACSAT-2_not_detected_8tomax_14,11.456013502120971,32343.75,30227.803738317754,14099.126483912689,1.0,8.583174705505371,-6.6378684800631245,193242.1875,1.07,0,0,LILACSAT-2_not_detected\8tomax\spectrogram14_437200000.txt,240000.0,1024,0,nondetection; above; 0.2 dB on track,client_LILACSAT-2_not_detected_8tomax,LILACSAT-2_not_detected,LILACSAT-2,train,0.16
client_LILACSAT-2_not_detected_8tomax_15,11.447434883117676,25546.875,23875.584112149532,13663.02654557854,1.0,8.088286399841309,-6.665559535078238,191953.125,1.07,0,0,LILACSAT-2_not_detected\8tomax\spectrogram15_437200000.txt,240000.0,1024,0,nondetection; above; 0.4 dB on track,client_LILACSAT-2_not_detected_8tomax,LILACSAT-2_not_detected,LILACSAT-2,train,0.42
client_LILACSAT-2_not_detected_8tomax_16,11.419239396095277,1640.625,1533.2943925233644,13588.822097128153,1.0,8.979355812072754,-6.630970188887677,190664.0625,1.07,0,0,LILACSAT-2_not_detected\8tomax\spectrogram16_437200000.txt,240000.0,1024,0,nondetection; above; 0.1 dB on track,client_LILACSAT-2_not_detected_8tomax,LILACSAT-2_not_detected,LILACSAT-2,train,0.15
client_LILACSAT-2_not_detected_8tomax_17,11.489397763252258,68203.125,63741.23831775701,12224.162480567406,1.0,8.319459915161133,-6.636546983488949,193007.8125,1.07,0,0,LILACSAT-2_not_detected\8tomax\spectrogram17_437200000.txt,240000.0,1024,0,nondetection; above; 0.6 dB on track,client_LILACSAT-2_not_detected_8tomax,LILACSAT-2_not_detected,LILACSAT-2,train,0.63
client_LILACSAT-2_not_detected_8tomax_18,11.50721297264099,47109.375,44027.45327102803,11577.049421216965,1.0,8.356034278869629,-6.650998611438385,193359.375,1.07,0,0,LILACSAT-2_not_detected\8tomax\spectrogram18_437200000.txt,240000.0,1024,0,nondetection; above; 0.4 dB on track,client_LILACSAT-2_not_detected_8tomax,LILACSAT-2_not_detected,LILACSAT-2,train,0.44
client_LILACSAT-2_not_detected_8tomax_19,11.403377024650574,31171.875,29132.593457943924,13052.20271108329,1.0,7.930959224700928,-6.638178018227455,191953.125,1.07,0,0,LILACSAT-2_not_detected\8tomax\spectrogram19_437200000.txt,240000.0,1024,0,nondetection; above; 0.1 dB on track,client_LILACSAT-2_not_detected_8tomax,LILACSAT-2_not_detected,LILACSAT-2,train,0.08
client_LILACSAT-2_not_detected_8tomax_20,11.48737142276764,15234.375,14237.733644859813,11482.694355147134,1.0,8.601158142089844,-6.657546890070811,191015.625,1.07,0,0,LILACSAT-2_not_detected\8tomax\spectrogram20_437200000.txt,240000.0,1024,0,nondetection; above; 0.4 dB on track,client_LILACSAT-2_not_detected_8tomax,LILACSAT-2_not_detected,LILACSAT-2,train,0.39
client_LILACSAT-2_not_detected_8tomax_21,11.457794686317444,56953.125,53227.21962616822,13708.247031472796,1.0,8.42232608795166,-6.608292452928156,190312.5,1.07,0,0,LILACSAT-2_not_detected\8tomax\spectrogram21_437200000.txt,240000.0,1024,0,nondetection; above; 0.3 dB on track,client_LILACSAT-2_not_detected_8tomax,LILACSAT-2_not_detected,LILACSAT-2,train,0.3
client_LILACSAT-2_not_detected_8tomax_22,11.524747184753418,41953.125,39208.52803738318,15448.45899917452,1.0,9.688185691833496,-5.824619421892068,190546.875,1.07,0,0,LILACSAT-2_not_detected\8tomax\spectrogram22_437200000.txt,240000.0,1024,0,nondetection; above; 0.7 dB on track,client_LILACSAT-2_not_detected_8tomax,LILACSAT-2_not_detected,LILACSAT-2,train,0.67
client_LILACSAT-2_not_detected_8tomax_23,11.512942898750305,47343.75,44246.4953271028,15710.703365106134,1.0,8.697684288024902,-5.966793439802501,189609.375,1.07,0,0,LILACSAT-2_not_detected\8tomax\spectrogram23_437200000.txt,240000.0,1024,0,nondetection; above; 0.2 dB on track,client_LILACSAT-2_not_detected_8tomax,LILACSAT-2_not_detected,LILACSAT-2,train,0.18
client_LILACSAT-2_not_detected_8tomax_24,11.531936480522155,11718.75,10952.102803738317,11532.02096825788,1.0,9.634864807128906,-6.275589299048323,191953.125,1.07,0,0,LILACSAT-2_not_detected\8tomax\spectrogram24_437200000.txt,240000.0,1024,0,nondetection; above; 0.2 dB on track,client_LILACSAT-2_not_detected_8tomax,LILACSAT-2_not_detected,LILACSAT-2,train,0.17
client_LILACSAT-2_not_detected_8tomax_25,11.485557971954346,40781.25,38113.31775700935,15043.341539666731,1.0,8.92082691192627,-6.326743908568367,190898.4375,1.07,0,0,LILACSAT-2_not_detected\8tomax\spectrogram25_437200000.txt,240000.0,1024,0,nondetection; above; 0.5 dB on track,client_LILACSAT-2_not_detected_8tomax,LILACSAT-2_not_detected,LILACSAT-2,train,0.46
client_LILACSAT-2_not_detected_8tomax_26,11.564564372062684,30234.375,28256.42523364486,15174.880706454738,1.0,8.58377742767334,-6.301174327845747,191953.125,1.07,0,0,LILACSAT-2_not_detected\8tomax\spectrogram26_437200000.txt,240000.0,1024,0,nondetection; above; 0.7 dB on track,client_LILACSAT-2_not_detected_8tomax,LILACSAT-2_not_detected,LILACSAT-2,train,0.74
client_LILACSAT-2_not_detected_8tomax_27,11.473575981140137,22031.25,20589.953271028036,14509.223751541515,1.0,9.395760536193848,-6.20854645453001,190546.875,1.07,0,0,LILACSAT-2_not_detected\8tomax\spectrogram27_437200000.txt,240000.0,1024,0,nondetection; above; 0.2 dB on track,client_LILACSAT-2_not_detected_8tomax,LILACSAT-2_not_detected,LILACSAT-2,train,0.24
client_LILACSAT-2_not_detected_8tomax_28,11.537880165100098,39843.75,37237.149532710275,14410.187378127324,1.0,8.432373046875,-6.257165636020872,191015.625,1.07,0,0,LILACSAT-2_not_detected\8tomax\spectrogram28_437200000.txt,240000.0,1024,0,nondetection; above; 0.3 dB on track,client_LILACSAT-2_not_detected_8tomax,LILACSAT-2_not_detected,LILACSAT-2,train,0.26
client_LILACSAT-2_not_detected_8tomax_29,11.485017631530761,97500.0,91121.49532710279,13512.583196211583,1.0,8.282218933105469,-6.220242464616156,189140.625,1.07,0,0,LILACSAT-2_not_detected\8tomax\spectrogram29_437200000.txt,240000.0,1024,0,nondetection; above; 0.7 dB on track,client_LILACSAT-2_not_detected_8tomax,LILACSAT-2_not_detected,LILACSAT-2,train,0.66
client_LILACSAT-2_not_detected_8tomax_30,11.443075651168824,41718.75,38989.48598130841,15262.570604979352,1.0,8.377578735351562,-6.217914895110399,190664.0625,1.07,0,0,LILACSAT-2_not_detected\8tomax\spectrogram30_437200000.txt,240000.0,1024,0,nondetection; above; 0.0 dB on track,client_LILACSAT-2_not_detected_8tomax,LILACSAT-2_not_detected,LILACSAT-2,train,0.05
client_LILACSAT-2_not_detected_8tomax_31,11.534717984199524,20625.0,19275.70093457944,13057.820924852265,1.0,8.34481430053711,-6.182821643187351,190898.4375,1.07,0,0,LILACSAT-2_not_detected\8tomax\spectrogram31_437200000.txt,240000.0,1024,0,nondetection; above; 0.1 dB on track,client_LILACSAT-2_not_detected_8tomax,LILACSAT-2_not_detected,LILACSAT-2,train,0.11
client_LILACSAT-2_not_detected_8tomax_32,11.486894258499145,46406.25,43370.327102803734,11815.363733978189,1.0,8.990052223205566,-6.172159750484103,190546.875,1.07,0,0,LILACSAT-2_not_detected\8tomax\spectrogram32_437200000.txt,240000.0,1024,0,nondetection; above; 0.7 dB on track,client_LILACSAT-2_not_detected_8tomax,LILACSAT-2_not_detected,LILACSAT-2,train,0.66
client_LILACSAT-2_not_detected_8tomax_33,11.579053241729737,22968.75,21466.1214953271,13514.26822932193,1.0,8.783493041992188,-6.073524760828142,188437.5,1.07,0,0,LILACSAT-2_not_detected\8tomax\spectrogram33_437200000.txt,240000.0,1024,0,nondetection; above; 0.7 dB on track,client_LILACSAT-2_not_detected_8tomax,LILACSAT-2_not_detected,LILACSAT-2,train,0.72
client_LILACSAT-2_not_detected_8tomax_34,11.518603256225585,33515.625,31323.01401869159,15035.262429914294,1.0,9.766321182250977,-6.293290562079894,190078.125,1.07,0,0,LILACSAT-2_not_detected\8tomax\spectrogram34_437200000.txt,240000.0,1024,0,nondetection; above; 0.5 dB on track,client_LILACSAT-2_not_detected_8tomax,LILACSAT-2_not_detected,LILACSAT-2,train,0.52
client_LILACSAT-2_not_detected_8tomax_35,11.44466942024231,26484.375,24751.752336448597,12955.977538321817,1.0,8.296730995178223,-6.287855286927529,191015.625,1.07,0,0,LILACSAT-2_not_detected\8tomax\spectrogram35_437200000.txt,240000.0,1024,0,nondetection; above; 0.1 dB on track,client_LILACSAT-2_not_detected_8tomax,LILACSAT-2_not_detected,LILACSAT-2,train,0.12
client_LILACSAT-2_not_detected_8tomax_36,11.48167303085327,22968.75,21466.1214953271,16914.274531465784,1.0,9.152022361755371,-6.261402149607335,192421.875,1.07,0,0,LILACSAT-2_not_detected\8tomax\spectrogram36_437200000.txt,240000.0,1024,0,nondetection; above; 0.4 dB on track,client_LILACSAT-2_not_detected_8tomax,LILACSAT-2_not_detected,LILACSAT-2,train,0.45
client_LILACSAT-2_not_detected_8tomax_37,11.475219601631165,121406.25,113463.78504672897,12554.589421563276,1.0,8.282331466674805,-6.322993594770297,190312.5,1.07,0,0,LILACSAT-2_not_detected\8tomax\spectrogram37_437200000.txt,240000.0,1024,0,nondetection; above; 0.4 dB on track,client_LILACSAT-2_not_detected_8tomax,LILACSAT-2_not_detected,LILACSAT-2,train,0.43
client_LILACSAT-2_not_detected_8tomax_38,11.464658133506775,11250.0,10514.018691588784,11693.994437604362,1.0,8.388055801391602,-6.436878430740488,189960.9375,1.07,0,0,LILACSAT-2_not_detected\8tomax\spectrogram38_437200000.txt,240000.0,1024,0,nondetection; above; 0.2 dB on track,client_LILACSAT-2_not_detected_8tomax,LILACSAT-2_not_detected,LILACSAT-2,train,0.2
client_LILACSAT-2_not_detected_8tomax_39,11.48747025489807,7968.75,7447.4299065420555,16547.6597073393,1.0,8.00718879699707,-6.509806778453909,191718.75,1.07,0,0,LILACSAT-2_not_detected\8tomax\spectrogram39_437200000.txt,240000.0,1024,0,nondetection; above; 0.3 dB on track,client_LILACSAT-2_not_detected_8tomax,LILACSAT-2_not_detected,LILACSAT-2,train,0.28
client_LILACSAT-2_not_detected_8tomax_40,11.388644304275513,3515.625,3285.630841121495,13955.447953039482,1.0,8.25439167022705,-6.51053007111823,191601.5625,1.07,0,0,LILACSAT-2_not_detected\8tomax\spectrogram40_437200000.txt,240000.0,1024,0,nondetection; above; 0.2 dB on track,client_LILACSAT-2_not_detected_8tomax,LILACSAT-2_not_detected,LILACSAT-2,train,0.19
client_LILACSAT-2_not_detected_8tomax_41,11.46609739112854,80390.625,75131.42523364486,15902.72185768805,1.0,8.167696952819824,-6.590541894751559,191718.75,1.07,0,0,LILACSAT-2_not_detected\8tomax\spectrogram41_437200000.txt,240000.0,1024,0,nondetection; above; 0.3 dB on track,client_LILACSAT-2_not_detected_8tomax,LILACSAT-2_not_detected,LILACSAT-2,train,0.34
client_LILACSAT-2_not_detected_8tomax_42,11.48260786151886,36328.125,33951.51869158878,16424.584433580672,1.0,8.234413146972656,-6.590448934221114,191015.625,1.07,0,0,LILACSAT-2_not_detected\8tomax\spectrogram42_437200000.txt,240000.0,1024,0,nondetection; above; 0.5 dB on track,client_LILACSAT-2_not_detected_8tomax,LILACSAT-2_not_detected,LILACSAT-2,train,0.53
client_LILACSAT-2_not_detected_8tomax_43,11.469759849548339,703.125,657.126168224299,14712.714503022662,1.0,8.196131706237793,-6.580376901359538,190546.875,1.07,0,0,LILACSAT-2_not_detected\8tomax\spectrogram43_437200000.txt,240000.0,1024,0,nondetection; above; 0.2 dB on track,client_LILACSAT-2_not_detected_8tomax,LILACSAT-2_not_detected,LILACSAT-2,train,0.16
client_LILACSAT-2_not_detected_8tomax_44,11.341651126861573,16406.25,15332.943925233643,14703.65024816921,1.0,8.637548446655273,-6.595873040663896,191367.1875,1.07,0,0,LILACSAT-2_not_detected\8tomax\spectrogram44_437200000.txt,240000.0,1024,0,nondetection; above; 0.4 dB on track,client_LILACSAT-2_not_detected_8tomax,LILACSAT-2_not_detected,LILACSAT-2,train,0.43
client_LILACSAT-2_not_detected_8tomax_45,11.468690822124481,25312.5,23656.542056074766,14473.95638828795,1.0,8.256434440612793,-6.550012739536483,190898.4375,1.07,0,0,LILACSAT-2_not_detected\8tomax\spectrogram45_437200000.txt,240000.0,1024,0,nondetection; above; 0.3 dB on track,client_LILACSAT-2_not_detected_8tomax,LILACSAT-2_not_detected,LILACSAT-2,train,0.35
client_LILACSAT-2_not_detected_8tomax_46,11.388684016227723,38906.25,36360.98130841121,13236.631065616506,1.0,8.149742126464844,-6.57811791718844,190429.6875,1.07,0,0,LILACSAT-2_not_detected\8tomax\spectrogram46_437200000.txt,240000.0,1024,0,nondetection; above; 0.3 dB on track,client_LILACSAT-2_not_detected_8tomax,LILACSAT-2_not_detected,LILACSAT-2,train,0.33
client_LILACSAT-2_not_detected_8tomax_47,11.449361894607543,101953.125,95283.29439252336,15586.976468004754,1.0,8.674327850341797,-6.607046905361296,190781.25,1.07,0,0,LILACSAT-2_not_detected\8tomax\spectrogram47_437200000.txt,240000.0,1024,0,nondetection; above; 0.3 dB on track,client_LILACSAT-2_not_detected_8tomax,LILACSAT-2_not_detected,LILACSAT-2,train,0.28
client_LILACSAT-2_not_detected_8tomax_48,11.493266823768616,44296.875,41398.94859813084,14579.86806850896,1.0,8.15401554107666,-6.565973860990295,191718.75,1.07,0,0,LILACSAT-2_not_detected\8tomax\spectrogram48_437200000.txt,240000.0,1024,0,nondetection; above; 0.4 dB on track,client_LILACSAT-2_not_detected_8tomax,LILACSAT-2_not_detected,LILACSAT-2,train,0.37
client_LILACSAT-2_not_detected_8tomax_49,11.491139890670777,81562.5,76226.6355140187,16292.051172759024,1.0,7.840031147003174,-6.592703546933051,191953.125,1.07,0,0,LILACSAT-2_not_detected\8tomax\spectrogram49_437200000.txt,240000.0,1024,0,nondetection; above; 0.1 dB on track,client_LILACSAT-2_not_detected_8tomax,LILACSAT-2_not_detected,LILACSAT-2,train,0.11
client_LILACSAT-2_not_detected_8tomax_50,11.377077297210693,17578.125,16428.154205607476,13979.631662880667,1.0,8.215770721435547,-6.565791278241883,192070.3125,1.07,0,0,LILACSAT-2_not_detected\8tomax\spectrogram50_437200000.txt,240000.0,1024,0,nondetection; above; 0.5 dB on track,client_LILACSAT-2_not_detected_8tomax,LILACSAT-2_not_detected,LILACSAT-2,train,0.49
client_LILACSAT-2_not_detected_8tomax_51,11.457243357658387,13359.375,12485.397196261682,11744.81243249829,1.0,8.050849914550781,-6.578164133146691,191132.8125,1.07,0,0,LILACSAT-2_not_detected\8tomax\spectrogram51_437200000.txt,240000.0,1024,0,nondetection; above; 0.6 dB on track,client_LILACSAT-2_not_detected_8tomax,LILACSAT-2_not_detected,LILACSAT-2,train,0.58
client_LILACSAT-2_not_detected_8tomax_52,11.453547308921815,53906.25,50379.67289719626,14989.742220143382,1.0,9.729301452636719,-6.575158796462214,190781.25,1.07,0,0,LILACSAT-2_not_detected\8tomax\spectrogram52_437200000.txt,240000.0,1024,0,nondetection; above; 0.6 dB on track,client_LILACSAT-2_not_detected_8tomax,LILACSAT-2_not_detected,LILACSAT-2,train,0.64
client_LILACSAT-2_not_detected_8tomax_53,11.517312655448913,21093.75,19713.78504672897,14083.642724046507,1.0,8.072440147399902,-6.558803770211093,191718.75,1.07,0,0,LILACSAT-2_not_detected\8tomax\spectrogram53_437200000.txt,240000.0,1024,0,nondetection; above; 0.2 dB on track,client_LILACSAT-2_not_detected_8tomax,LILACSAT-2_not_detected,LILACSAT-2,train,0.2
client_LILACSAT-2_not_detected_8tomax_54,11.482239631652831,41250.0,38551.40186915888,12245.337434973406,1.0,9.097057342529297,-6.630511829448748,193007.8125,1.07,0,0,LILACSAT-2_not_detected\8tomax\spectrogram54_437200000.txt,240000.0,1024,0,nondetection; above; 0.4 dB on track,client_LILACSAT-2_not_detected_8tomax,LILACSAT-2_not_detected,LILACSAT-2,train,0.39
client_LILACSAT-2_not_detected_8tomax_55,11.50366241645813,3984.375,3723.7149532710278,13459.26149609037,1.0,7.958480358123779,-6.576465221117326,190546.875,1.07,0,0,LILACSAT-2_not_detected\8tomax\spectrogram55_437200000.txt,240000.0,1024,0,nondetection; above; 0.3 dB on track,client_LILACSAT-2_not_detected_8tomax,LILACSAT-2_not_detected,LILACSAT-2,train,0.32
client_LILACSAT-2_not_detected_8tomax_56,11.471925212860107,51562.5,48189.2523364486,15000.55608975126,1.0,8.108421325683594,-6.485748263752272,191484.375,1.07,0,0,LILACSAT-2_not_detected\8tomax\spectrogram56_437200000.txt,240000.0,1024,0,nondetection; above; 0.4 dB on track,client_LILACSAT-2_not_detected_8tomax,LILACSAT-2_not_detected,LILACSAT-2,train,0.43
client_LILACSAT-2_not_detected_8tomax_57,11.571556667327881,234.375,219.04205607476635,13433.381301188057,1.0,8.383930206298828,-6.55573553916971,190781.25,1.07,0,0,LILACSAT-2_not_detected\8tomax\spectrogram57_437200000.txt,240000.0,1024,0,nondetection; above; 0.6 dB on track,client_LILACSAT-2_not_detected_8tomax,LILACSAT-2_not_detected,LILACSAT-2,train,0.64
client_LILACSAT-2_not_detected_8tomax_58,11.478063794136048,15000.0,14018.691588785046,13830.410571217417,1.0,8.321063995361328,-6.5547542227135365,191250.0,1.07,0,0,LILACSAT-2_not_detected\8tomax\spectrogram58_437200000.txt,240000.0,1024,0,nondetection; above; 0.0 dB on track,client_LILACSAT-2_not_detected_8tomax,LILACSAT-2_not_detected,LILACSAT-2,train,0.0
client_LILACSAT-2_not_detected_8tomax_59,11.501732836723328,27187.5,25408.878504672895,16646.755084833585,1.0,7.957109451293945,-6.5972688957318075,191718.75,1.07,0,0,LILACSAT-2_not_detected\8tomax\spectrogram59_437200000.txt,240000.0,1024,0,nondetection; above; 0.1 dB on track,client_LILACSAT-2_not_detected_8tomax,LILACSAT-2_not_detected,LILACSAT-2,train,0.09
client_LILACSAT-2_not_detected_8tomax_60,11.440909404754638,61640.625,57608.06074766355,15450.550150861207,1.0,8.081034660339355,-6.5593457597761375,190546.875,1.07,0,0,LILACSAT-2_not_detected\8tomax\spectrogram60_437200000.txt,240000.0,1024,0,nondetection; above; 0.4 dB on track,client_LILACSAT-2_not_detected_8tomax,LILACSAT-2_not_detected,LILACSAT-2,train,0.38
client_LILACSAT-2_not_detected_8tomax_61,11.44103189754486,51562.5,48189.2523364486,15797.506099261884,1.0,7.702177047729492,-6.567223668759856,191484.375,1.07,0,0,LILACSAT-2_not_detected\8tomax\spectrogram61_437200000.txt,240000.0,1024,0,nondetection; above; 0.5 dB on track,client_LILACSAT-2_not_detected_8tomax,LILACSAT-2_not_detected,LILACSAT-2,train,0.48
client_LILACSAT-2_not_detected_8tomax_62,11.456930072784424,12421.875,11609.228971962617,12209.488740964684,1.0,8.275666236877441,-6.518454422963214,191367.1875,1.07,0,0,LILACSAT-2_not_detected\8tomax\spectrogram62_437200000.txt,240000.0,1024,0,nondetection; above; 0.1 dB on track,client_LILACSAT-2_not_detected_8tomax,LILACSAT-2_not_detected,LILACSAT-2,train,0.06
client_LILACSAT-2_not_detected_8tomax_63,11.460901892662049,16171.875,15113.901869158877,13202.692341134012,1.0,7.857633113861084,-6.603776928406672,191015.625,1.07,0,0,LILACSAT-2_not_detected\8tomax\spectrogram63_437200000.txt,240000.0,1024,0,nondetection; above; 0.0 dB on track,client_LILACSAT-2_not_detected_8tomax,LILACSAT-2_not_detected,LILACSAT-2,train,0.01
client_LILACSAT-2_not_detected_8tomax_64,11.501481662750244,78046.875,72941.0046728972,16261.501510207087,1.0,9.216291427612305,-6.568994047998846,191132.8125,1.07,0,0,LILACSAT-2_not_detected\8tomax\spectrogram64_437200000.txt,240000.0,1024,0,nondetection; above; 0.4 dB on track,client_LILACSAT-2_not_detected_8tomax,LILACSAT-2_not_detected,LILACSAT-2,train,0.43
client_LILACSAT-2_not_detected_8tomax_65,11.474524201393127,62109.375,58046.14485981308,15570.648399217316,1.0,9.442699432373047,-6.6065606013185105,191250.0,1.07,0,0,LILACSAT-2_not_detected\8tomax\spectrogram65_437200000.txt,240000.0,1024,0,nondetection; above; 0.4 dB on track,client_LILACSAT-2_not_detected_8tomax,LILACSAT-2_not_detected,LILACSAT-2,train,0.44
client_LILACSAT-2_not_detected_8tomax_66,11.455828926086426,59296.875,55417.64018691589,15223.99536160283,1.0,8.378278732299805,-6.610417709131317,191484.375,1.07,0,0,LILACSAT-2_not_detected\8tomax\spectrogram66_437200000.txt,240000.0,1024,0,nondetection; above; 0.3 dB on track,client_LILACSAT-2_not_detected_8tomax,LILACSAT-2_not_detected,LILACSAT-2,train,0.33
client_LILACSAT-2_not_detected_8tomax_67,11.528807935714722,3750.0,3504.6728971962616,14557.05852095524,1.0,8.171283721923828,-6.601776262065345,191250.0,1.07,0,0,LILACSAT-2_not_detected\8tomax\spectrogram67_437200000.txt,240000.0,1024,0,nondetection; above; 0.2 dB on track,client_LILACSAT-2_not_detected_8tomax,LILACSAT-2_not_detected,LILACSAT-2,train,0.23
client_LILACSAT-2_not_detected_8tomax_68,11.441182841300964,8437.5,7885.514018691589,16090.309869502615,1.0,8.117497444152832,-6.58458650952913,191250.0,1.07,0,0,LILACSAT-2_not_detected\8tomax\spectrogram68_437200000.txt,240000.0,1024,0,nondetection; above; 0.3 dB on track,client_LILACSAT-2_not_detected_8tomax,LILACSAT-2_not_detected,LILACSAT-2,train,0.3
client_LILACSAT-2_not_detected_8tomax_69,11.434772583961486,55781.25,52132.00934579439,14403.990230664123,1.0,8.239751815795898,-6.62014757782716,191718.75,1.07,0,0,LILACSAT-2_not_detected\8tomax\spectrogram69_437200000.txt,240000.0,1024,0,nondetection; above; 0.4 dB on track,client_LILACSAT-2_not_detected_8tomax,LILACSAT-2_not_detected,LILACSAT-2,train,0.37
client_LILACSAT-2_not_detected_8tomax_70,11.399779132843017,1640.625,1533.2943925233644,12977.559770937556,1.0,8.25460433959961,-6.617620451099855,191601.5625,1.07,0,0,LILACSAT-2_not_detected\8tomax\spectrogram70_437200000.txt,240000.0,1024,0,nondetection; above; 0.1 dB on track,client_LILACSAT-2_not_detected_8tomax,LILACSAT-2_not_detected,LILACSAT-2,train,0.12
client_LILACSAT-2_not_detected_8tomax_71,11.450431016921996,8437.5,7885.514018691589,12782.523479524501,1.0,8.914999961853027,-6.4576516357669655,191835.9375,1.07,0,0,LILACSAT-2_not_detected\8tomax\spectrogram71_437200000.txt,240000.0,1024,0,nondetection; above; 0.4 dB on track,client_LILACSAT-2_not_detected_8tomax,LILACSAT-2_not_detected,LILACSAT-2,train,0.37
client_LILACSAT-2_not_detected_8tomax_72,11.471155029296876,7500.0,7009.345794392523,13018.11686142192,1.0,9.04864501953125,-6.477524076581557,192187.5,1.07,0,0,LILACSAT-2_not_detected\8tomax\spectrogram72_437200000.txt,240000.0,1024,0,nondetection; above; 0.1 dB on track,client_LILACSAT-2_not_detected_8tomax,LILACSAT-2_not_detected,LILACSAT-2,train,0.12
client_LILACSAT-2_not_detected_8tomax_73,11.425691807746887,3515.625,3285.630841121495,14896.160963037111,1.0,8.454195976257324,-6.435189025661204,191718.75,1.07,0,0,LILACSAT-2_not_detected\8tomax\spectrogram73_437200000.txt,240000.0,1024,0,nondetection; above; 0.2 dB on track,client_LILACSAT-2_not_detected_8tomax,LILACSAT-2_not_detected,LILACSAT-2,train,0.19
client_LILACSAT-2_not_detected_8tomax_74,11.528946305274964,42421.875,39646.61214953271,14316.21517488818,1.0,8.644585609436035,-6.29000417076233,191484.375,1.07,0,0,LILACSAT-2_not_detected\8tomax\spectrogram74_437200000.txt,240000.0,1024,0,nondetection; above; 0.3 dB on track,client_LILACSAT-2_not_detected_8tomax,LILACSAT-2_not_detected,LILACSAT-2,train,0.32
client_LILACSAT-2_not_detected_8tomax_75,11.486412619590759,45000.0,42056.07476635514,14887.790009707134,1.0,8.33040714263916,-6.319492719113301,190546.875,1.07,0,0,LILACSAT-2_not_detected\8tomax\spectrogram75_437200000.txt,240000.0,1024,0,nondetection; above; 0.4 dB on track,client_LILACSAT-2_not_detected_8tomax,LILACSAT-2_not_detected,LILACSAT-2,train,0.39
client_LILACSAT-2_not_detected_8tomax_76,11.539677189826966,32109.375,30008.761682242988,13729.744853820868,1.0,8.665194511413574,-6.205925294865347,192539.0625,1.07,0,0,LILACSAT-2_not_detected\8tomax\spectrogram76_437200000.txt,240000.0,1024,0,nondetection; above; 0.2 dB on track,client_LILACSAT-2_not_detected_8tomax,LILACSAT-2_not_detected,LILACSAT-2,train,0.22
client_LILACSAT-2_not_detected_8tomax_77,11.535394076347352,63750.0,59579.439252336444,13520.840741670547,1.0,9.339888572692871,-6.315814972080184,191250.0,1.07,0,0,LILACSAT-2_not_detected\8tomax\spectrogram77_437200000.txt,240000.0,1024,0,nondetection; above; 0.5 dB on track,client_LILACSAT-2_not_detected_8tomax,LILACSAT-2_not_detected,LILACSAT-2,train,0.51
client_LILACSAT-2_not_detected_8tomax_78,11.545998414993287,74062.5,69217.28971962616,13968.158790019295,1.0,8.890536308288574,-6.281259436125885,190781.25,1.07,0,0,LILACSAT-2_not_detected\8tomax\spectrogram78_437200000.txt,240000.0,1024,0,nondetection; above; 0.3 dB on track,client_LILACSAT-2_not_detected_8tomax,LILACSAT-2_not_detected,LILACSAT-2,train,0.33
client_LILACSAT-2_not_detected_8tomax_79,11.445904499053954,39843.75,37237.149532710275,11041.658624863667,1.0,9.129688262939453,-6.20704835764133,191835.9375,1.07,0,0,LILACSAT-2_not_detected\8tomax\spectrogram79_437200000.txt,240000.0,1024,0,nondetection; above; 0.5 dB on track,client_LILACSAT-2_not_detected_8tomax,LILACSAT-2_not_detected,LILACSAT-2,train,0.46
client_LILACSAT-2_not_detected_8tomax_80,11.535521324157715,9609.375,8980.72429906542,13376.25137036905,1.0,8.619278907775879,-6.206065339387405,190312.5,1.07,0,0,LILACSAT-2_not_detected\8tomax\spectrogram80_437200000.txt,240000.0,1024,0,nondetection; above; 0.7 dB on track,client_LILACSAT-2_not_detected_8tomax,LILACSAT-2_not_detected,LILACSAT-2,train,0.7
client_LILACSAT-2_not_detected_8tomax_81,11.607994345664977,76406.25,71407.71028037382,14498.033876051564,1.0,8.74660873413086,-6.181686930885413,192656.25,1.07,0,0,LILACSAT-2_not_detected\8tomax\spectrogram81_437200000.txt,240000.0,1024,0,nondetection; above; 0.4 dB on track,client_LILACSAT-2_not_detected_8tomax,LILACSAT-2_not_detected,LILACSAT-2,train,0.42
client_LILACSAT-2_not_detected_8tomax_82,11.49089406299591,66328.125,61988.90186915887,15320.830024538625,1.0,9.030742645263672,-6.2434327135087475,189843.75,1.07,0,0,LILACSAT-2_not_detected\8tomax\spectrogram82_437200000.txt,240000.0,1024,0,nondetection; above; 0.3 dB on track,client_LILACSAT-2_not_detected_8tomax,LILACSAT-2_not_detected,LILACSAT-2,train,0.33
client_LILACSAT-2_not_detected_8tomax_83,11.467768126487732,2578.125,2409.46261682243,14263.966251659149,1.0,8.134842872619629,-6.336575675278554,192187.5,1.07,0,0,LILACSAT-2_not_detected\8tomax\spectrogram83_437200000.txt,240000.0,1024,0,nondetection; above; 0.7 dB on track,client_LILACSAT-2_not_detected_8tomax,LILACSAT-2_not_detected,LILACSAT-2,train,0.71
client_LILACSAT-2_not_detected_8tomax_84,11.533273352622986,40078.125,37456.19158878504,15094.049084485152,1.0,8.83494758605957,-6.295786962585987,190429.6875,1.07,0,0,LILACSAT-2_not_detected\8tomax\spectrogram84_437200000.txt,240000.0,1024,0,nondetection; above; 0.3 dB on track,client_LILACSAT-2_not_detected_8tomax,LILACSAT-2_not_detected,LILACSAT-2,train,0.29
client_LILACSAT-2_not_detected_8tomax_85,11.522810681343078,51093.75,47751.168224299065,14386.785081015027,1.0,8.6838960647583,-6.336037886813697,190546.875,1.07,0,0,LILACSAT-2_not_detected\8tomax\spectrogram85_437200000.txt,240000.0,1024,0,nondetection; above; 0.1 dB on track,client_LILACSAT-2_not_detected_8tomax,LILACSAT-2_not_detected,LILACSAT-2,train,0.11
client_LILACSAT-2_not_detected_8tomax_86,11.492311967849732,4921.875,4599.883177570093,13422.96734555566,1.0,9.53268814086914,-6.209668550680761,190898.4375,1.07,0,0,LILACSAT-2_not_detected\8tomax\spectrogram86_437200000.txt,240000.0,1024,0,nondetection; above; 0.4 dB on track,client_LILACSAT-2_not_detected_8tomax,LILACSAT-2_not_detected,LILACSAT-2,train,0.45
client_LILACSAT-2_not_detected_8tomax_87,11.523778854370118,83671.875,78198.01401869158,15933.410208900877,1.0,8.35998821258545,-6.663379530528369,192656.25,1.07,0,0,LILACSAT-2_not_detected\8tomax\spectrogram87_437200000.txt,240000.0,1024,0,nondetection; above; 0.1 dB on track,client_LILACSAT-2_not_detected_8tomax,LILACSAT-2_not_detected,LILACSAT-2,train,0.07
client_LILACSAT-2_not_detected_8tomax_88,11.463123059272766,34453.125,32199.182242990653,12279.183864964401,1.0,8.056023597717285,-6.6472320905317215,193476.5625,1.07,0,0,LILACSAT-2_not_detected\8tomax\spectrogram88_437200000.txt,240000.0,1024,0,nondetection; above; 0.2 dB on track,client_LILACSAT-2_not_detected_8tomax,LILACSAT-2_not_detected,LILACSAT-2,train,0.22
client_LILACSAT-2_not_detected_8tomax_89,11.509949501991272,39609.375,37018.10747663551,13126.851280569239,1.0,8.590445518493652,-6.643890974418547,192187.5,1.07,0,0,LILACSAT-2_not_detected\8tomax\spectrogram89_437200000.txt,240000.0,1024,0,nondetection; above; 0.2 dB on track,client_LILACSAT-2_not_detected_8tomax,LILACSAT-2_not_detected,LILACSAT-2,train,0.2
client_LILACSAT-2_not_detected_8tomax_90,11.480448702812195,30703.125,28694.50934579439,15971.833590922472,1.0,8.363369941711426,-6.6293524865792675,192070.3125,1.07,0,0,LILACSAT-2_not_detected\8tomax\spectrogram90_437200000.txt,240000.0,1024,0,nondetection; above; 0.6 dB on track,client_LILACSAT-2_not_detected_8tomax,LILACSAT-2_not_detected,LILACSAT-2,train,0.57
client_LILACSAT-2_not_detected_8tomax_91,11.513880046844482,60468.75,56512.85046728972,15496.255229613129,1.0,8.111980438232422,-6.626172256156409,191953.125,1.07,0,0,LILACSAT-2_not_detected\8tomax\spectrogram91_437200000.txt,240000.0,1024,0,nondetection; above; 0.4 dB on track,client_LILACSAT-2_not_detected_8tomax,LILACSAT-2_not_detected,LILACSAT-2,train,0.38
client_LILACSAT-2_not_detected_8tomax_92,11.433058835983276,85546.875,79950.35046728971,12687.238597793432,1.0,8.606912612915039,-6.62725775640168,191015.625,1.07,0,0,LILACSAT-2_not_detected\8tomax\spectrogram92_437200000.txt,240000.0,1024,0,nondetection; above; 0.3 dB on track,client_LILACSAT-2_not_detected_8tomax,LILACSAT-2_not_detected,LILACSAT-2,train,0.33
client_LILACSAT-2_not_detected_8tomax_93,11.400757012367249,30703.125,28694.50934579439,13762.167529377284,1.0,8.260236740112305,-6.580284271012394,191601.5625,1.07,0,0,LILACSAT-2_not_detected\8tomax\spectrogram93_437200000.txt,240000.0,1024,0,nondetection; above; 0.8 dB on track,client_LILACSAT-2_not_detected_8tomax,LILACSAT-2_not_detected,LILACSAT-2,train,0.8
client_LILACSAT-2_not_detected_8tomax_94,11.39343274974823,43125.0,40303.73831775701,16861.123918441353,1.0,8.010091781616211,-6.585703391945948,189726.5625,1.07,0,0,LILACSAT-2_not_detected\8tomax\spectrogram94_437200000.txt,240000.0,1024,0,nondetection; above; 0.1 dB on track,client_LILACSAT-2_not_detected_8tomax,LILACSAT-2_not_detected,LILACSAT-2,train,0.15
client_LILACSAT-2_not_detected_8tomax_95,11.466741646766662,3281.25,3066.588785046729,14114.981237105507,1.0,8.165301322937012,-6.619310513861222,191718.75,1.07,0,0,LILACSAT-2_not_detected\8tomax\spectrogram95_437200000.txt,240000.0,1024,0,nondetection; above; 0.3 dB on track,client_LILACSAT-2_not_detected_8tomax,LILACSAT-2_not_detected,LILACSAT-2,train,0.34
client_LILACSAT-2_not_detected_8tomax_96,11.422805795669555,52031.25,48627.33644859813,15933.804222232764,1.0,8.256516456604004,-6.622382150725057,190078.125,1.07,0,0,LILACSAT-2_not_detected\8tomax\spectrogram96_437200000.txt,240000.0,1024,0,nondetection; above; 0.4 dB on track,client_LILACSAT-2_not_detected_8tomax,LILACSAT-2_not_detected,LILACSAT-2,train,0.39
client_LILACSAT-2_not_detected_8tomax_97,11.465145746231078,57187.5,53446.261682242985,14181.528289593893,1.0,8.397989273071289,-6.587756138175493,191718.75,1.07,0,0,LILACSAT-2_not_detected\8tomax\spectrogram97_437200000.txt,240000.0,1024,0,nondetection; above; 0.5 dB on track,client_LILACSAT-2_not_detected_8tomax,LILACSAT-2_not_detected,LILACSAT-2,train,0.54
client_LILACSAT-2_not_detected_8tomax_98,11.369814022064208,119062.5,111273.3644859813,13526.409323060407,1.0,7.675090312957764,-6.576709615832583,191250.0,1.07,0,0,LILACSAT-2_not_detected\8tomax\spectrogram98_437200000.txt,240000.0,1024,0,nondetection; above; 0.8 dB on track,client_LILACSAT-2_not_detected_8tomax,LILACSAT-2_not_detected,LILACSAT-2,train,0.75
client_LILACSAT-2_not_detected_8tomax_99,11.524587788581847,15703.125,14675.817757009345,12323.540686847147,1.0,7.968084335327148,-6.63301963230036,191835.9375,1.07,0,0,LILACSAT-2_not_detected\8tomax\spectrogram99_437200000.txt,240000.0,1024,0,nondetection; above; 0.7 dB on track,client_LILACSAT-2_not_detected_8tomax,LILACSAT-2_not_detected,LILACSAT-2,train,0.72
client_LILACSAT-2_not_detected_maxto8_0,11.478728691101074,57890.625,54103.38785046728,14992.67387404863,1.0,9.719038009643555,-6.543593705909665,191484.375,1.07,0,0,LILACSAT-2_not_detected\maxto8\spectrogram0_437200000.txt,240000.0,1024,0,nondetection; above; 0.1 dB on track,client_LILACSAT-2_not_detected_maxto8,LILACSAT-2_not_detected,LILACSAT-2,train,0.08
client_LILACSAT-2_not_detected_maxto8_1,11.48130820941925,38906.25,36360.98130841121,12938.321648287625,1.0,7.632108211517334,-6.608160482158643,192656.25,1.07,0,0,LILACSAT-2_not_detected\maxto8\spectrogram1_437200000.txt,240000.0,1024,0,nondetection; above; 0.6 dB on track,client_LILACSAT-2_not_detected_maxto8,LILACSAT-2_not_detected,LILACSAT-2,train,0.56
client_LILACSAT-2_not_detected_maxto8_2,11.503601657867431,53906.25,50379.67289719626,12070.488873514038,1.0,7.976047039031982,-6.591719897879407,193593.75,1.07,0,0,LILACSAT-2_not_detected\maxto8\spectrogram2_437200000.txt,240000.0,1024,0,nondetection; above; 0.5 dB on track,client_LILACSAT-2_not_detected_maxto8,LILACSAT-2_not_detected,LILACSAT-2,train,0.5
client_LILACSAT-2_not_detected_maxto8_3,11.401217270851136,7968.75,7447.4299065420555,14494.839347261759,1.0,8.516319274902344,-6.671068632855469,191015.625,1.07,0,0,LILACSAT-2_not_detected\maxto8\spectrogram3_437200000.txt,240000.0,1024,0,nondetection; above; 0.3 dB on track,client_LILACSAT-2_not_detected_maxto8,LILACSAT-2_not_detected,LILACSAT-2,train,0.32
client_LILACSAT-2_not_detected_maxto8_4,11.451813281059264,9375.0,8761.682242990653,12527.773887515552,1.0,8.077325820922852,-6.725010650928449,193359.375,1.07,0,0,LILACSAT-2_not_detected\maxto8\spectrogram4_437200000.txt,240000.0,1024,0,nondetection; above; 0.6 dB on track,client_LILACSAT-2_not_detected_maxto8,LILACSAT-2_not_detected,LILACSAT-2,train,0.55
client_LILACSAT-2_not_detected_maxto8_5,11.486080778121948,99609.375,93092.8738317757,13701.43586491731,1.0,7.804157733917236,-6.677635591670418,192070.3125,1.07,0,0,LILACSAT-2_not_detected\maxto8\spectrogram5_437200000.txt,240000.0,1024,0,nondetection; above; 0.6 dB on track,client_LILACSAT-2_not_detected_maxto8,LILACSAT-2_not_detected,LILACSAT-2,train,0.55
client_LILACSAT-2_not_detected_maxto8_6,11.521103969573975,56015.625,52351.051401869154,17172.738893397403,1.0,8.101884841918945,-6.7147656049019115,190664.0625,1.07,0,0,LILACSAT-2_not_detected\maxto8\spectrogram6_437200000.txt,240000.0,1024,0,nondetection; above; 0.6 dB on track,client_LILACSAT-2_not_detected_maxto8,LILACSAT-2_not_detected,LILACSAT-2,train,0.58
client_LILACSAT-2_not_detected_maxto8_7,11.486087554931641,34453.125,32199.182242990653,13305.525328311656,1.0,8.793744087219238,-6.7426567642907855,192656.25,1.07,0,0,LILACSAT-2_not_detected\maxto8\spectrogram7_437200000.txt,240000.0,1024,0,nondetection; above; 0.5 dB on track,client_LILACSAT-2_not_detected_maxto8,LILACSAT-2_not_detected,LILACSAT-2,train,0.49
client_LILACSAT-2_not_detected_maxto8_8,11.431316473007202,28359.375,26504.088785046726,11276.307022644893,1.0,8.330177307128906,-6.730280527491319,193125.0,1.07,0,0,LILACSAT-2_not_detected\maxto8\spectrogram8_437200000.txt,240000.0,1024,0,nondetection; above; 0.4 dB on track,client_LILACSAT-2_not_detected_maxto8,LILACSAT-2_not_detected,LILACSAT-2,train,0.42
client_LILACSAT-2_not_detected_maxto8_9,11.520772862434388,59062.5,55198.59813084112,12158.947706192599,1.0,7.596868515014648,-6.741183152547093,191484.375,1.07,0,0,LILACSAT-2_not_detected\maxto8\spectrogram9_437200000.txt,240000.0,1024,0,nondetection; above; 0.3 dB on track,client_LILACSAT-2_not_detected_maxto8,LILACSAT-2_not_detected,LILACSAT-2,train,0.32
client_LILACSAT-2_not_detected_maxto8_10,11.447944303512573,23671.875,22123.2476635514,15648.401377526607,1.0,8.9468412399292,-6.709814877989367,191953.125,1.07,0,0,LILACSAT-2_not_detected\maxto8\spectrogram10_437200000.txt,240000.0,1024,0,nondetection; above; 0.6 dB on track,client_LILACSAT-2_not_detected_maxto8,LILACSAT-2_not_detected,LILACSAT-2,train,0.56
client_LILACSAT-2_not_detected_maxto8_11,11.607336688041688,20390.625,19056.658878504673,14496.309850593418,1.0,8.525033950805664,-6.708924564715336,191484.375,1.07,0,0,LILACSAT-2_not_detected\maxto8\spectrogram11_437200000.txt,240000.0,1024,0,nondetection; above; 0.2 dB on track,client_LILACSAT-2_not_detected_maxto8,LILACSAT-2_not_detected,LILACSAT-2,train,0.15
client_LILACSAT-2_not_detected_maxto8_12,11.500414680480956,27421.875,25627.92056074766,16705.294330444558,1.0,7.9851179122924805,-6.714514230340544,191132.8125,1.07,0,0,LILACSAT-2_not_detected\maxto8\spectrogram12_437200000.txt,240000.0,1024,0,nondetection; above; 0.4 dB on track,client_LILACSAT-2_not_detected_maxto8,LILACSAT-2_not_detected,LILACSAT-2,train,0.36
client_LILACSAT-2_not_detected_maxto8_13,11.481137564659118,26953.125,25189.83644859813,13681.022818079518,1.0,7.462292671203613,-6.734553176883451,192890.625,1.07,0,0,LILACSAT-2_not_detected\maxto8\spectrogram13_437200000.txt,240000.0,1024,0,nondetection; above; 0.4 dB on track,client_LILACSAT-2_not_detected_maxto8,LILACSAT-2_not_detected,LILACSAT-2,train,0.45
client_LILACSAT-2_not_detected_maxto8_14,11.390847912788391,7968.75,7447.4299065420555,17690.855624833293,1.0,8.569992065429688,-6.747140740757098,192187.5,1.07,0,0,LILACSAT-2_not_detected\maxto8\spectrogram14_437200000.txt,240000.0,1024,0,nondetection; above; 0.3 dB on track,client_LILACSAT-2_not_detected_maxto8,LILACSAT-2_not_detected,LILACSAT-2,train,0.28
client_LILACSAT-2_not_detected_maxto8_15,11.456974573135376,3750.0,3504.6728971962616,19019.216154924114,1.0,8.15758228302002,-6.742459915042378,191132.8125,1.07,0,0,LILACSAT-2_not_detected\maxto8\spectrogram15_437200000.txt,240000.0,1024,0,nondetection; above; 0.3 dB on track,client_LILACSAT-2_not_detected_maxto8,LILACSAT-2_not_detected,LILACSAT-2,train,0.33
client_LILACSAT-2_not_detected_maxto8_16,11.471910412788391,23203.125,21685.163551401867,14382.648086136263,1.0,7.693164348602295,-6.748097707999978,192304.6875,1.07,0,0,LILACSAT-2_not_detected\maxto8\spectrogram16_437200000.txt,240000.0,1024,0,nondetection; above; 0.4 dB on track,client_LILACSAT-2_not_detected_maxto8,LILACSAT-2_not_detected,LILACSAT-2,train,0.37
client_LILACSAT-2_not_detected_maxto8_17,11.429601715087891,41250.0,38551.40186915888,15066.341890664475,1.0,7.714699745178223,-6.763027376305831,191015.625,1.07,0,0,LILACSAT-2_not_detected\maxto8\spectrogram17_437200000.txt,240000.0,1024,0,nondetection; above; 0.2 dB on track,client_LILACSAT-2_not_detected_maxto8,LILACSAT-2_not_detected,LILACSAT-2,train,0.24
client_LILACSAT-2_not_detected_maxto8_18,11.480528334617615,3281.25,3066.588785046729,11275.201723697028,1.0,8.243802070617676,-6.768943508952953,191484.375,1.07,0,0,LILACSAT-2_not_detected\maxto8\spectrogram18_437200000.txt,240000.0,1024,0,nondetection; above; 0.4 dB on track,client_LILACSAT-2_not_detected_maxto8,LILACSAT-2_not_detected,LILACSAT-2,train,0.38
client_LILACSAT-2_not_detected_maxto8_19,11.437250903129577,43828.125,40960.86448598131,13946.56466049459,1.0,8.969949722290039,-6.779641899434664,192890.625,1.07,0,0,LILACSAT-2_not_detected\maxto8\spectrogram19_437200000.txt,240000.0,1024,0,nondetection; above; 0.2 dB on track,client_LILACSAT-2_not_detected_maxto8,LILACSAT-2_not_detected,LILACSAT-2,train,0.22
client_LILACSAT-2_not_detected_maxto8_20,11.459837829589844,49687.5,46436.91588785047,14345.510472953034,1.0,7.948570251464844,-6.759063452128697,192773.4375,1.07,0,0,LILACSAT-2_not_detected\maxto8\spectrogram20_437200000.txt,240000.0,1024,0,nondetection; above; 0.2 dB on track,client_LILACSAT-2_not_detected_maxto8,LILACSAT-2_not_detected,LILACSAT-2,train,0.18
client_LILACSAT-2_not_detected_maxto8_21,11.51310170841217,2109.375,1971.3785046728972,14563.844028368767,1.0,7.912762641906738,-6.756944088117962,192656.25,1.07,0,0,LILACSAT-2_not_detected\maxto8\spectrogram21_437200000.txt,240000.0,1024,0,nondetection; above; 0.2 dB on track,client_LILACSAT-2_not_detected_maxto8,LILACSAT-2_not_detected,LILACSAT-2,train,0.21
client_LILACSAT-2_not_detected_maxto8_22,11.437481622695923,42187.5,39427.57009345794,13412.713217633453,1.0,8.593737602233887,-6.735471089920151,191601.5625,1.07,0,0,LILACSAT-2_not_detected\maxto8\spectrogram22_437200000.txt,240000.0,1024,0,nondetection; above; 0.5 dB on track,client_LILACSAT-2_not_detected_maxto8,LILACSAT-2_not_detected,LILACSAT-2,train,0.49
client_LILACSAT-2_not_detected_maxto8_23,11.440687333106995,8671.875,8104.556074766355,14665.906391087812,1.0,7.85769510269165,-6.7311996421311475,192421.875,1.07,0,0,LILACSAT-2_not_detected\maxto8\spectrogram23_437200000.txt,240000.0,1024,0,nondetection; above; 0.6 dB on track,client_LILACSAT-2_not_detected_maxto8,LILACSAT-2_not_detected,LILACSAT-2,train,0.65
client_LILACSAT-2_not_detected_maxto8_24,11.48711856174469,77343.75,72283.87850467289,12645.723068336792,1.0,8.788150787353516,-6.757097898210479,191367.1875,1.07,0,0,LILACSAT-2_not_detected\maxto8\spectrogram24_437200000.txt,240000.0,1024,0,nondetection; above; 0.2 dB on track,client_LILACSAT-2_not_detected_maxto8,LILACSAT-2_not_detected,LILACSAT-2,train,0.2
client_LILACSAT-2_not_detected_maxto8_25,11.409328847885131,5156.25,4818.92523364486,15177.002255888841,1.0,8.209670066833496,-6.732709671984165,191953.125,1.07,0,0,LILACSAT-2_not_detected\maxto8\spectrogram25_437200000.txt,240000.0,1024,0,nondetection; above; 0.4 dB on track,client_LILACSAT-2_not_detected_maxto8,LILACSAT-2_not_detected,LILACSAT-2,train,0.42
client_LILACSAT-2_not_detected_maxto8_26,11.39034379863739,80625.0,75350.46728971963,12369.26368349199,1.0,9.011248588562012,-6.732527213086809,190546.875,1.07,0,0,LILACSAT-2_not_detected\maxto8\spectrogram26_437200000.txt,240000.0,1024,0,nondetection; above; 0.2 dB on track,client_LILACSAT-2_not_detected_maxto8,LILACSAT-2_not_detected,LILACSAT-2,train,0.17
client_LILACSAT-2_not_detected_maxto8_27,11.470676688194274,27187.5,25408.878504672895,14701.561875552981,1.0,8.699400901794434,-6.733518413017822,192421.875,1.07,0,0,LILACSAT-2_not_detected\maxto8\spectrogram27_437200000.txt,240000.0,1024,0,nondetection; above; 0.2 dB on track,client_LILACSAT-2_not_detected_maxto8,LILACSAT-2_not_detected,LILACSAT-2,train,0.24
client_LILACSAT-2_not_detected_maxto8_28,11.473138582229614,26484.375,24751.752336448597,14698.708684863795,1.0,8.39730453491211,-6.749495018403743,191835.9375,1.07,0,0,LILACSAT-2_not_detected\maxto8\spectrogram28_437200000.txt,240000.0,1024,0,nondetection; above; 0.5 dB on track,client_LILACSAT-2_not_detected_maxto8,LILACSAT-2_not_detected,LILACSAT-2,train,0.54
client_LILACSAT-2_not_detected_maxto8_29,11.472958525657655,41718.75,38989.48598130841,15027.468283133863,1.0,8.334334373474121,-6.742865555686157,191367.1875,1.07,0,0,LILACSAT-2_not_detected\maxto8\spectrogram29_437200000.txt,240000.0,1024,0,nondetection; above; 0.4 dB on track,client_LILACSAT-2_not_detected_maxto8,LILACSAT-2_not_detected,LILACSAT-2,train,0.35
client_LILACSAT-2_not_detected_maxto8_30,11.440195673942567,63281.25,59141.35514018691,13448.253718428094,1.0,8.472052574157715,-6.744645244076701,191953.125,1.07,0,0,LILACSAT-2_not_detected\maxto8\spectrogram30_437200000.txt,240000.0,1024,0,nondetection; above; 0.1 dB on track,client_LILACSAT-2_not_detected_maxto8,LILACSAT-2_not_detected,LILACSAT-2,train,0.15
client_LILACSAT-2_not_detected_maxto8_31,11.480956204414367,8437.5,7885.514018691589,12891.547365521594,1.0,8.951723098754883,-6.734662119779576,192304.6875,1.07,0,0,LILACSAT-2_not_detected\maxto8\spectrogram31_437200000.txt,240000.0,1024,0,nondetection; above; 0.5 dB on track,client_LILACSAT-2_not_detected_maxto8,LILACSAT-2_not_detected,LILACSAT-2,train,0.45
client_LILACSAT-2_not_detected_maxto8_32,11.416107530593871,33984.375,31761.09813084112,12792.596547534873,1.0,7.89988374710083,-6.741962991509083,190546.875,1.07,0,0,LILACSAT-2_not_detected\maxto8\spectrogram32_437200000.txt,240000.0,1024,0,nondetection; above; 0.5 dB on track,client_LILACSAT-2_not_detected_maxto8,LILACSAT-2_not_detected,LILACSAT-2,train,0.54
client_LILACSAT-2_not_detected_maxto8_33,11.351322638511657,8671.875,8104.556074766355,13462.798694371742,1.0,8.459226608276367,-6.7514214200199225,190781.25,1.07,0,0,LILACSAT-2_not_detected\maxto8\spectrogram33_437200000.txt,240000.0,1024,0,nondetection; above; 0.4 dB on track,client_LILACSAT-2_not_detected_maxto8,LILACSAT-2_not_detected,LILACSAT-2,train,0.41
client_LILACSAT-2_not_detected_maxto8_34,11.484045632362365,62343.75,58265.18691588785,15886.436508163082,1.0,8.60805606842041,-6.7419888421580305,191132.8125,1.07,0,0,LILACSAT-2_not_detected\maxto8\spectrogram34_437200000.txt,240000.0,1024,0,nondetection; above; 0.2 dB on track,client_LILACSAT-2_not_detected_maxto8,LILACSAT-2_not_detected,LILACSAT-2,train,0.24
client_LILACSAT-2_not_detected_maxto8_35,11.413257762908936,47343.75,44246.4953271028,12484.15430597497,1.0,7.788614749908447,-6.744676023770379,191835.9375,1.07,0,0,LILACSAT-2_not_detected\maxto8\spectrogram35_437200000.txt,240000.0,1024,0,nondetection; above; 0.3 dB on track,client_LILACSAT-2_not_detected_maxto8,LILACSAT-2_not_detected,LILACSAT-2,train,0.32
client_LILACSAT-2_not_detected_maxto8_36,11.452690278053284,89531.25,83674.06542056074,14328.9574347388,1.0,8.229620933532715,-6.73860815875789,190898.4375,1.07,0,0,LILACSAT-2_not_detected\maxto8\spectrogram36_437200000.txt,240000.0,1024,0,nondetection; above; 0.3 dB on track,client_LILACSAT-2_not_detected_maxto8,LILACSAT-2_not_detected,LILACSAT-2,train,0.32
client_LILACSAT-2_not_detected_maxto8_37,11.487129090309143,10078.125,9418.808411214954,15641.150169345434,1.0,8.625584602355957,-6.7492639697408965,191367.1875,1.07,0,0,LILACSAT-2_not_detected\maxto8\spectrogram37_437200000.txt,240000.0,1024,0,nondetection; above; 0.7 dB on track,client_LILACSAT-2_not_detected_maxto8,LILACSAT-2_not_detected,LILACSAT-2,train,0.66
client_LILACSAT-2_not_detected_maxto8_38,11.538819001197815,32343.75,30227.803738317754,13310.42638794665,1.0,8.817499160766602,-6.716288224439405,193476.5625,1.07,0,0,LILACSAT-2_not_detected\maxto8\spectrogram38_437200000.txt,240000.0,1024,0,nondetection; above; 0.2 dB on track,client_LILACSAT-2_not_detected_maxto8,LILACSAT-2_not_detected,LILACSAT-2,train,0.25
client_LILACSAT-2_not_detected_maxto8_39,11.476605010032653,28125.0,26285.04672897196,16263.29560007869,1.0,8.932337760925293,-6.747944451387687,191484.375,1.07,0,0,LILACSAT-2_not_detected\maxto8\spectrogram39_437200000.txt,240000.0,1024,0,nondetection; above; 0.2 dB on track,client_LILACSAT-2_not_detected_maxto8,LILACSAT-2_not_detected,LILACSAT-2,train,0.19
client_LILACSAT-2_not_detected_maxto8_40,11.375007669448852,21328.125,19932.827102803738,13664.192734394413,1.0,7.845814228057861,-6.717754154017029,192304.6875,1.07,0,0,LILACSAT-2_not_detected\maxto8\spectrogram40_437200000.txt,240000.0,1024,0,nondetection; above; 0.3 dB on track,client_LILACSAT-2_not_detected_maxto8,LILACSAT-2_not_detected,LILACSAT-2,train,0.33
client_LILACSAT-2_not_detected_maxto8_41,11.491045462608337,1171.875,1095.2102803738317,12584.010034184234,1.0,8.493439674377441,-6.702918536925355,193828.125,1.07,0,0,LILACSAT-2_not_detected\maxto8\spectrogram41_437200000.txt,240000.0,1024,0,nondetection; above; 0.4 dB on track,client_LILACSAT-2_not_detected_maxto8,LILACSAT-2_not_detected,LILACSAT-2,train,0.38
client_LILACSAT-2_not_detected_maxto8_42,11.516267518997193,39375.0,36799.06542056074,14303.012355730303,1.0,7.644094944000244,-6.744210837179013,190664.0625,1.07,0,0,LILACSAT-2_not_detected\maxto8\spectrogram42_437200000.txt,240000.0,1024,0,nondetection; above; 0.4 dB on track,client_LILACSAT-2_not_detected_maxto8,LILACSAT-2_not_detected,LILACSAT-2,train,0.4
client_LILACSAT-2_not_detected_maxto8_43,11.448228946685791,18281.25,17085.280373831774,13780.90587580125,1.0,7.5274338722229,-6.71643425155856,192421.875,1.07,0,0,LILACSAT-2_not_detected\maxto8\spectrogram43_437200000.txt,240000.0,1024,0,nondetection; above; 0.2 dB on track,client_LILACSAT-2_not_detected_maxto8,LILACSAT-2_not_detected,LILACSAT-2,train,0.2
client_LILACSAT-2_not_detected_maxto8_44,11.41416131591797,51328.125,47970.21028037383,12867.47806766219,1.0,7.763623237609863,-6.704471251248057,191250.0,1.07,0,0,LILACSAT-2_not_detected\maxto8\spectrogram44_437200000.txt,240000.0,1024,0,nondetection; above; 0.2 dB on track,client_LILACSAT-2_not_detected_maxto8,LILACSAT-2_not_detected,LILACSAT-2,train,0.25
client_LILACSAT-2_not_detected_maxto8_45,11.515230532646179,4687.5,4380.841121495327,14722.07877598891,1.0,8.074908256530762,-6.689567830341267,193359.375,1.07,0,0,LILACSAT-2_not_detected\maxto8\spectrogram45_437200000.txt,240000.0,1024,0,nondetection; above; 0.1 dB on track,client_LILACSAT-2_not_detected_maxto8,LILACSAT-2_not_detected,LILACSAT-2,train,0.14
client_LILACSAT-2_not_detected_maxto8_46,11.446221053123475,1640.625,1533.2943925233644,12413.31011568071,1.0,8.156950950622559,-6.697923449773081,191015.625,1.07,0,0,LILACSAT-2_not_detected\maxto8\spectrogram46_437200000.txt,240000.0,1024,0,nondetection; above; 0.2 dB on track,client_LILACSAT-2_not_detected_maxto8,LILACSAT-2_not_detected,LILACSAT-2,train,0.18
client_LILACSAT-2_not_detected_maxto8_47,11.395089212417602,10078.125,9418.808411214954,12695.109685855545,1.0,7.392309188842773,-6.693211866821221,191250.0,1.07,0,0,LILACSAT-2_not_detected\maxto8\spectrogram47_437200000.txt,240000.0,1024,0,nondetection; above; 0.3 dB on track,client_LILACSAT-2_not_detected_maxto8,LILACSAT-2_not_detected,LILACSAT-2,train,0.33
client_LILACSAT-2_not_detected_maxto8_48,11.519745600700379,3046.875,2847.5467289719622,15335.287025189955,1.0,8.719269752502441,-6.66563595536087,190546.875,1.07,0,0,LILACSAT-2_not_detected\maxto8\spectrogram48_437200000.txt,240000.0,1024,0,nondetection; above; 0.5 dB on track,client_LILACSAT-2_not_detected_maxto8,LILACSAT-2_not_detected,LILACSAT-2,train,0.48
client_LILACSAT-2_not_detected_maxto8_49,11.51644120979309,91875.0,85864.4859813084,15507.157812636096,1.0,8.200644493103027,-6.657629373417965,192070.3125,1.07,0,0,LILACSAT-2_not_detected\maxto8\spectrogram49_437200000.txt,240000.0,1024,0,nondetection; above; 0.2 dB on track,client_LILACSAT-2_not_detected_maxto8,LILACSAT-2_not_detected,LILACSAT-2,train,0.21
client_LILACSAT-2_not_detected_maxto8_50,11.47793337059021,7031.25,6571.26168224299,14366.953913442625,1.0,8.54102611541748,-6.522425374532673,191601.5625,1.07,0,0,LILACSAT-2_not_detected\maxto8\spectrogram50_437200000.txt,240000.0,1024,0,nondetection; above; 0.5 dB on track,client_LILACSAT-2_not_detected_maxto8,LILACSAT-2_not_detected,LILACSAT-2,train,0.51
client_LILACSAT-2_not_detected_maxto8_51,11.38000183391571,13593.75,12704.439252336448,15762.883408480144,1.0,8.650541305541992,-6.693405063258898,192187.5,1.07,0,0,LILACSAT-2_not_detected\maxto8\spectrogram51_437200000.txt,240000.0,1024,0,nondetection; above; 0.5 dB on track,client_LILACSAT-2_not_detected_maxto8,LILACSAT-2_not_detected,LILACSAT-2,train,0.49
client_LILACSAT-2_not_detected_maxto8_52,11.4627694606781,78515.625,73379.08878504673,17044.22176238416,1.0,7.947070121765137,-6.650364612145019,192070.3125,1.07,0,0,LILACSAT-2_not_detected\maxto8\spectrogram52_437200000.txt,240000.0,1024,0,nondetection; above; 0.2 dB on track,client_LILACSAT-2_not_detected_maxto8,LILACSAT-2_not_detected,LILACSAT-2,train,0.17
client_LILACSAT-2_not_detected_maxto8_53,11.451494643211365,82265.625,76883.76168224298,16322.69639980123,1.0,8.711669921875,-6.643469442345656,190078.125,1.07,0,0,LILACSAT-2_not_detected\maxto8\spectrogram53_437200000.txt,240000.0,1024,0,nondetection; above; 0.2 dB on track,client_LILACSAT-2_not_detected_maxto8,LILACSAT-2_not_detected,LILACSAT-2,train,0.2
client_LILACSAT-2_not_detected_maxto8_54,11.517072875976563,12421.875,11609.228971962617,12892.325316355127,1.0,8.588778495788574,-6.701141065823411,191718.75,1.07,0,0,LILACSAT-2_not_detected\maxto8\spectrogram54_437200000.txt,240000.0,1024,0,nondetection; above; 0.2 dB on track,client_LILACSAT-2_not_detected_maxto8,LILACSAT-2_not_detected,LILACSAT-2,train,0.25
client_LILACSAT-2_not_detected_maxto8_55,11.461640203475952,71953.125,67245.91121495327,13777.246880700197,1.0,7.994879722595215,-6.7020904395646435,191250.0,1.07,0,0,LILACSAT-2_not_detected\maxto8\spectrogram55_437200000.txt,240000.0,1024,0,nondetection; above; 0.1 dB on track,client_LILACSAT-2_not_detected_maxto8,LILACSAT-2_not_detected,LILACSAT-2,train,0.14
client_LILACSAT-2_not_detected_maxto8_56,11.500569149017334,66562.5,62207.94392523364,13009.5408388689,1.0,7.9547119140625,-6.738515463342412,191601.5625,1.07,0,0,LILACSAT-2_not_detected\maxto8\spectrogram56_437200000.txt,240000.0,1024,0,nondetection; above; 0.2 dB on track,client_LILACSAT-2_not_detected_maxto8,LILACSAT-2_not_detected,LILACSAT-2,train,0.2
client_LILACSAT-2_not_detected_maxto8_57,11.433681283950806,19687.5,18399.53271028037,16497.257686832214,1.0,8.680205345153809,-6.70947672067086,191367.1875,1.07,0,0,LILACSAT-2_not_detected\maxto8\spectrogram57_437200000.txt,240000.0,1024,0,nondetection; above; 0.2 dB on track,client_LILACSAT-2_not_detected_maxto8,LILACSAT-2_not_detected,LILACSAT-2,train,0.19
client_LILACSAT-2_not_detected_maxto8_58,11.43265373802185,8203.125,7666.471962616822,14034.045637629091,1.0,8.952445030212402,-6.69774531231718,192421.875,1.07,0,0,LILACSAT-2_not_detected\maxto8\spectrogram58_437200000.txt,240000.0,1024,0,nondetection; above; 0.4 dB on track,client_LILACSAT-2_not_detected_maxto8,LILACSAT-2_not_detected,LILACSAT-2,train,0.43
client_LILACSAT-2_not_detected_maxto8_59,11.532988286972046,64218.75,60017.523364485976,12795.889305467887,1.0,8.362106323242188,-6.687738569428658,193359.375,1.07,0,0,LILACSAT-2_not_detected\maxto8\spectrogram59_437200000.txt,240000.0,1024,0,nondetection; above; 0.3 dB on track,client_LILACSAT-2_not_detected_maxto8,LILACSAT-2_not_detected,LILACSAT-2,train,0.28
client_LILACSAT-2_not_detected_maxto8_60,11.483974548339845,22968.75,21466.1214953271,11974.224210947026,1.0,9.07322883605957,-6.6920568698531,191601.5625,1.07,0,0,LILACSAT-2_not_detected\maxto8\spectrogram60_437200000.txt,240000.0,1024,0,nondetection; above; 0.4 dB on track,client_LILACSAT-2_not_detected_maxto8,LILACSAT-2_not_detected,LILACSAT-2,train,0.41
client_LILACSAT-2_not_detected_maxto8_61,11.519801078796387,2812.5,2628.504672897196,15395.324074174676,1.0,9.106279373168945,-6.709145391190708,191250.0,1.07,0,0,LILACSAT-2_not_detected\maxto8\spectrogram61_437200000.txt,240000.0,1024,0,nondetection; above; 0.5 dB on track,client_LILACSAT-2_not_detected_maxto8,LILACSAT-2_not_detected,LILACSAT-2,train,0.48
client_LILACSAT-2_not_detected_maxto8_62,11.492246890068055,52265.625,48846.378504672895,15999.139453362346,1.0,8.92996883392334,-6.708792411683809,193359.375,1.07,0,0,LILACSAT-2_not_detected\maxto8\spectrogram62_437200000.txt,240000.0,1024,0,nondetection; above; 0.4 dB on track,client_LILACSAT-2_not_detected_maxto8,LILACSAT-2_not_detected,LILACSAT-2,train,0.39
client_LILACSAT-2_not_detected_maxto8_63,11.40675912475586,75000.0,70093.45794392523,15596.70882146577,1.0,8.196805000305176,-6.690502420673353,192304.6875,1.07,0,0,LILACSAT-2_not_detected\maxto8\spectrogram63_437200000.txt,240000.0,1024,0,nondetection; above; 0.6 dB on track,client_LILACSAT-2_not_detected_maxto8,LILACSAT-2_not_detected,LILACSAT-2,train,0.64
client_LILACSAT-2_not_detected_maxto8_64,11.508506145477295,54843.75,51255.84112149532,13774.425230050869,1.0,8.890151977539062,-6.7195857689563105,191132.8125,1.07,0,0,LILACSAT-2_not_detected\maxto8\spectrogram64_437200000.txt,240000.0,1024,0,nondetection; above; 0.3 dB on track,client_LILACSAT-2_not_detected_maxto8,LILACSAT-2_not_detected,LILACSAT-2,train,0.27
client_LILACSAT-2_not_detected_maxto8_65,11.4219575548172,79687.5,74474.29906542055,14859.072893690623,1.0,8.065771102905273,-6.6686637961578565,190429.6875,1.07,0,0,LILACSAT-2_not_detected\maxto8\spectrogram65_437200000.txt,240000.0,1024,0,nondetection; above; 0.4 dB on track,client_LILACSAT-2_not_detected_maxto8,LILACSAT-2_not_detected,LILACSAT-2,train,0.36
client_LILACSAT-2_not_detected_maxto8_66,11.36997691822052,36796.875,34389.602803738315,14122.86247962308,1.0,7.788186073303223,-6.685479827630245,192890.625,1.07,0,0,LILACSAT-2_not_detected\maxto8\spectrogram66_437200000.txt,240000.0,1024,0,nondetection; above; 0.7 dB on track,client_LILACSAT-2_not_detected_maxto8,LILACSAT-2_not_detected,LILACSAT-2,train,0.75
client_LILACSAT-2_not_detected_maxto8_67,11.561486974716187,27187.5,25408.878504672895,16091.455798793913,1.0,8.105671882629395,-6.693431252244918,192421.875,1.07,0,0,LILACSAT-2_not_detected\maxto8\spectrogram67_437200000.txt,240000.0,1024,0,nondetection; above; 0.2 dB on track,client_LILACSAT-2_not_detected_maxto8,LILACSAT-2_not_detected,LILACSAT-2,train,0.17
client_LILACSAT-2_not_detected_maxto8_68,11.507217803955077,41250.0,38551.40186915888,15007.628178444633,1.0,9.74370288848877,-6.694137979006666,191953.125,1.07,0,0,LILACSAT-2_not_detected\maxto8\spectrogram68_437200000.txt,240000.0,1024,0,nondetection; above; 0.5 dB on track,client_LILACSAT-2_not_detected_maxto8,LILACSAT-2_not_detected,LILACSAT-2,train,0.46
client_LILACSAT-2_not_detected_maxto8_69,11.42264305973053,22031.25,20589.953271028036,14823.656596175337,1.0,8.149405479431152,-6.724149182126304,191601.5625,1.07,0,0,LILACSAT-2_not_detected\maxto8\spectrogram69_437200000.txt,240000.0,1024,0,nondetection; above; 0.5 dB on track,client_LILACSAT-2_not_detected_maxto8,LILACSAT-2_not_detected,LILACSAT-2,train,0.51
client_LILACSAT-2_not_detected_maxto8_70,11.496691625595092,55312.5,51693.925233644855,15619.815037343842,1.0,8.757259368896484,-6.722685609441332,192421.875,1.07,0,0,LILACSAT-2_not_detected\maxto8\spectrogram70_437200000.txt,240000.0,1024,0,nondetection; above; 0.4 dB on track,client_LILACSAT-2_not_detected_maxto8,LILACSAT-2_not_detected,LILACSAT-2,train,0.38
client_LILACSAT-2_not_detected_maxto8_71,11.39545046043396,5390.625,5037.967289719626,15366.921331924554,1.0,8.05837345123291,-6.7128400778200135,192187.5,1.07,0,0,LILACSAT-2_not_detected\maxto8\spectrogram71_437200000.txt,240000.0,1024,0,nondetection; above; 0.5 dB on track,client_LILACSAT-2_not_detected_maxto8,LILACSAT-2_not_detected,LILACSAT-2,train,0.45
client_LILACSAT-2_not_detected_maxto8_72,11.430827711105346,71718.75,67026.8691588785,15035.739847274319,1.0,7.621282577514648,-6.701242643460524,191015.625,1.07,0,0,LILACSAT-2_not_detected\maxto8\spectrogram72_437200000.txt,240000.0,1024,0,nondetection; above; 0.4 dB on track,client_LILACSAT-2_not_detected_maxto8,LILACSAT-2_not_detected,LILACSAT-2,train,0.42
client_LILACSAT-2_not_detected_maxto8_73,11.334609575271607,24140.625,22561.33177570093,12550.705413111016,1.0,8.1762056350708,-6.701533212125042,191250.0,1.07,0,0,LILACSAT-2_not_detected\maxto8\spectrogram73_437200000.txt,240000.0,1024,0,nondetection; above; 0.4 dB on track,client_LILACSAT-2_not_detected_maxto8,LILACSAT-2_not_detected,LILACSAT-2,train,0.35
client_LILACSAT-2_not_detected_maxto8_74,11.44745241165161,11250.0,10514.018691588784,14102.90651803719,1.0,8.995287895202637,-6.714536884464082,192070.3125,1.07,0,0,LILACSAT-2_not_detected\maxto8\spectrogram74_437200000.txt,240000.0,1024,0,nondetection; above; 0.1 dB on track,client_LILACSAT-2_not_detected_maxto8,LILACSAT-2_not_detected,LILACSAT-2,train,0.14
client_LILACSAT-2_not_detected_maxto8_75,11.566370572090149,83906.25,78417.05607476635,13864.77209741549,1.0,8.718310356140137,-6.704363364993723,191015.625,1.07,0,0,LILACSAT-2_not_detected\maxto8\spectrogram75_437200000.txt,240000.0,1024,0,nondetection; above; 0.4 dB on track,client_LILACSAT-2_not_detected_maxto8,LILACSAT-2_not_detected,LILACSAT-2,train,0.42
client_LILACSAT-2_not_detected_maxto8_76,11.484015605926514,468.75,438.0841121495327,13842.977715647008,1.0,8.215487480163574,-6.336139807710009,190546.875,1.07,0,0,LILACSAT-2_not_detected\maxto8\spectrogram76_437200000.txt,240000.0,1024,0,nondetection; above; 0.1 dB on track,client_LILACSAT-2_not_detected_maxto8,LILACSAT-2_not_detected,LILACSAT-2,train,0.13
client_LILACSAT-2_not_detected_maxto8_77,11.52750354194641,61171.875,57169.97663551402,12861.622131349346,1.0,8.292922019958496,-6.551985133736281,191601.5625,1.07,0,0,LILACSAT-2_not_detected\maxto8\spectrogram77_437200000.txt,240000.0,1024,0,nondetection; above; 0.7 dB on track,client_LILACSAT-2_not_detected_maxto8,LILACSAT-2_not_detected,LILACSAT-2,train,0.73
client_LILACSAT-2_not_detected_maxto8_78,11.432484344482422,40078.125,37456.19158878504,12167.731576980792,1.0,8.645835876464844,-6.522170410417224,191718.75,1.07,0,0,LILACSAT-2_not_detected\maxto8\spectrogram78_437200000.txt,240000.0,1024,0,nondetection; above; 0.3 dB on track,client_LILACSAT-2_not_detected_maxto8,LILACSAT-2_not_detected,LILACSAT-2,train,0.31
client_LILACSAT-2_not_detected_maxto8_79,11.544026099205016,43828.125,40960.86448598131,13169.102852255055,1.0,8.384596824645996,-6.471841193929889,191250.0,1.07,0,0,LILACSAT-2_not_detected\maxto8\spectrogram79_437200000.txt,240000.0,1024,0,nondetection; above; 0.2 dB on track,client_LILACSAT-2_not_detected_maxto8,LILACSAT-2_not_detected,LILACSAT-2,train,0.22
client_LILACSAT-2_not_detected_maxto8_80,11.495947575569152,24843.75,23218.457943925234,11550.112633256455,1.0,8.06613826751709,-6.646897847623992,191718.75,1.07,0,0,LILACSAT-2_not_detected\maxto8\spectrogram80_437200000.txt,240000.0,1024,0,nondetection; above; 0.2 dB on track,client_LILACSAT-2_not_detected_maxto8,LILACSAT-2_not_detected,LILACSAT-2,train,0.21
client_LILACSAT-2_not_detected_maxto8_81,11.403093085289001,27421.875,25627.92056074766,13048.890031703037,1.0,8.505646705627441,-6.686109522059802,190312.5,1.07,0,0,LILACSAT-2_not_detected\maxto8\spectrogram81_437200000.txt,240000.0,1024,0,nondetection; above; 0.4 dB on track,client_LILACSAT-2_not_detected_maxto8,LILACSAT-2_not_detected,LILACSAT-2,train,0.36
client_LILACSAT-2_not_detected_maxto8_82,11.594432827949523,38437.5,35922.89719626168,12212.201132063208,1.0,9.057174682617188,-6.712934788949337,191015.625,1.07,0,0,LILACSAT-2_not_detected\maxto8\spectrogram82_437200000.txt,240000.0,1024,0,nondetection; above; 0.1 dB on track,client_LILACSAT-2_not_detected_maxto8,LILACSAT-2_not_detected,LILACSAT-2,train,0.11
client_LILACSAT-2_not_detected_maxto8_83,11.466093780517578,51093.75,47751.168224299065,13786.984285284365,1.0,8.24174976348877,-6.697235721729159,192187.5,1.07,0,0,LILACSAT-2_not_detected\maxto8\spectrogram83_437200000.txt,240000.0,1024,0,nondetection; above; 0.2 dB on track,client_LILACSAT-2_not_detected_maxto8,LILACSAT-2_not_detected,LILACSAT-2,train,0.16
client_LILACSAT-2_not_detected_maxto8_84,11.529527521133422,57890.625,54103.38785046728,14432.399642336875,1.0,8.191499710083008,-6.714384199425942,190429.6875,1.07,0,0,LILACSAT-2_not_detected\maxto8\spectrogram84_437200000.txt,240000.0,1024,0,nondetection; above; 0.3 dB on track,client_LILACSAT-2_not_detected_maxto8,LILACSAT-2_not_detected,LILACSAT-2,train,0.29
client_LILACSAT-2_not_detected_maxto8_85,11.546827934265137,80390.625,75131.42523364486,14925.606432993862,1.0,8.740565299987793,-6.65725644337985,191250.0,1.07,0,0,LILACSAT-2_not_detected\maxto8\spectrogram85_437200000.txt,240000.0,1024,0,nondetection; above; 0.5 dB on track,client_LILACSAT-2_not_detected_maxto8,LILACSAT-2_not_detected,LILACSAT-2,train,0.48
client_LILACSAT-2_not_detected_maxto8_86,11.436569971084594,468.75,438.0841121495327,14018.72566842193,1.0,8.00136661529541,-6.719668384894452,193593.75,1.07,0,0,LILACSAT-2_not_detected\maxto8\spectrogram86_437200000.txt,240000.0,1024,0,nondetection; above; 0.3 dB on track,client_LILACSAT-2_not_detected_maxto8,LILACSAT-2_not_detected,LILACSAT-2,train,0.27
client_LILACSAT-2_not_detected_maxto8_87,11.418513088226318,30234.375,28256.42523364486,14648.135679682013,1.0,8.109230995178223,-6.672405514916985,192890.625,1.07,0,0,LILACSAT-2_not_detected\maxto8\spectrogram87_437200000.txt,240000.0,1024,0,nondetection; above; 0.8 dB on track,client_LILACSAT-2_not_detected_maxto8,LILACSAT-2_not_detected,LILACSAT-2,train,0.8
client_LILACSAT-2_not_detected_maxto8_88,11.465189645767213,72890.625,68122.07943925234,13039.085218777209,1.0,8.40736198425293,-6.68001044940629,190078.125,1.07,0,0,LILACSAT-2_not_detected\maxto8\spectrogram88_437200000.txt,240000.0,1024,0,nondetection; above; 0.2 dB on track,client_LILACSAT-2_not_detected_maxto8,LILACSAT-2_not_detected,LILACSAT-2,train,0.23
client_LILACSAT-2_not_detected_maxto8_89,11.456865072250366,54140.625,50598.714953271025,17032.143954656192,1.0,8.575414657592773,-6.680469753673825,190664.0625,1.07,0,0,LILACSAT-2_not_detected\maxto8\spectrogram89_437200000.txt,240000.0,1024,0,nondetection; above; 0.4 dB on track,client_LILACSAT-2_not_detected_maxto8,LILACSAT-2_not_detected,LILACSAT-2,train,0.42
client_LILACSAT-2_not_detected_maxto8_90,11.407040545463563,115312.5,107768.69158878503,14322.165373797596,1.0,8.01132583618164,-6.720353313521536,189843.75,1.07,0,0,LILACSAT-2_not_detected\maxto8\spectrogram90_437200000.txt,240000.0,1024,0,nondetection; above; 0.2 dB on track,client_LILACSAT-2_not_detected_maxto8,LILACSAT-2_not_detected,LILACSAT-2,train,0.23
client_LILACSAT-2_not_detected_maxto8_91,11.393203814506531,9609.375,8980.72429906542,12306.139642833461,1.0,8.330208778381348,-6.660701342559924,193359.375,1.07,0,0,LILACSAT-2_not_detected\maxto8\spectrogram91_437200000.txt,240000.0,1024,0,nondetection; above; 0.3 dB on track,client_LILACSAT-2_not_detected_maxto8,LILACSAT-2_not_detected,LILACSAT-2,train,0.29
client_LILACSAT-2_not_detected_maxto8_92,11.404488465309143,82734.375,77321.84579439252,12883.071806915568,1.0,8.809992790222168,-6.681554887617824,190781.25,1.07,0,0,LILACSAT-2_not_detected\maxto8\spectrogram92_437200000.txt,240000.0,1024,0,nondetection; above; 0.1 dB on track,client_LILACSAT-2_not_detected_maxto8,LILACSAT-2_not_detected,LILACSAT-2,train,0.11
client_LILACSAT-2_not_detected_maxto8_93,11.50458133983612,71015.625,66369.7429906542,13928.66066885575,1.0,9.303054809570312,-6.716528092152768,192187.5,1.07,0,0,LILACSAT-2_not_detected\maxto8\spectrogram93_437200000.txt,240000.0,1024,0,nondetection; above; 0.2 dB on track,client_LILACSAT-2_not_detected_maxto8,LILACSAT-2_not_detected,LILACSAT-2,train,0.25
client_LILACSAT-2_not_detected_maxto8_94,11.443208815574646,38671.875,36141.939252336444,14661.198603057312,1.0,8.173013687133789,-6.709443321892301,193007.8125,1.07,0,0,LILACSAT-2_not_detected\maxto8\spectrogram94_437200000.txt,240000.0,1024,0,nondetection; above; 0.1 dB on track,client_LILACSAT-2_not_detected_maxto8,LILACSAT-2_not_detected,LILACSAT-2,train,0.09
client_LILACSAT-2_not_detected_maxto8_95,11.46852275276184,30468.75,28475.467289719625,11084.41424255717,1.0,8.170853614807129,-6.690065363159647,192070.3125,1.07,0,0,LILACSAT-2_not_detected\maxto8\spectrogram95_437200000.txt,240000.0,1024,0,nondetection; above; 0.1 dB on track,client_LILACSAT-2_not_detected_maxto8,LILACSAT-2_not_detected,LILACSAT-2,train,0.12
client_LILACSAT-2_not_detected_maxto8_96,11.561234371185304,4453.125,4161.7990654205605,14766.37612685396,1.0,9.093913078308105,-6.701719960082608,191601.5625,1.07,0,0,LILACSAT-2_not_detected\maxto8\spectrogram96_437200000.txt,240000.0,1024,0,nondetection; above; 0.4 dB on track,client_LILACSAT-2_not_detected_maxto8,LILACSAT-2_not_detected,LILACSAT-2,train,0.37
client_LILACSAT-2_not_detected_maxto8_97,11.511900705337524,36093.75,33732.47663551402,13091.211778375291,1.0,7.927978992462158,-6.689479880460325,190312.5,1.07,0,0,LILACSAT-2_not_detected\maxto8\spectrogram97_437200000.txt,240000.0,1024,0,nondetection; above; 0.1 dB on track,client_LILACSAT-2_not_detected_maxto8,LILACSAT-2_not_detected,LILACSAT-2,train,0.07
client_LILACSAT-2_not_detected_maxto8_98,11.411023876190185,22968.75,21466.1214953271,14650.479373645057,1.0,8.08227252960205,-6.692074491634601,191835.9375,1.07,0,0,LILACSAT-2_not_detected\maxto8\spectrogram98_437200000.txt,240000.0,1024,0,nondetection; above; 0.8 dB on track,client_LILACSAT-2_not_detected_maxto8,LILACSAT-2_not_detected,LILACSAT-2,train,0.78
client_LILACSAT-2_not_detected_maxto8_99,11.372049344062805,35156.25,32856.30841121495,12313.464029294862,1.0,8.053157806396484,-6.7038350086015,191250.0,1.07,0,0,LILACSAT-2_not_detected\maxto8\spectrogram99_437200000.txt,240000.0,1024,0,nondetection; above; 0.7 dB on track,client_LILACSAT-2_not_detected_maxto8,LILACSAT-2_not_detected,LILACSAT-2,train,0.66
client_LILACSAT-2_not_detected_8to-5_0,11.405677737236022,62109.375,58046.14485981308,14822.320542456022,1.0,8.339205741882324,-6.670646287565686,191953.125,1.07,0,0,LILACSAT-2_not_detected\8to-5\spectrogram0_437200000.txt,240000.0,1024,0,nondetection; mixed; 0.4 dB on track,client_LILACSAT-2_not_detected_8to-5,LILACSAT-2_not_detected,LILACSAT-2,train,0.38
client_LILACSAT-2_not_detected_8to-5_1,11.479740403175354,11250.0,10514.018691588784,12400.329289439898,1.0,8.307878494262695,-6.677490048716958,192890.625,1.07,0,0,LILACSAT-2_not_detected\8to-5\spectrogram1_437200000.txt,240000.0,1024,0,nondetection; mixed; 0.2 dB on track,client_LILACSAT-2_not_detected_8to-5,LILACSAT-2_not_detected,LILACSAT-2,train,0.16
client_LILACSAT-2_not_detected_8to-5_2,11.388093186378478,30937.5,28913.551401869157,14247.527912803696,1.0,8.147936820983887,-6.70682142736555,190664.0625,1.07,0,0,LILACSAT-2_not_detected\8to-5\spectrogram2_437200000.txt,240000.0,1024,0,nondetection; mixed; 0.4 dB on track,client_LILACSAT-2_not_detected_8to-5,LILACSAT-2_not_detected,LILACSAT-2,train,0.41
client_LILACSAT-2_not_detected_8to-5_3,11.420375986099243,38437.5,35922.89719626168,14628.844079391665,1.0,8.906314849853516,-6.708948094731685,191250.0,1.07,0,0,LILACSAT-2_not_detected\8to-5\spectrogram3_437200000.txt,240000.0,1024,0,nondetection; mixed; 0.4 dB on track,client_LILACSAT-2_not_detected_8to-5,LILACSAT-2_not_detected,LILACSAT-2,train,0.4
client_LILACSAT-2_not_detected_8to-5_4,11.428842748641967,61171.875,57169.97663551402,16921.055360475184,1.0,7.932541847229004,-6.688565374381648,192070.3125,1.07,0,0,LILACSAT-2_not_detected\8to-5\spectrogram4_437200000.txt,240000.0,1024,0,nondetection; mixed; 0.3 dB on track,client_LILACSAT-2_not_detected_8to-5,LILACSAT-2_not_detected,LILACSAT-2,train,0.28
client_LILACSAT-2_not_detected_8to-5_5,11.475872905731201,23671.875,22123.2476635514,14216.44861820699,1.0,8.11254596710205,-6.700908435180866,190898.4375,1.07,0,0,LILACSAT-2_not_detected\8to-5\spectrogram5_437200000.txt,240000.0,1024,0,nondetection; mixed; 0.5 dB on track,client_LILACSAT-2_not_detected_8to-5,LILACSAT-2_not_detected,LILACSAT-2,train,0.49
client_LILACSAT-2_not_detected_8to-5_6,11.484432420730592,39375.0,36799.06542056074,13896.918699350279,1.0,8.163386344909668,-6.688207937867908,192539.0625,1.07,0,0,LILACSAT-2_not_detected\8to-5\spectrogram6_437200000.txt,240000.0,1024,0,nondetection; mixed; 0.8 dB on track,client_LILACSAT-2_not_detected_8to-5,LILACSAT-2_not_detected,LILACSAT-2,train,0.77
client_LILACSAT-2_not_detected_8to-5_7,11.494019347190857,7031.25,6571.26168224299,13950.65956532021,1.0,7.761753082275391,-6.69946929198299,190898.4375,1.07,0,0,LILACSAT-2_not_detected\8to-5\spectrogram7_437200000.txt,240000.0,1024,0,nondetection; mixed; 0.5 dB on track,client_LILACSAT-2_not_detected_8to-5,LILACSAT-2_not_detected,LILACSAT-2,train,0.49
client_LILACSAT-2_not_detected_8to-5_8,11.382778093338013,18046.875,16866.23831775701,12367.965509484753,1.0,7.967990875244141,-6.690867071599318,192656.25,1.07,0,0,LILACSAT-2_not_detected\8to-5\spectrogram8_437200000.txt,240000.0,1024,0,nondetection; mixed; 0.4 dB on track,client_LILACSAT-2_not_detected_8to-5,LILACSAT-2_not_detected,LILACSAT-2,train,0.42
client_LILACSAT-2_not_detected_8to-5_9,11.398207783699036,6562.5,6133.177570093458,14347.289238337316,1.0,8.587482452392578,-6.685387040394513,191718.75,1.07,0,0,LILACSAT-2_not_detected\8to-5\spectrogram9_437200000.txt,240000.0,1024,0,nondetection; mixed; 0.2 dB on track,client_LILACSAT-2_not_detected_8to-5,LILACSAT-2_not_detected,LILACSAT-2,train,0.21
client_LILACSAT-2_not_detected_8to-5_10,11.386234649658203,22734.375,21247.079439252335,14639.164707009275,1.0,10.278661727905273,-6.676905258422994,191015.625,1.07,0,0,LILACSAT-2_not_detected\8to-5\spectrogram10_437200000.txt,240000.0,1024,0,nondetection; mixed; 0.4 dB on track,client_LILACSAT-2_not_detected_8to-5,LILACSAT-2_not_detected,LILACSAT-2,train,0.38
client_LILACSAT-2_not_detected_8to-5_11,11.433223441123962,4687.5,4380.841121495327,10039.254526208377,1.0,8.778788566589355,-6.698035408198425,192656.25,1.07,0,0,LILACSAT-2_not_detected\8to-5\spectrogram11_437200000.txt,240000.0,1024,0,nondetection; mixed; 0.2 dB on track,client_LILACSAT-2_not_detected_8to-5,LILACSAT-2_not_detected,LILACSAT-2,train,0.25
client_LILACSAT-2_not_detected_8to-5_12,11.46820808315277,234.375,219.04205607476635,12948.374850553962,1.0,7.632570266723633,-6.668783604766124,191132.8125,1.07,0,0,LILACSAT-2_not_detected\8to-5\spectrogram12_437200000.txt,240000.0,1024,0,nondetection; mixed; 0.3 dB on track,client_LILACSAT-2_not_detected_8to-5,LILACSAT-2_not_detected,LILACSAT-2,train,0.25
client_LILACSAT-2_not_detected_8to-5_13,11.483302721977234,81796.875,76445.67757009345,15050.492126586592,1.0,8.481783866882324,-6.677285370283047,192539.0625,1.07,0,0,LILACSAT-2_not_detected\8to-5\spectrogram13_437200000.txt,240000.0,1024,0,nondetection; mixed; 0.2 dB on track,client_LILACSAT-2_not_detected_8to-5,LILACSAT-2_not_detected,LILACSAT-2,train,0.15
client_LILACSAT-2_not_detected_8to-5_14,11.439466438293458,58593.75,54760.51401869159,15141.806314302163,1.0,7.771047115325928,-6.663842224057647,191250.0,1.07,0,0,LILACSAT-2_not_detected\8to-5\spectrogram14_437200000.txt,240000.0,1024,0,nondetection; mixed; 0.2 dB on track,client_LILACSAT-2_not_detected_8to-5,LILACSAT-2_not_detected,LILACSAT-2,train,0.18
client_LILACSAT-2_not_detected_8to-5_15,11.416260151863098,12421.875,11609.228971962617,11825.695355991389,1.0,7.487262725830078,-6.677267521571012,192187.5,1.07,0,0,LILACSAT-2_not_detected\8to-5\spectrogram15_437200000.txt,240000.0,1024,0,nondetection; mixed; 0.3 dB on track,client_LILACSAT-2_not_detected_8to-5,LILACSAT-2_not_detected,LILACSAT-2,train,0.31
client_LILACSAT-2_not_detected_8to-5_16,11.497676173210143,67031.25,62646.02803738318,12831.673989876248,1.0,8.234686851501465,-6.678931967723376,191953.125,1.07,0,0,LILACSAT-2_not_detected\8to-5\spectrogram16_437200000.txt,240000.0,1024,0,nondetection; mixed; 0.5 dB on track,client_LILACSAT-2_not_detected_8to-5,LILACSAT-2_not_detected,LILACSAT-2,train,0.46
client_LILACSAT-2_not_detected_8to-5_17,11.328777180671691,47343.75,44246.4953271028,14244.059878780097,1.0,7.483523845672607,-6.663207318906883,190078.125,1.07,0,0,LILACSAT-2_not_detected\8to-5\spectrogram17_437200000.txt,240000.0,1024,0,nondetection; mixed; 0.7 dB on track,client_LILACSAT-2_not_detected_8to-5,LILACSAT-2_not_detected,LILACSAT-2,train,0.69
client_LILACSAT-2_not_detected_8to-5_18,11.438789333343506,2109.375,1971.3785046728972,11351.42177610267,1.0,9.180554389953613,-6.633691573579636,191835.9375,1.07,0,0,LILACSAT-2_not_detected\8to-5\spectrogram18_437200000.txt,240000.0,1024,0,nondetection; mixed; 0.2 dB on track,client_LILACSAT-2_not_detected_8to-5,LILACSAT-2_not_detected,LILACSAT-2,train,0.2
client_LILACSAT-2_not_detected_8to-5_19,11.450056515693664,5859.375,5476.051401869158,15785.847246834513,1.0,8.401782035827637,-6.653831590979751,191835.9375,1.07,0,0,LILACSAT-2_not_detected\8to-5\spectrogram19_437200000.txt,240000.0,1024,0,nondetection; mixed; 0.3 dB on track,client_LILACSAT-2_not_detected_8to-5,LILACSAT-2_not_detected,LILACSAT-2,train,0.35
client_LILACSAT-2_not_detected_8to-5_20,11.473660068511963,88593.75,82797.89719626168,16225.011255528603,1.0,8.148114204406738,-6.690759104867766,191367.1875,1.07,0,0,LILACSAT-2_not_detected\8to-5\spectrogram20_437200000.txt,240000.0,1024,0,nondetection; mixed; 0.2 dB on track,client_LILACSAT-2_not_detected_8to-5,LILACSAT-2_not_detected,LILACSAT-2,train,0.16
client_LILACSAT-2_not_detected_8to-5_21,11.491719024658202,37031.25,34608.64485981308,14017.811011846741,1.0,8.534636497497559,-6.459551808577152,191601.5625,1.07,0,0,LILACSAT-2_not_detected\8to-5\spectrogram21_437200000.txt,240000.0,1024,0,nondetection; mixed; 0.1 dB on track,client_LILACSAT-2_not_detected_8to-5,LILACSAT-2_not_detected,LILACSAT-2,train,0.12
client_LILACSAT-2_not_detected_8to-5_22,11.465869349479675,26250.0,24532.71028037383,13404.682195905823,1.0,8.498307228088379,-6.477402777264442,191953.125,1.07,0,0,LILACSAT-2_not_detected\8to-5\spectrogram22_437200000.txt,240000.0,1024,0,nondetection; mixed; 0.1 dB on track,client_LILACSAT-2_not_detected_8to-5,LILACSAT-2_not_detected,LILACSAT-2,train,0.13
client_LILACSAT-2_not_detected_8to-5_23,11.446523475646973,0.0,0.0,15622.227728461927,1.0,8.58326530456543,-6.421526304537184,190898.4375,1.07,0,0,LILACSAT-2_not_detected\8to-5\spectrogram23_437200000.txt,240000.0,1024,0,nondetection; mixed; 0.3 dB on track,client_LILACSAT-2_not_detected_8to-5,LILACSAT-2_not_detected,LILACSAT-2,train,0.35
client_LILACSAT-2_not_detected_8to-5_24,11.428092135429383,29062.5,27161.21495327103,15373.461822742394,1.0,7.981716632843018,-6.430744531370849,191484.375,1.07,0,0,LILACSAT-2_not_detected\8to-5\spectrogram24_437200000.txt,240000.0,1024,0,nondetection; mixed; 0.3 dB on track,client_LILACSAT-2_not_detected_8to-5,LILACSAT-2_not_detected,LILACSAT-2,train,0.28
client_LILACSAT-2_not_detected_8to-5_25,11.382680720329285,35156.25,32856.30841121495,14056.314830744028,1.0,8.368402481079102,-6.454108582127807,193007.8125,1.07,0,0,LILACSAT-2_not_detected\8to-5\spectrogram25_437200000.txt,240000.0,1024,0,nondetection; mixed; 0.4 dB on track,client_LILACSAT-2_not_detected_8to-5,LILACSAT-2_not_detected,LILACSAT-2,train,0.37
client_LILACSAT-2_not_detected_8to-5_26,11.426093306541443,67968.75,63522.19626168224,16463.608914645178,1.0,7.713511943817139,-6.42187245612861,190781.25,1.07,0,0,LILACSAT-2_not_detected\8to-5\spectrogram26_437200000.txt,240000.0,1024,0,nondetection; mixed; 0.1 dB on track,client_LILACSAT-2_not_detected_8to-5,LILACSAT-2_not_detected,LILACSAT-2,train,0.07
client_LILACSAT-2_not_detected_8to-5_27,11.399071760177613,53906.25,50379.67289719626,15533.331085220612,1.0,8.502861976623535,-6.507047914114339,194062.5,1.07,0,0,LILACSAT-2_not_detected\8to-5\spectrogram27_437200000.txt,240000.0,1024,0,nondetection; mixed; 0.5 dB on track,client_LILACSAT-2_not_detected_8to-5,LILACSAT-2_not_detected,LILACSAT-2,train,0.46
client_LILACSAT-2_not_detected_8to-5_28,11.403291031837464,52265.625,48846.378504672895,14107.383858282967,1.0,8.379172325134277,-6.531862095212682,192421.875,1.07,0,0,LILACSAT-2_not_detected\8to-5\spectrogram28_437200000.txt,240000.0,1024,0,nondetection; mixed; 0.5 dB on track,client_LILACSAT-2_not_detected_8to-5,LILACSAT-2_not_detected,LILACSAT-2,train,0.54
client_LILACSAT-2_not_detected_8to-5_29,11.469726687431335,57656.25,53884.34579439252,13202.584434240005,1.0,8.034804344177246,-6.52473258421895,191015.625,1.07,0,0,LILACSAT-2_not_detected\8to-5\spectrogram29_437200000.txt,240000.0,1024,0,nondetection; mixed; 0.3 dB on track,client_LILACSAT-2_not_detected_8to-5,LILACSAT-2_not_detected,LILACSAT-2,train,0.26
client_LILACSAT-2_not_detected_8to-5_30,11.46233798789978,44765.625,41837.03271028037,13543.090927607147,1.0,8.321368217468262,-6.568025852789991,193828.125,1.07,0,0,LILACSAT-2_not_detected\8to-5\spectrogram30_437200000.txt,240000.0,1024,0,nondetection; mixed; 0.3 dB on track,client_LILACSAT-2_not_detected_8to-5,LILACSAT-2_not_detected,LILACSAT-2,train,0.29
client_LILACSAT-2_not_detected_8to-5_31,11.436740333557129,42890.625,40084.69626168224,14259.24822588589,1.0,8.305158615112305,-6.536090614117192,190898.4375,1.07,0,0,LILACSAT-2_not_detected\8to-5\spectrogram31_437200000.txt,240000.0,1024,0,nondetection; mixed; -0.0 dB on track,client_LILACSAT-2_not_detected_8to-5,LILACSAT-2_not_detected,LILACSAT-2,train,-0.03
client_LILACSAT-2_not_detected_8to-5_32,11.46875908946991,56718.75,53008.17757009345,12862.868899374227,1.0,8.493837356567383,-6.5682779776276785,191953.125,1.07,0,0,LILACSAT-2_not_detected\8to-5\spectrogram32_437200000.txt,240000.0,1024,0,nondetection; mixed; -0.0 dB on track,client_LILACSAT-2_not_detected_8to-5,LILACSAT-2_not_detected,LILACSAT-2,train,-0.0
client_LILACSAT-2_not_detected_8to-5_33,11.439941586494445,123750.0,115654.20560747663,20022.201453070535,1.0,8.847381591796875,-6.515274512831111,191250.0,1.07,0,0,LILACSAT-2_not_detected\8to-5\spectrogram33_437200000.txt,240000.0,1024,0,nondetection; mixed; 0.6 dB on track,client_LILACSAT-2_not_detected_8to-5,LILACSAT-2_not_detected,LILACSAT-2,train,0.58
client_LILACSAT-2_not_detected_8to-5_34,11.442404978752137,26718.75,24970.794392523363,12949.506192368963,1.0,8.15023136138916,-6.588645643572993,192304.6875,1.07,0,0,LILACSAT-2_not_detected\8to-5\spectrogram34_437200000.txt,240000.0,1024,0,nondetection; mixed; 0.3 dB on track,client_LILACSAT-2_not_detected_8to-5,LILACSAT-2_not_detected,LILACSAT-2,train,0.28
client_LILACSAT-2_not_detected_8to-5_35,11.430179815292359,93750.0,87616.82242990653,14770.498079194684,1.0,7.852749824523926,-6.5365349893619,190546.875,1.07,0,0,LILACSAT-2_not_detected\8to-5\spectrogram35_437200000.txt,240000.0,1024,0,nondetection; mixed; 0.4 dB on track,client_LILACSAT-2_not_detected_8to-5,LILACSAT-2_not_detected,LILACSAT-2,train,0.44
client_LILACSAT-2_not_detected_8to-5_36,11.4509832239151,5390.625,5037.967289719626,14044.689991845311,1.0,8.135079383850098,-6.567571209295229,192539.0625,1.07,0,0,LILACSAT-2_not_detected\8to-5\spectrogram36_437200000.txt,240000.0,1024,0,nondetection; mixed; 0.2 dB on track,client_LILACSAT-2_not_detected_8to-5,LILACSAT-2_not_detected,LILACSAT-2,train,0.18
client_LILACSAT-2_not_detected_8to-5_37,11.483113302230835,18750.0,17523.364485981307,10739.798617064658,1.0,9.318197250366211,-6.524436320836074,191015.625,1.07,0,0,LILACSAT-2_not_detected\8to-5\spectrogram37_437200000.txt,240000.0,1024,0,nondetection; mixed; 0.6 dB on track,client_LILACSAT-2_not_detected_8to-5,LILACSAT-2_not_detected,LILACSAT-2,train,0.58
client_LILACSAT-2_not_detected_8to-5_38,11.503955622673034,56015.625,52351.051401869154,13921.55774247025,1.0,8.607342720031738,-6.526333957230345,190078.125,1.07,0,0,LILACSAT-2_not_detected\8to-5\spectrogram38_437200000.txt,240000.0,1024,0,nondetection; mixed; -0.0 dB on track,client_LILACSAT-2_not_detected_8to-5,LILACSAT-2_not_detected,LILACSAT-2,train,-0.01
client_LILACSAT-2_not_detected_8to-5_39,11.57152382850647,5625.0,5257.009345794392,12776.869087891759,1.0,8.700119972229004,-6.522562823791174,191484.375,1.07,0,0,LILACSAT-2_not_detected\8to-5\spectrogram39_437200000.txt,240000.0,1024,0,nondetection; mixed; 0.4 dB on track,client_LILACSAT-2_not_detected_8to-5,LILACSAT-2_not_detected,LILACSAT-2,train,0.35
client_LILACSAT-2_not_detected_8to-5_40,11.541303374290466,50625.0,47313.08411214953,15232.591028149594,1.0,8.411928176879883,-6.545207293629609,191015.625,1.07,0,0,LILACSAT-2_not_detected\8to-5\spectrogram40_437200000.txt,240000.0,1024,0,nondetection; mixed; 0.9 dB on track,client_LILACSAT-2_not_detected_8to-5,LILACSAT-2_not_detected,LILACSAT-2,train,0.92
client_LILACSAT-2_not_detected_8to-5_41,11.42575637435913,35859.375,33513.43457943925,14970.770154171785,1.0,8.141514778137207,-6.569795875279424,191367.1875,1.07,0,0,LILACSAT-2_not_detected\8to-5\spectrogram41_437200000.txt,240000.0,1024,0,nondetection; mixed; 0.5 dB on track,client_LILACSAT-2_not_detected_8to-5,LILACSAT-2_not_detected,LILACSAT-2,train,0.5
client_LILACSAT-2_not_detected_8to-5_42,11.448046681404113,7734.375,7228.387850467289,17090.91125542472,1.0,8.754267692565918,-6.518866057805308,190781.25,1.07,0,0,LILACSAT-2_not_detected\8to-5\spectrogram42_437200000.txt,240000.0,1024,0,nondetection; mixed; 0.3 dB on track,client_LILACSAT-2_not_detected_8to-5,LILACSAT-2_not_detected,LILACSAT-2,train,0.26
client_LILACSAT-2_not_detected_8to-5_43,11.391440921783447,12656.25,11828.271028037383,12976.178387532744,1.0,7.951957702636719,-6.4945941506464,190898.4375,1.07,0,0,LILACSAT-2_not_detected\8to-5\spectrogram43_437200000.txt,240000.0,1024,0,nondetection; mixed; 0.3 dB on track,client_LILACSAT-2_not_detected_8to-5,LILACSAT-2_not_detected,LILACSAT-2,train,0.35
client_LILACSAT-2_not_detected_8to-5_44,11.366274647712707,60703.125,56731.892523364484,12503.55510903737,1.0,8.242875099182129,-6.570592399890268,190898.4375,1.07,0,0,LILACSAT-2_not_detected\8to-5\spectrogram44_437200000.txt,240000.0,1024,0,nondetection; mixed; 0.7 dB on track,client_LILACSAT-2_not_detected_8to-5,LILACSAT-2_not_detected,LILACSAT-2,train,0.69
client_LILACSAT-2_not_detected_8to-5_45,11.452931183815002,75000.0,70093.45794392523,13638.134099666046,1.0,7.6980180740356445,-6.513917041432256,192421.875,1.07,0,0,LILACSAT-2_not_detected\8to-5\spectrogram45_437200000.txt,240000.0,1024,0,nondetection; mixed; 0.4 dB on track,client_LILACSAT-2_not_detected_8to-5,LILACSAT-2_not_detected,LILACSAT-2,train,0.44
client_LILACSAT-2_not_detected_8to-5_46,11.454437156677246,84609.375,79074.18224299065,16420.494720232866,1.0,8.365966796875,-6.585317127924915,191250.0,1.07,0,0,LILACSAT-2_not_detected\8to-5\spectrogram46_437200000.txt,240000.0,1024,0,nondetection; mixed; 0.5 dB on track,client_LILACSAT-2_not_detected_8to-5,LILACSAT-2_not_detected,LILACSAT-2,train,0.5
client_LILACSAT-2_not_detected_8to-5_47,11.473601927757263,27187.5,25408.878504672895,13521.600112562724,1.0,8.477636337280273,-6.514245967915249,191484.375,1.07,0,0,LILACSAT-2_not_detected\8to-5\spectrogram47_437200000.txt,240000.0,1024,0,nondetection; mixed; 0.1 dB on track,client_LILACSAT-2_not_detected_8to-5,LILACSAT-2_not_detected,LILACSAT-2,train,0.08
client_LILACSAT-2_not_detected_8to-5_48,11.42854462814331,39140.625,36580.023364485976,14269.119283931217,1.0,8.580940246582031,-6.596806357623721,191367.1875,1.07,0,0,LILACSAT-2_not_detected\8to-5\spectrogram48_437200000.txt,240000.0,1024,0,nondetection; mixed; 0.6 dB on track,client_LILACSAT-2_not_detected_8to-5,LILACSAT-2_not_detected,LILACSAT-2,train,0.61
client_LILACSAT-2_not_detected_8to-5_49,11.410841442108154,58828.125,54979.556074766355,12102.015568171075,1.0,8.857226371765137,-6.513204573003501,191484.375,1.07,0,0,LILACSAT-2_not_detected\8to-5\spectrogram49_437200000.txt,240000.0,1024,0,nondetection; mixed; 0.4 dB on track,client_LILACSAT-2_not_detected_8to-5,LILACSAT-2_not_detected,LILACSAT-2,train,0.4
client_LILACSAT-2_not_detected_8to-5_50,11.466095558166504,33046.875,30884.929906542053,16603.543954838595,1.0,8.020795822143555,-6.55997993624829,191718.75,1.07,0,0,LILACSAT-2_not_detected\8to-5\spectrogram50_437200000.txt,240000.0,1024,0,nondetection; mixed; 0.5 dB on track,client_LILACSAT-2_not_detected_8to-5,LILACSAT-2_not_detected,LILACSAT-2,train,0.52
client_LILACSAT-2_not_detected_8to-5_51,11.515180994987487,19921.875,18618.574766355137,12502.164580465424,1.0,8.148916244506836,-6.610472545576212,190781.25,1.07,0,0,LILACSAT-2_not_detected\8to-5\spectrogram51_437200000.txt,240000.0,1024,0,nondetection; mixed; 0.5 dB on track,client_LILACSAT-2_not_detected_8to-5,LILACSAT-2_not_detected,LILACSAT-2,train,0.5
client_LILACSAT-2_not_detected_8to-5_52,11.580489894866943,89296.875,83455.02336448598,14904.792034151844,1.0,8.958807945251465,-6.551391880449804,192070.3125,1.07,0,0,LILACSAT-2_not_detected\8to-5\spectrogram52_437200000.txt,240000.0,1024,0,nondetection; mixed; 0.4 dB on track,client_LILACSAT-2_not_detected_8to-5,LILACSAT-2_not_detected,LILACSAT-2,train,0.4
client_LILACSAT-2_not_detected_8to-5_53,11.53051378440857,92343.75,86302.57009345794,14392.836360322422,1.0,8.530439376831055,-6.503151883730204,191953.125,1.07,0,0,LILACSAT-2_not_detected\8to-5\spectrogram53_437200000.txt,240000.0,1024,0,nondetection; mixed; 0.3 dB on track,client_LILACSAT-2_not_detected_8to-5,LILACSAT-2_not_detected,LILACSAT-2,train,0.26
client_LILACSAT-2_not_detected_8to-5_54,11.44339964389801,11484.375,10733.06074766355,14024.683696057598,1.0,8.522119522094727,-6.475363655415481,192187.5,1.07,0,0,LILACSAT-2_not_detected\8to-5\spectrogram54_437200000.txt,240000.0,1024,0,nondetection; mixed; 0.3 dB on track,client_LILACSAT-2_not_detected_8to-5,LILACSAT-2_not_detected,LILACSAT-2,train,0.33
client_LILACSAT-2_not_detected_8to-5_55,11.450729363441468,40781.25,38113.31775700935,15088.52953132834,1.0,8.889270782470703,-6.552627668764976,191835.9375,1.07,0,0,LILACSAT-2_not_detected\8to-5\spectrogram55_437200000.txt,240000.0,1024,0,nondetection; mixed; 0.1 dB on track,client_LILACSAT-2_not_detected_8to-5,LILACSAT-2_not_detected,LILACSAT-2,train,0.08
client_LILACSAT-2_not_detected_8to-5_56,11.514575474739075,34453.125,32199.182242990653,13054.148474089681,1.0,8.690433502197266,-6.690102254480093,191718.75,1.07,0,0,LILACSAT-2_not_detected\8to-5\spectrogram56_437200000.txt,240000.0,1024,0,nondetection; mixed; 0.7 dB on track,client_LILACSAT-2_not_detected_8to-5,LILACSAT-2_not_detected,LILACSAT-2,train,0.7
client_LILACSAT-2_not_detected_8to-5_57,11.44051064968109,6093.75,5695.0934579439245,14179.960037494033,1.0,8.145369529724121,-6.6528719223890285,191484.375,1.07,0,0,LILACSAT-2_not_detected\8to-5\spectrogram57_437200000.txt,240000.0,1024,0,nondetection; mixed; 0.3 dB on track,client_LILACSAT-2_not_detected_8to-5,LILACSAT-2_not_detected,LILACSAT-2,train,0.26
client_LILACSAT-2_not_detected_8to-5_58,11.606976495651535,468.75,438.0841121495327,15161.265898825055,1.0,10.758627891540527,-4.88178986771712,187734.375,1.07,0,0,LILACSAT-2_not_detected\8to-5\spectrogram58_437200000.txt,240000.0,1024,0,nondetection; mixed; 0.3 dB on track,client_LILACSAT-2_not_detected_8to-5,LILACSAT-2_not_detected,LILACSAT-2,train,0.26
client_LILACSAT-2_not_detected_8to-5_59,11.559150128364562,5859.375,5476.051401869158,14200.770476944965,1.0,9.706851959228516,-5.324208800722469,189140.625,1.07,0,0,LILACSAT-2_not_detected\8to-5\spectrogram59_437200000.txt,240000.0,1024,0,nondetection; mixed; 0.5 dB on track,client_LILACSAT-2_not_detected_8to-5,LILACSAT-2_not_detected,LILACSAT-2,train,0.51
client_LILACSAT-2_not_detected_8to-5_60,11.488997833251954,83437.5,77978.97196261682,13965.079058334744,1.0,8.41269588470459,-6.03724375172984,191601.5625,1.07,0,0,LILACSAT-2_not_detected\8to-5\spectrogram60_437200000.txt,240000.0,1024,0,nondetection; mixed; 0.4 dB on track,client_LILACSAT-2_not_detected_8to-5,LILACSAT-2_not_detected,LILACSAT-2,train,0.38
client_LILACSAT-2_not_detected_8to-5_61,11.541420404434204,103125.0,96378.5046728972,14333.887395781407,1.0,8.570893287658691,-6.424047688194091,190078.125,1.07,0,0,LILACSAT-2_not_detected\8to-5\spectrogram61_437200000.txt,240000.0,1024,0,nondetection; mixed; 0.3 dB on track,client_LILACSAT-2_not_detected_8to-5,LILACSAT-2_not_detected,LILACSAT-2,train,0.33
client_LILACSAT-2_not_detected_8to-5_62,11.420147052764893,6328.125,5914.1355140186915,14810.000017565973,1.0,8.710280418395996,-6.504429584561657,192187.5,1.07,0,0,LILACSAT-2_not_detected\8to-5\spectrogram62_437200000.txt,240000.0,1024,0,nondetection; mixed; 0.6 dB on track,client_LILACSAT-2_not_detected_8to-5,LILACSAT-2_not_detected,LILACSAT-2,train,0.64
client_LILACSAT-2_not_detected_8to-5_63,11.418617010116577,66328.125,61988.90186915887,13268.8418525241,1.0,8.698704719543457,-6.420826434971553,192070.3125,1.07,0,0,LILACSAT-2_not_detected\8to-5\spectrogram63_437200000.txt,240000.0,1024,0,nondetection; mixed; 0.5 dB on track,client_LILACSAT-2_not_detected_8to-5,LILACSAT-2_not_detected,LILACSAT-2,train,0.5
client_LILACSAT-2_not_detected_8to-5_64,11.475784624099731,25546.875,23875.584112149532,16824.627831282414,1.0,9.359314918518066,-6.398712106773029,190781.25,1.07,0,0,LILACSAT-2_not_detected\8to-5\spectrogram64_437200000.txt,240000.0,1024,0,nondetection; mixed; 0.2 dB on track,client_LILACSAT-2_not_detected_8to-5,LILACSAT-2_not_detected,LILACSAT-2,train,0.2
client_LILACSAT-2_not_detected_8to-5_65,11.459196759223937,8203.125,7666.471962616822,15225.315021473523,1.0,8.572199821472168,-6.4987343143982,192070.3125,1.07,0,0,LILACSAT-2_not_detected\8to-5\spectrogram65_437200000.txt,240000.0,1024,0,nondetection; mixed; 0.2 dB on track,client_LILACSAT-2_not_detected_8to-5,LILACSAT-2_not_detected,LILACSAT-2,train,0.18
client_LILACSAT-2_not_detected_8to-5_66,11.474492620468139,18046.875,16866.23831775701,13853.549197295135,1.0,8.199575424194336,-6.615193737059585,193125.0,1.07,0,0,LILACSAT-2_not_detected\8to-5\spectrogram66_437200000.txt,240000.0,1024,0,nondetection; mixed; 0.1 dB on track,client_LILACSAT-2_not_detected_8to-5,LILACSAT-2_not_detected,LILACSAT-2,train,0.15
client_LILACSAT-2_not_detected_8to-5_67,11.45167135810852,9609.375,8980.72429906542,13015.93366740237,1.0,8.319069862365723,-6.589987741317859,192304.6875,1.07,0,0,LILACSAT-2_not_detected\8to-5\spectrogram67_437200000.txt,240000.0,1024,0,nondetection; mixed; 0.4 dB on track,client_LILACSAT-2_not_detected_8to-5,LILACSAT-2_not_detected,LILACSAT-2,train,0.41
client_LILACSAT-2_not_detected_8to-5_68,11.404842638969422,6093.75,5695.0934579439245,11418.472983613137,1.0,8.838043212890625,-6.603805022883458,191250.0,1.07,0,0,LILACSAT-2_not_detected\8to-5\spectrogram68_437200000.txt,240000.0,1024,0,nondetection; mixed; 0.7 dB on track,client_LILACSAT-2_not_detected_8to-5,LILACSAT-2_not_detected,LILACSAT-2,train,0.66
client_LILACSAT-2_not_detected_8to-5_69,11.458578476905823,41015.625,38332.35981308411,13872.333737991778,1.0,7.936711311340332,-6.593699859995058,190781.25,1.07,0,0,LILACSAT-2_not_detected\8to-5\spectrogram69_437200000.txt,240000.0,1024,0,nondetection; mixed; 0.4 dB on track,client_LILACSAT-2_not_detected_8to-5,LILACSAT-2_not_detected,LILACSAT-2,train,0.43
client_LILACSAT-2_not_detected_8to-5_70,11.44898882484436,44765.625,41837.03271028037,14121.819618241016,1.0,8.091676712036133,-6.5039543192144915,191718.75,1.07,0,0,LILACSAT-2_not_detected\8to-5\spectrogram70_437200000.txt,240000.0,1024,0,nondetection; mixed; 0.3 dB on track,client_LILACSAT-2_not_detected_8to-5,LILACSAT-2_not_detected,LILACSAT-2,train,0.25
client_LILACSAT-2_not_detected_8to-5_71,11.48834570980072,65859.375,61550.81775700934,15302.218660640172,1.0,8.16976261138916,-6.629960946768892,192539.0625,1.07,0,0,LILACSAT-2_not_detected\8to-5\spectrogram71_437200000.txt,240000.0,1024,0,nondetection; mixed; 0.6 dB on track,client_LILACSAT-2_not_detected_8to-5,LILACSAT-2_not_detected,LILACSAT-2,train,0.59
client_LILACSAT-2_not_detected_8to-5_72,11.41294546508789,9609.375,8980.72429906542,16666.742831232546,1.0,8.744269371032715,-6.5598363692033335,190781.25,1.07,0,0,LILACSAT-2_not_detected\8to-5\spectrogram72_437200000.txt,240000.0,1024,0,nondetection; mixed; 0.4 dB on track,client_LILACSAT-2_not_detected_8to-5,LILACSAT-2_not_detected,LILACSAT-2,train,0.42
client_LILACSAT-2_not_detected_8to-5_73,11.404756996154784,18281.25,17085.280373831774,15117.649488196885,1.0,8.042731285095215,-6.599250446100303,191953.125,1.07,0,0,LILACSAT-2_not_detected\8to-5\spectrogram73_437200000.txt,240000.0,1024,0,nondetection; mixed; 0.1 dB on track,client_LILACSAT-2_not_detected_8to-5,LILACSAT-2_not_detected,LILACSAT-2,train,0.14
client_LILACSAT-2_not_detected_8to-5_74,11.38463666820526,703.125,657.126168224299,14491.213579048961,1.0,7.862643718719482,-6.597772528880076,191718.75,1.07,0,0,LILACSAT-2_not_detected\8to-5\spectrogram74_437200000.txt,240000.0,1024,0,nondetection; mixed; 0.3 dB on track,client_LILACSAT-2_not_detected_8to-5,LILACSAT-2_not_detected,LILACSAT-2,train,0.32
client_LILACSAT-2_not_detected_8to-5_75,11.385879207611085,64921.875,60674.649532710275,14547.34015093649,1.0,8.094622611999512,-6.6559915467753,192304.6875,1.07,0,0,LILACSAT-2_not_detected\8to-5\spectrogram75_437200000.txt,240000.0,1024,0,nondetection; mixed; 0.1 dB on track,client_LILACSAT-2_not_detected_8to-5,LILACSAT-2_not_detected,LILACSAT-2,train,0.07
client_LILACSAT-2_not_detected_8to-5_76,11.444598230838775,1640.625,1533.2943925233644,15055.73115835126,1.0,8.899763107299805,-6.100241740651381,191484.375,1.07,0,0,LILACSAT-2_not_detected\8to-5\spectrogram76_437200000.txt,240000.0,1024,0,nondetection; mixed; 0.3 dB on track,client_LILACSAT-2_not_detected_8to-5,LILACSAT-2_not_detected,LILACSAT-2,train,0.28
client_LILACSAT-2_not_detected_8to-5_77,11.614743110656738,32343.75,30227.803738317754,13148.45619166762,1.0,8.575078010559082,-6.18836781487083,190312.5,1.07,0,0,LILACSAT-2_not_detected\8to-5\spectrogram77_437200000.txt,240000.0,1024,0,nondetection; mixed; 0.4 dB on track,client_LILACSAT-2_not_detected_8to-5,LILACSAT-2_not_detected,LILACSAT-2,train,0.37
client_LILACSAT-2_not_detected_8to-5_78,11.531413912773132,27890.625,26066.004672897194,13771.574372693827,1.0,8.871665000915527,-6.508215226054314,191484.375,1.07,0,0,LILACSAT-2_not_detected\8to-5\spectrogram78_437200000.txt,240000.0,1024,0,nondetection; mixed; 0.1 dB on track,client_LILACSAT-2_not_detected_8to-5,LILACSAT-2_not_detected,LILACSAT-2,train,0.11
client_LILACSAT-2_not_detected_8to-5_79,11.493449204444886,41015.625,38332.35981308411,13344.215400327903,1.0,9.511091232299805,-6.151623021404952,190664.0625,1.07,0,0,LILACSAT-2_not_detected\8to-5\spectrogram79_437200000.txt,240000.0,1024,0,nondetection; mixed; 0.3 dB on track,client_LILACSAT-2_not_detected_8to-5,LILACSAT-2_not_detected,LILACSAT-2,train,0.32
client_LILACSAT-2_not_detected_8to-5_80,11.540327884674072,13359.375,12485.397196261682,12974.492303788125,1.0,8.979190826416016,-5.800347333246891,190078.125,1.07,0,0,LILACSAT-2_not_detected\8to-5\spectrogram80_437200000.txt,240000.0,1024,0,nondetection; mixed; 0.2 dB on track,client_LILACSAT-2_not_detected_8to-5,LILACSAT-2_not_detected,LILACSAT-2,train,0.17
client_LILACSAT-2_not_detected_8to-5_81,11.567252285003661,85078.125,79512.26635514018,13743.943073784687,1.0,8.91098690032959,-5.8747534539887525,191484.375,1.07,0,0,LILACSAT-2_not_detected\8to-5\spectrogram81_437200000.txt,240000.0,1024,0,nondetection; mixed; 0.1 dB on track,client_LILACSAT-2_not_detected_8to-5,LILACSAT-2_not_detected,LILACSAT-2,train,0.13
client_LILACSAT-2_not_detected_8to-5_82,11.557248378753663,62812.5,58703.27102803738,13304.75708766665,1.0,9.723258972167969,-6.053344054291942,192070.3125,1.07,0,0,LILACSAT-2_not_detected\8to-5\spectrogram82_437200000.txt,240000.0,1024,0,nondetection; mixed; 0.1 dB on track,client_LILACSAT-2_not_detected_8to-5,LILACSAT-2_not_detected,LILACSAT-2,train,0.1
client_LILACSAT-2_not_detected_8to-5_83,11.448505157470704,11953.125,11171.144859813083,14602.841720004026,1.0,8.578182220458984,-6.409160532610109,192304.6875,1.07,0,0,LILACSAT-2_not_detected\8to-5\spectrogram83_437200000.txt,240000.0,1024,0,nondetection; mixed; 0.4 dB on track,client_LILACSAT-2_not_detected_8to-5,LILACSAT-2_not_detected,LILACSAT-2,train,0.4
client_LILACSAT-2_not_detected_8to-5_84,11.475896885871887,67734.375,63303.154205607476,16554.51224540511,1.0,8.823925971984863,-6.410197589517841,190312.5,1.07,0,0,LILACSAT-2_not_detected\8to-5\spectrogram84_437200000.txt,240000.0,1024,0,nondetection; mixed; 0.4 dB on track,client_LILACSAT-2_not_detected_8to-5,LILACSAT-2_not_detected,LILACSAT-2,train,0.38
client_LILACSAT-2_not_detected_8to-5_85,11.530937274932862,21562.5,20151.869158878504,12088.11722372139,1.0,8.648526191711426,-6.42428602494676,191484.375,1.07,0,0,LILACSAT-2_not_detected\8to-5\spectrogram85_437200000.txt,240000.0,1024,0,nondetection; mixed; 0.2 dB on track,client_LILACSAT-2_not_detected_8to-5,LILACSAT-2_not_detected,LILACSAT-2,train,0.16
client_LILACSAT-2_not_detected_8to-5_86,11.512943943023682,58593.75,54760.51401869159,12663.525247349671,1.0,9.151619911193848,-6.277534594547908,192304.6875,1.07,0,0,LILACSAT-2_not_detected\8to-5\spectrogram86_437200000.txt,240000.0,1024,0,nondetection; mixed; 0.5 dB on track,client_LILACSAT-2_not_detected_8to-5,LILACSAT-2_not_detected,LILACSAT-2,train,0.49
client_LILACSAT-2_not_detected_8to-5_87,11.45905904006958,16171.875,15113.901869158877,13149.566546095577,1.0,8.472244262695312,-6.531397402342419,191953.125,1.07,0,0,LILACSAT-2_not_detected\8to-5\spectrogram87_437200000.txt,240000.0,1024,0,nondetection; mixed; 0.1 dB on track,client_LILACSAT-2_not_detected_8to-5,LILACSAT-2_not_detected,LILACSAT-2,train,0.06
client_LILACSAT-2_not_detected_8to-5_88,11.466602194786072,91171.875,85207.35981308411,11944.57936628969,1.0,8.659947395324707,-6.612222518317465,190781.25,1.07,0,0,LILACSAT-2_not_detected\8to-5\spectrogram88_437200000.txt,240000.0,1024,0,nondetection; mixed; 0.1 dB on track,client_LILACSAT-2_not_detected_8to-5,LILACSAT-2_not_detected,LILACSAT-2,train,0.1
client_LILACSAT-2_not_detected_8to-5_89,11.50911890220642,43828.125,40960.86448598131,15355.15693751098,1.0,8.35766315460205,-6.63773316051204,191835.9375,1.07,0,0,LILACSAT-2_not_detected\8to-5\spectrogram89_437200000.txt,240000.0,1024,0,nondetection; mixed; 0.3 dB on track,client_LILACSAT-2_not_detected_8to-5,LILACSAT-2_not_detected,LILACSAT-2,train,0.3
client_LILACSAT-2_not_detected_8to-5_90,11.425497269630432,51328.125,47970.21028037383,11733.653790281447,1.0,7.66091251373291,-6.666452493327076,190312.5,1.07,0,0,LILACSAT-2_not_detected\8to-5\spectrogram90_437200000.txt,240000.0,1024,0,nondetection; mixed; 0.4 dB on track,client_LILACSAT-2_not_detected_8to-5,LILACSAT-2_not_detected,LILACSAT-2,train,0.36
client_LILACSAT-2_not_detected_8to-5_91,11.39737052822113,4218.75,3942.7570093457944,13477.024520589746,1.0,7.618104457855225,-6.655994629333537,191484.375,1.07,0,0,LILACSAT-2_not_detected\8to-5\spectrogram91_437200000.txt,240000.0,1024,0,nondetection; mixed; 0.1 dB on track,client_LILACSAT-2_not_detected_8to-5,LILACSAT-2_not_detected,LILACSAT-2,train,0.14
client_LILACSAT-2_not_detected_8to-5_92,11.408407228469848,82968.75,77540.88785046729,14513.375639610162,1.0,8.122024536132812,-6.660417474529816,191835.9375,1.07,0,0,LILACSAT-2_not_detected\8to-5\spectrogram92_437200000.txt,240000.0,1024,0,nondetection; mixed; 0.1 dB on track,client_LILACSAT-2_not_detected_8to-5,LILACSAT-2_not_detected,LILACSAT-2,train,0.13
client_LILACSAT-2_not_detected_8to-5_93,11.526160455703735,5390.625,5037.967289719626,15639.904004685412,1.0,8.19808292388916,-6.673638294322282,190546.875,1.07,0,0,LILACSAT-2_not_detected\8to-5\spectrogram93_437200000.txt,240000.0,1024,0,nondetection; mixed; 0.2 dB on track,client_LILACSAT-2_not_detected_8to-5,LILACSAT-2_not_detected,LILACSAT-2,train,0.16
client_LILACSAT-2_not_detected_8to-5_94,11.511422257423401,72656.25,67903.03738317757,15514.206612411876,1.0,8.17570686340332,-6.6477350455257325,191132.8125,1.07,0,0,LILACSAT-2_not_detected\8to-5\spectrogram94_437200000.txt,240000.0,1024,0,nondetection; mixed; 0.4 dB on track,client_LILACSAT-2_not_detected_8to-5,LILACSAT-2_not_detected,LILACSAT-2,train,0.39
client_LILACSAT-2_not_detected_8to-5_95,11.484615139961242,50625.0,47313.08411214953,14238.301113437048,1.0,8.84817123413086,-6.64793407326169,191250.0,1.07,0,0,LILACSAT-2_not_detected\8to-5\spectrogram95_437200000.txt,240000.0,1024,0,nondetection; mixed; 0.1 dB on track,client_LILACSAT-2_not_detected_8to-5,LILACSAT-2_not_detected,LILACSAT-2,train,0.08
client_LILACSAT-2_not_detected_8to-5_96,11.48545645904541,20625.0,19275.70093457944,13699.771718764063,1.0,8.478262901306152,-6.666645549628301,191015.625,1.07,0,0,LILACSAT-2_not_detected\8to-5\spectrogram96_437200000.txt,240000.0,1024,0,nondetection; mixed; 0.6 dB on track,client_LILACSAT-2_not_detected_8to-5,LILACSAT-2_not_detected,LILACSAT-2,train,0.64
client_LILACSAT-2_not_detected_8to-5_97,11.439964962959289,66093.75,61769.859813084106,12567.921522295457,1.0,7.933376312255859,-6.66236808721121,191367.1875,1.07,0,0,LILACSAT-2_not_detected\8to-5\spectrogram97_437200000.txt,240000.0,1024,0,nondetection; mixed; 0.2 dB on track,client_LILACSAT-2_not_detected_8to-5,LILACSAT-2_not_detected,LILACSAT-2,train,0.23
client_LILACSAT-2_not_detected_8to-5_98,11.467774408340453,38203.125,35703.85514018691,16428.86710987536,1.0,8.455178260803223,-6.6518880861279435,193125.0,1.07,0,0,LILACSAT-2_not_detected\8to-5\spectrogram98_437200000.txt,240000.0,1024,0,nondetection; mixed; 0.5 dB on track,client_LILACSAT-2_not_detected_8to-5,LILACSAT-2_not_detected,LILACSAT-2,train,0.53
client_LILACSAT-2_not_detected_8to-5_99,11.466454586029053,3515.625,3285.630841121495,13396.668845438076,1.0,8.392656326293945,-6.712144503383186,192187.5,1.07,0,0,LILACSAT-2_not_detected\8to-5\spectrogram99_437200000.txt,240000.0,1024,0,nondetection; mixed; 0.6 dB on track,client_LILACSAT-2_not_detected_8to-5,LILACSAT-2_not_detected,LILACSAT-2,train,0.58
client_SARAL_pass1_detected_notinsky_0,11.65725845781104,164062.5,153329.43925233645,17853.571865353926,1.0,40.2598991394043,-6.638062860967621,192656.25,1.07,0,0,SARAL_pass1_detected\notinsky\spectrogram0_465988000.txt,240000.0,1024,0,detected; below; 2.5 dB on track,client_SARAL_pass1_detected_notinsky,SARAL_pass1_detected,SARAL,train,2.46
client_SARAL_pass1_detected_notinsky_1,11.53538143825531,62109.375,58046.14485981308,14900.994652953537,1.0,8.366972923278809,-6.597451388624616,190078.125,1.07,0,0,SARAL_pass1_detected\notinsky\spectrogram1_465988000.txt,240000.0,1024,0,detected; below; 0.2 dB on track,client_SARAL_pass1_detected_notinsky,SARAL_pass1_detected,SARAL,train,0.2
client_SARAL_pass1_detected_notinsky_2,11.592812806129455,53671.875,50160.63084112149,16331.872022617463,1.0,8.109609603881836,-6.752157135555385,191367.1875,1.07,0,0,SARAL_pass1_detected\notinsky\spectrogram2_465988000.txt,240000.0,1024,0,detected; below; 0.2 dB on track,client_SARAL_pass1_detected_notinsky,SARAL_pass1_detected,SARAL,train,0.21
client_SARAL_pass1_detected_notinsky_3,11.566729732513428,7265.625,6790.303738317757,15130.395125821275,1.0,8.452106475830078,-6.754578836343314,191132.8125,1.07,0,0,SARAL_pass1_detected\notinsky\spectrogram3_465988000.txt,240000.0,1024,0,detected; below; 0.2 dB on track,client_SARAL_pass1_detected_notinsky,SARAL_pass1_detected,SARAL,train,0.22
client_SARAL_pass1_detected_notinsky_4,11.534508697509766,123046.875,114997.07943925232,15079.649520837114,1.0,8.675862312316895,-6.770993235980239,191484.375,1.07,0,0,SARAL_pass1_detected\notinsky\spectrogram4_465988000.txt,240000.0,1024,0,detected; below; 0.3 dB on track,client_SARAL_pass1_detected_notinsky,SARAL_pass1_detected,SARAL,train,0.33
client_SARAL_pass1_detected_notinsky_5,11.507295314788818,34687.5,32418.22429906542,13163.719915240164,1.0,8.83010196685791,-6.770002911674494,192773.4375,1.07,0,0,SARAL_pass1_detected\notinsky\spectrogram5_465988000.txt,240000.0,1024,0,detected; below; 0.3 dB on track,client_SARAL_pass1_detected_notinsky,SARAL_pass1_detected,SARAL,train,0.25
client_SARAL_pass1_detected_notinsky_6,11.563999121665955,5859.375,5476.051401869158,15347.194983371448,1.0,7.986130714416504,-6.796907725869713,192187.5,1.07,0,0,SARAL_pass1_detected\notinsky\spectrogram6_465988000.txt,240000.0,1024,0,detected; below; 0.5 dB on track,client_SARAL_pass1_detected_notinsky,SARAL_pass1_detected,SARAL,train,0.5
client_SARAL_pass1_detected_notinsky_7,11.499064811706543,74765.625,69874.41588785047,15344.16044132428,1.0,8.118708610534668,-6.837804571920164,190429.6875,1.07,0,0,SARAL_pass1_detected\notinsky\spectrogram7_465988000.txt,240000.0,1024,0,detected; below; 0.3 dB on track,client_SARAL_pass1_detected_notinsky,SARAL_pass1_detected,SARAL,train,0.27
client_SARAL_pass1_detected_notinsky_8,11.546597972869874,60000.0,56074.766355140186,15628.445614154407,1.0,8.022889137268066,-6.830662842739163,191367.1875,1.07,0,0,SARAL_pass1_detected\notinsky\spectrogram8_465988000.txt,240000.0,1024,0,detected; below; 0.3 dB on track,client_SARAL_pass1_detected_notinsky,SARAL_pass1_detected,SARAL,train,0.27
client_SARAL_pass1_detected_notinsky_9,11.56649954509735,75703.125,70750.58411214953,18503.986639060407,1.0,8.00637149810791,-6.881881321057,191718.75,1.07,0,0,SARAL_pass1_detected\notinsky\spectrogram9_465988000.txt,240000.0,1024,0,detected; below; 0.3 dB on track,client_SARAL_pass1_detected_notinsky,SARAL_pass1_detected,SARAL,train,0.31
client_SARAL_pass1_detected_notinsky_10,11.615295771598817,69375.0,64836.44859813084,16727.888298081863,1.0,9.018872261047363,-6.90866113151249,193828.125,1.07,0,0,SARAL_pass1_detected\notinsky\spectrogram10_465988000.txt,240000.0,1024,0,detected; below; 0.6 dB on track,client_SARAL_pass1_detected_notinsky,SARAL_pass1_detected,SARAL,train,0.62
client_SARAL_pass1_detected_notinsky_11,11.401481567382813,15703.125,14675.817757009345,14308.489288373441,1.0,8.14663028717041,-6.876265644415553,192421.875,1.07,0,0,SARAL_pass1_detected\notinsky\spectrogram11_465988000.txt,240000.0,1024,0,detected; below; 0.4 dB on track,client_SARAL_pass1_detected_notinsky,SARAL_pass1_detected,SARAL,train,0.43
client_SARAL_pass1_detected_notinsky_12,11.691916246414184,20859.375,19494.742990654206,18956.30331939622,1.0,7.7612624168396,-6.835773895185941,190664.0625,1.07,0,0,SARAL_pass1_detected\notinsky\spectrogram12_465988000.txt,240000.0,1024,0,detected; below; 0.6 dB on track,client_SARAL_pass1_detected_notinsky,SARAL_pass1_detected,SARAL,train,0.56
client_SARAL_pass1_detected_notinsky_13,11.641987441062927,13125.0,12266.355140186915,16098.277983120124,1.0,7.933376312255859,-6.865053470732933,192421.875,1.07,0,0,SARAL_pass1_detected\notinsky\spectrogram13_465988000.txt,240000.0,1024,0,detected; below; 0.3 dB on track,client_SARAL_pass1_detected_notinsky,SARAL_pass1_detected,SARAL,train,0.32
client_SARAL_pass1_detected_notinsky_14,11.78151374053955,15937.5,14894.859813084111,13803.969464832679,1.0,8.303365707397461,-6.815506851402859,190898.4375,1.07,0,0,SARAL_pass1_detected\notinsky\spectrogram14_465988000.txt,240000.0,1024,0,detected; below; 0.3 dB on track,client_SARAL_pass1_detected_notinsky,SARAL_pass1_detected,SARAL,train,0.28
client_SARAL_pass1_detected_notinsky_15,11.788139665603637,65390.625,61112.73364485981,14253.134822880977,1.0,9.44114875793457,-6.839306586465419,191015.625,1.07,0,0,SARAL_pass1_detected\notinsky\spectrogram15_465988000.txt,240000.0,1024,0,detected; below; -0.0 dB on track,client_SARAL_pass1_detected_notinsky,SARAL_pass1_detected,SARAL,train,-0.01
client_SARAL_pass1_detected_notinsky_16,11.611545588493348,71250.0,66588.78504672897,16255.742861149161,1.0,8.312978744506836,-6.882122707838891,194062.5,1.07,0,0,SARAL_pass1_detected\notinsky\spectrogram16_465988000.txt,240000.0,1024,0,detected; below; 0.4 dB on track,client_SARAL_pass1_detected_notinsky,SARAL_pass1_detected,SARAL,train,0.36
client_SARAL_pass1_detected_notinsky_17,11.554414603233337,26484.375,24751.752336448597,14570.030891532151,1.0,8.520755767822266,-6.825569209908734,193242.1875,1.07,0,0,SARAL_pass1_detected\notinsky\spectrogram17_465988000.txt,240000.0,1024,0,detected; below; 0.3 dB on track,client_SARAL_pass1_detected_notinsky,SARAL_pass1_detected,SARAL,train,0.3
client_SARAL_pass1_detected_notinsky_18,11.587386914253235,41953.125,39208.52803738318,14045.235396094518,1.0,8.115777969360352,-6.870363697106,190546.875,1.07,0,0,SARAL_pass1_detected\notinsky\spectrogram18_465988000.txt,240000.0,1024,0,detected; below; 0.6 dB on track,client_SARAL_pass1_detected_notinsky,SARAL_pass1_detected,SARAL,train,0.57
client_SARAL_pass1_detected_notinsky_19,11.565759532928467,7265.625,6790.303738317757,14212.37543521025,1.0,8.072471618652344,-6.852544587339592,193125.0,1.07,0,0,SARAL_pass1_detected\notinsky\spectrogram19_465988000.txt,240000.0,1024,0,detected; below; 0.6 dB on track,client_SARAL_pass1_detected_notinsky,SARAL_pass1_detected,SARAL,train,0.6
client_SARAL_pass1_detected_notinsky_20,11.501277270317077,44531.25,41617.990654205605,11927.517493246416,1.0,7.708321571350098,-6.840876083304002,193125.0,1.07,0,0,SARAL_pass1_detected\notinsky\spectrogram20_465988000.txt,240000.0,1024,0,detected; below; 0.4 dB on track,client_SARAL_pass1_detected_notinsky,SARAL_pass1_detected,SARAL,train,0.43
client_SARAL_pass1_detected_notinsky_21,11.732865689277649,69375.0,64836.44859813084,11401.95026939954,1.0,9.575751304626465,-6.571291636634959,194296.875,1.07,0,0,SARAL_pass1_detected\notinsky\spectrogram21_465988000.txt,240000.0,1024,0,detected; below; 0.6 dB on track,client_SARAL_pass1_detected_notinsky,SARAL_pass1_detected,SARAL,train,0.57
client_SARAL_pass1_detected_notinsky_22,11.937500486373901,29296.875,27380.257009345794,9023.241898061659,1.0,9.306065559387207,-6.51236051868106,196523.4375,1.07,0,0,SARAL_pass1_detected\notinsky\spectrogram22_465988000.txt,240000.0,1024,0,detected; below; 0.1 dB on track,client_SARAL_pass1_detected_notinsky,SARAL_pass1_detected,SARAL,train,0.13
client_SARAL_pass1_detected_notinsky_23,12.053106518745423,108750.0,101635.51401869158,14217.234772885351,1.0,10.239483833312988,-6.478595388390269,197460.9375,1.07,0,0,SARAL_pass1_detected\notinsky\spectrogram23_465988000.txt,240000.0,1024,0,detected; below; 0.6 dB on track,client_SARAL_pass1_detected_notinsky,SARAL_pass1_detected,SARAL,train,0.61
client_SARAL_pass1_detected_notinsky_24,11.701700364112854,93046.875,86959.69626168224,15534.839877782819,1.0,8.551270484924316,-6.813200942517076,195234.375,1.07,0,0,SARAL_pass1_detected\notinsky\spectrogram24_465988000.txt,240000.0,1024,0,detected; below; 0.1 dB on track,client_SARAL_pass1_detected_notinsky,SARAL_pass1_detected,SARAL,train,0.11
client_SARAL_pass1_detected_notinsky_25,11.581146516799926,9843.75,9199.766355140186,13022.395338943468,1.0,9.418553352355957,-6.899387513670155,193476.5625,1.07,0,0,SARAL_pass1_detected\notinsky\spectrogram25_465988000.txt,240000.0,1024,0,detected; below; 0.2 dB on track,client_SARAL_pass1_detected_notinsky,SARAL_pass1_detected,SARAL,train,0.24
client_SARAL_pass1_detected_notinsky_26,11.547829420089721,43593.75,40741.82242990654,14151.879769185553,1.0,9.193148612976074,-6.976335184975572,192421.875,1.07,0,0,SARAL_pass1_detected\notinsky\spectrogram26_465988000.txt,240000.0,1024,0,detected; below; 0.4 dB on track,client_SARAL_pass1_detected_notinsky,SARAL_pass1_detected,SARAL,train,0.4
client_SARAL_pass1_detected_notinsky_27,11.65306127357483,49921.875,46655.957943925234,17752.708551895426,1.0,8.762212753295898,-6.9967800381885,194296.875,1.07,0,0,SARAL_pass1_detected\notinsky\spectrogram27_465988000.txt,240000.0,1024,0,detected; below; 0.4 dB on track,client_SARAL_pass1_detected_notinsky,SARAL_pass1_detected,SARAL,train,0.39
client_SARAL_pass1_detected_notinsky_28,11.507757202148438,21796.875,20370.91121495327,15506.058008768243,1.0,8.222389221191406,-6.928692598991017,194179.6875,1.07,0,0,SARAL_pass1_detected\notinsky\spectrogram28_465988000.txt,240000.0,1024,0,detected; below; 0.1 dB on track,client_SARAL_pass1_detected_notinsky,SARAL_pass1_detected,SARAL,train,0.14
client_SARAL_pass1_detected_notinsky_29,11.62095384502411,11718.75,10952.102803738317,13550.724193365968,1.0,7.895042419433594,-6.950394848257937,194296.875,1.07,0,0,SARAL_pass1_detected\notinsky\spectrogram29_465988000.txt,240000.0,1024,0,detected; below; 0.4 dB on track,client_SARAL_pass1_detected_notinsky,SARAL_pass1_detected,SARAL,train,0.36
client_SARAL_pass1_detected_notinsky_30,11.581321007728576,88828.125,83016.93925233644,14175.796496053294,1.0,8.202340126037598,-6.977412980114165,193125.0,1.07,0,0,SARAL_pass1_detected\notinsky\spectrogram30_465988000.txt,240000.0,1024,0,detected; below; 0.7 dB on track,client_SARAL_pass1_detected_notinsky,SARAL_pass1_detected,SARAL,train,0.66
client_SARAL_pass1_detected_notinsky_31,11.578701362609863,45703.125,42713.200934579436,15226.75093891552,1.0,7.979623317718506,-6.993906430768246,191250.0,1.07,0,0,SARAL_pass1_detected\notinsky\spectrogram31_465988000.txt,240000.0,1024,0,detected; below; 0.3 dB on track,client_SARAL_pass1_detected_notinsky,SARAL_pass1_detected,SARAL,train,0.32
client_SARAL_pass1_detected_notinsky_32,11.562755681991577,15468.75,14456.775700934579,15405.531142329835,1.0,9.12326431274414,-6.992781303818233,193125.0,1.07,0,0,SARAL_pass1_detected\notinsky\spectrogram32_465988000.txt,240000.0,1024,0,detected; below; 0.1 dB on track,client_SARAL_pass1_detected_notinsky,SARAL_pass1_detected,SARAL,train,0.11
client_SARAL_pass1_detected_notinsky_33,11.514035592079162,9843.75,9199.766355140186,14330.073263091115,1.0,7.525757789611816,-6.988619995465936,193125.0,1.07,0,0,SARAL_pass1_detected\notinsky\spectrogram33_465988000.txt,240000.0,1024,0,detected; below; 0.3 dB on track,client_SARAL_pass1_detected_notinsky,SARAL_pass1_detected,SARAL,train,0.27
client_SARAL_pass1_detected_notinsky_34,11.654490405427767,7500.0,7009.345794392523,16105.474218035879,1.0,8.853557586669922,-7.008722970412074,191953.125,1.07,0,0,SARAL_pass1_detected\notinsky\spectrogram34_465988000.txt,240000.0,1024,0,detected; below; 0.2 dB on track,client_SARAL_pass1_detected_notinsky,SARAL_pass1_detected,SARAL,train,0.2
client_SARAL_pass1_detected_notinsky_35,11.592918181419373,3750.0,3504.6728971962616,14004.421450323058,1.0,7.882746696472168,-7.0276352713967265,192304.6875,1.07,0,0,SARAL_pass1_detected\notinsky\spectrogram35_465988000.txt,240000.0,1024,0,detected; below; 0.5 dB on track,client_SARAL_pass1_detected_notinsky,SARAL_pass1_detected,SARAL,train,0.52
client_SARAL_pass1_detected_notinsky_36,11.524545964241028,12656.25,11828.271028037383,15774.424043300536,1.0,7.776860237121582,-7.03683811010001,192656.25,1.07,0,0,SARAL_pass1_detected\notinsky\spectrogram36_465988000.txt,240000.0,1024,0,detected; below; 0.2 dB on track,client_SARAL_pass1_detected_notinsky,SARAL_pass1_detected,SARAL,train,0.21
client_SARAL_pass1_detected_notinsky_37,11.58726251411438,85781.25,80169.39252336448,15144.94592727393,1.0,8.122679710388184,-7.000930354158568,193125.0,1.07,0,0,SARAL_pass1_detected\notinsky\spectrogram37_465988000.txt,240000.0,1024,0,detected; below; -0.0 dB on track,client_SARAL_pass1_detected_notinsky,SARAL_pass1_detected,SARAL,train,-0.02
client_SARAL_pass1_detected_notinsky_38,11.61039723110199,59296.875,55417.64018691589,15438.613966129855,1.0,9.222923278808594,-7.039624560198132,193359.375,1.07,0,0,SARAL_pass1_detected\notinsky\spectrogram38_465988000.txt,240000.0,1024,0,detected; below; 0.2 dB on track,client_SARAL_pass1_detected_notinsky,SARAL_pass1_detected,SARAL,train,0.21
client_SARAL_pass1_detected_notinsky_39,11.591603939056396,24843.75,23218.457943925234,14428.87503467828,1.0,7.7624030113220215,-7.019703674538336,193476.5625,1.07,0,0,SARAL_pass1_detected\notinsky\spectrogram39_465988000.txt,240000.0,1024,0,detected; below; 0.4 dB on track,client_SARAL_pass1_detected_notinsky,SARAL_pass1_detected,SARAL,train,0.4
client_SARAL_pass1_detected_notinsky_40,11.70028224849701,105234.375,98349.88317757008,15740.186477544747,1.0,7.854085445404053,-7.047673810388493,191953.125,1.07,0,0,SARAL_pass1_detected\notinsky\spectrogram40_465988000.txt,240000.0,1024,0,detected; below; 0.5 dB on track,client_SARAL_pass1_detected_notinsky,SARAL_pass1_detected,SARAL,train,0.49
client_SARAL_pass1_detected_notinsky_41,11.497490828859164,4687.5,4380.841121495327,16693.09002994108,1.0,7.767005920410156,-7.017269190061032,190781.25,1.07,0,0,SARAL_pass1_detected\notinsky\spectrogram41_465988000.txt,240000.0,1024,0,detected; below; 0.4 dB on track,client_SARAL_pass1_detected_notinsky,SARAL_pass1_detected,SARAL,train,0.38
client_SARAL_pass1_detected_notinsky_42,11.500956647872925,91406.25,85426.40186915887,13714.548478539025,1.0,7.299192428588867,-7.036091487497586,194296.875,1.07,0,0,SARAL_pass1_detected\notinsky\spectrogram42_465988000.txt,240000.0,1024,0,detected; below; 0.5 dB on track,client_SARAL_pass1_detected_notinsky,SARAL_pass1_detected,SARAL,train,0.48
client_SARAL_pass1_detected_notinsky_43,11.586702501296998,92812.5,86740.65420560747,17063.379548590918,1.0,7.849991321563721,-7.0616339649179745,193476.5625,1.07,0,0,SARAL_pass1_detected\notinsky\spectrogram43_465988000.txt,240000.0,1024,0,detected; below; 0.3 dB on track,client_SARAL_pass1_detected_notinsky,SARAL_pass1_detected,SARAL,train,0.25
client_SARAL_pass1_detected_notinsky_44,11.558105794906616,149531.25,139748.83177570094,17448.17860303107,1.0,7.92319393157959,-7.048505026449151,192539.0625,1.07,0,0,SARAL_pass1_detected\notinsky\spectrogram44_465988000.txt,240000.0,1024,0,detected; below; 0.4 dB on track,client_SARAL_pass1_detected_notinsky,SARAL_pass1_detected,SARAL,train,0.37
client_SARAL_pass1_detected_notinsky_45,11.650494841575622,50859.375,47532.1261682243,15300.171338337099,1.0,8.968720436096191,-7.045039826784704,193125.0,1.07,0,0,SARAL_pass1_detected\notinsky\spectrogram45_465988000.txt,240000.0,1024,0,detected; below; 0.3 dB on track,client_SARAL_pass1_detected_notinsky,SARAL_pass1_detected,SARAL,train,0.31
client_SARAL_pass1_detected_notinsky_46,11.537087430000305,468.75,438.0841121495327,15160.029027845942,1.0,7.619468688964844,-7.032323111316236,193593.75,1.07,0,0,SARAL_pass1_detected\notinsky\spectrogram46_465988000.txt,240000.0,1024,0,detected; below; 0.1 dB on track,client_SARAL_pass1_detected_notinsky,SARAL_pass1_detected,SARAL,train,0.12
client_SARAL_pass1_detected_notinsky_47,11.51133410167694,5390.625,5037.967289719626,16861.116351855828,1.0,8.58296012878418,-7.019209880176236,193359.375,1.07,0,0,SARAL_pass1_detected\notinsky\spectrogram47_465988000.txt,240000.0,1024,0,detected; below; 0.0 dB on track,client_SARAL_pass1_detected_notinsky,SARAL_pass1_detected,SARAL,train,0.04
client_SARAL_pass1_detected_notinsky_48,11.64612228012085,89062.5,83235.98130841121,16229.741668104998,1.0,8.330405235290527,-7.02527045922802,195000.0,1.07,0,0,SARAL_pass1_detected\notinsky\spectrogram48_465988000.txt,240000.0,1024,0,detected; below; 0.4 dB on track,client_SARAL_pass1_detected_notinsky,SARAL_pass1_detected,SARAL,train,0.4
client_SARAL_pass1_detected_notinsky_49,11.556810507774353,72421.875,67683.9953271028,16339.482944258503,1.0,7.748332500457764,-7.028117401239753,193710.9375,1.07,0,0,SARAL_pass1_detected\notinsky\spectrogram49_465988000.txt,240000.0,1024,0,detected; below; 0.5 dB on track,client_SARAL_pass1_detected_notinsky,SARAL_pass1_detected,SARAL,train,0.48
client_SARAL_pass1_detected_notinsky_50,11.582564237594605,100781.25,94188.08411214953,17286.73155101424,1.0,8.607421875,-7.027994947380901,191953.125,1.07,0,0,SARAL_pass1_detected\notinsky\spectrogram50_465988000.txt,240000.0,1024,0,detected; below; 0.3 dB on track,client_SARAL_pass1_detected_notinsky,SARAL_pass1_detected,SARAL,train,0.28
client_SARAL_pass1_detected_notinsky_51,11.536424008369446,47812.5,44684.57943925233,14158.875850684442,1.0,8.236981391906738,-7.052057081121636,193242.1875,1.07,0,0,SARAL_pass1_detected\notinsky\spectrogram51_465988000.txt,240000.0,1024,0,detected; below; 0.4 dB on track,client_SARAL_pass1_detected_notinsky,SARAL_pass1_detected,SARAL,train,0.38
client_SARAL_pass1_detected_notinsky_52,11.566224367141723,97734.375,91340.53738317757,16748.202262447496,1.0,8.026578903198242,-7.04454161600986,193007.8125,1.07,0,0,SARAL_pass1_detected\notinsky\spectrogram52_465988000.txt,240000.0,1024,0,detected; below; 0.3 dB on track,client_SARAL_pass1_detected_notinsky,SARAL_pass1_detected,SARAL,train,0.27
client_SARAL_pass1_detected_notinsky_53,11.627288341522217,3750.0,3504.6728971962616,15614.903825084131,1.0,8.217598915100098,-7.052643849612927,193710.9375,1.07,0,0,SARAL_pass1_detected\notinsky\spectrogram53_465988000.txt,240000.0,1024,0,detected; below; 0.3 dB on track,client_SARAL_pass1_detected_notinsky,SARAL_pass1_detected,SARAL,train,0.26
client_SARAL_pass1_detected_notinsky_54,11.58604068183899,5156.25,4818.92523364486,13012.762156504126,1.0,8.553827285766602,-7.041910876559824,194414.0625,1.07,0,0,SARAL_pass1_detected\notinsky\spectrogram54_465988000.txt,240000.0,1024,0,detected; below; 0.2 dB on track,client_SARAL_pass1_detected_notinsky,SARAL_pass1_detected,SARAL,train,0.19
client_SARAL_pass1_detected_notinsky_55,11.569193328857422,7968.75,7447.4299065420555,16532.361136490923,1.0,7.495083808898926,-7.059902750006057,193359.375,1.07,0,0,SARAL_pass1_detected\notinsky\spectrogram55_465988000.txt,240000.0,1024,0,detected; below; 0.2 dB on track,client_SARAL_pass1_detected_notinsky,SARAL_pass1_detected,SARAL,train,0.22
client_SARAL_pass1_detected_notinsky_56,11.57819768333435,39375.0,36799.06542056074,16101.520304706402,1.0,7.542387008666992,-7.082614103734774,193476.5625,1.07,0,0,SARAL_pass1_detected\notinsky\spectrogram56_465988000.txt,240000.0,1024,0,detected; below; 0.4 dB on track,client_SARAL_pass1_detected_notinsky,SARAL_pass1_detected,SARAL,train,0.36
client_SARAL_pass1_detected_notinsky_57,11.659614827156068,2109.375,1971.3785046728972,12181.205245445693,1.0,7.985771179199219,-7.073395770059986,192890.625,1.07,0,0,SARAL_pass1_detected\notinsky\spectrogram57_465988000.txt,240000.0,1024,0,detected; below; 0.3 dB on track,client_SARAL_pass1_detected_notinsky,SARAL_pass1_detected,SARAL,train,0.3
client_SARAL_pass1_detected_notinsky_58,11.508089943885803,86718.75,81045.56074766355,14896.709688319666,1.0,7.911438941955566,-7.044709248992456,193359.375,1.07,0,0,SARAL_pass1_detected\notinsky\spectrogram58_465988000.txt,240000.0,1024,0,detected; below; 0.6 dB on track,client_SARAL_pass1_detected_notinsky,SARAL_pass1_detected,SARAL,train,0.56
client_SARAL_pass1_detected_notinsky_59,11.543650421142578,90468.75,84550.2336448598,13090.764084346438,1.0,8.732841491699219,-7.091316199054412,192539.0625,1.07,0,0,SARAL_pass1_detected\notinsky\spectrogram59_465988000.txt,240000.0,1024,0,detected; below; 0.1 dB on track,client_SARAL_pass1_detected_notinsky,SARAL_pass1_detected,SARAL,train,0.13
client_SARAL_pass1_detected_notinsky_60,11.54398187828064,79921.875,74693.34112149532,13072.824232632025,1.0,8.530139923095703,-7.109608078255414,191601.5625,1.07,0,0,SARAL_pass1_detected\notinsky\spectrogram60_465988000.txt,240000.0,1024,0,detected; below; 0.5 dB on track,client_SARAL_pass1_detected_notinsky,SARAL_pass1_detected,SARAL,train,0.53
client_SARAL_pass1_detected_notinsky_61,11.554452354431152,57890.625,54103.38785046728,12976.855818359005,1.0,8.249849319458008,-7.1008378934752185,191484.375,1.07,0,0,SARAL_pass1_detected\notinsky\spectrogram61_465988000.txt,240000.0,1024,0,detected; below; 0.2 dB on track,client_SARAL_pass1_detected_notinsky,SARAL_pass1_detected,SARAL,train,0.24
client_SARAL_pass1_detected_notinsky_62,11.56819181251526,144140.625,134710.8644859813,13468.078409988426,1.0,8.472423553466797,-7.102749526510302,192421.875,1.07,0,0,SARAL_pass1_detected\notinsky\spectrogram62_465988000.txt,240000.0,1024,0,detected; below; 0.3 dB on track,client_SARAL_pass1_detected_notinsky,SARAL_pass1_detected,SARAL,train,0.27
client_SARAL_pass1_detected_notinsky_63,11.588642446517945,41015.625,38332.35981308411,12598.947210157654,1.0,8.427483558654785,-7.072882725764284,193945.3125,1.07,0,0,SARAL_pass1_detected\notinsky\spectrogram63_465988000.txt,240000.0,1024,0,detected; below; 0.2 dB on track,client_SARAL_pass1_detected_notinsky,SARAL_pass1_detected,SARAL,train,0.24
client_SARAL_pass1_detected_notinsky_64,11.598867201805115,703.125,657.126168224299,14495.597323903059,1.0,8.720340728759766,-7.073448332685087,191953.125,1.07,0,0,SARAL_pass1_detected\notinsky\spectrogram64_465988000.txt,240000.0,1024,0,detected; below; 0.4 dB on track,client_SARAL_pass1_detected_notinsky,SARAL_pass1_detected,SARAL,train,0.39
client_SARAL_pass1_detected_notinsky_65,11.544708505630494,26015.625,24313.668224299065,14736.15130418966,1.0,7.585446834564209,-7.063766844899608,192656.25,1.07,0,0,SARAL_pass1_detected\notinsky\spectrogram65_465988000.txt,240000.0,1024,0,detected; below; 0.0 dB on track,client_SARAL_pass1_detected_notinsky,SARAL_pass1_detected,SARAL,train,0.03
client_SARAL_pass1_detected_notinsky_66,11.501994868278503,3515.625,3285.630841121495,15613.399988962212,1.0,7.920664310455322,-7.050954458552825,192421.875,1.07,0,0,SARAL_pass1_detected\notinsky\spectrogram66_465988000.txt,240000.0,1024,0,detected; below; 0.2 dB on track,client_SARAL_pass1_detected_notinsky,SARAL_pass1_detected,SARAL,train,0.16
client_SARAL_pass1_detected_notinsky_67,12.685210522651673,9375.0,8761.682242990653,13388.263509450304,1.0,18.123323440551758,-7.079389982287428,191250.0,1.07,0,0,SARAL_pass1_detected\notinsky\spectrogram67_465988000.txt,240000.0,1024,0,detected; below; 0.4 dB on track,client_SARAL_pass1_detected_notinsky,SARAL_pass1_detected,SARAL,train,0.42
client_SARAL_pass1_detected_notinsky_68,11.607464212417602,122109.375,114120.91121495326,15213.927684247014,1.0,7.963224411010742,-7.05015705998753,192656.25,1.07,0,0,SARAL_pass1_detected\notinsky\spectrogram68_465988000.txt,240000.0,1024,0,detected; below; 0.2 dB on track,client_SARAL_pass1_detected_notinsky,SARAL_pass1_detected,SARAL,train,0.16
client_SARAL_pass1_detected_notinsky_69,11.60080048274994,703.125,657.126168224299,18852.07861194562,1.0,8.116966247558594,-7.096218904187836,191601.5625,1.07,0,0,SARAL_pass1_detected\notinsky\spectrogram69_465988000.txt,240000.0,1024,0,detected; below; 0.3 dB on track,client_SARAL_pass1_detected_notinsky,SARAL_pass1_detected,SARAL,train,0.34
client_SARAL_pass1_detected_notinsky_70,11.57123840045929,64453.125,60236.56542056074,16783.772855187723,1.0,8.478947639465332,-7.092081761518815,192187.5,1.07,0,0,SARAL_pass1_detected\notinsky\spectrogram70_465988000.txt,240000.0,1024,0,detected; below; -0.0 dB on track,client_SARAL_pass1_detected_notinsky,SARAL_pass1_detected,SARAL,train,-0.02
client_SARAL_pass1_detected_notinsky_71,11.56840948677063,105468.75,98568.92523364486,14825.473849553684,1.0,8.435956001281738,-7.064025940527535,194648.4375,1.07,0,0,SARAL_pass1_detected\notinsky\spectrogram71_465988000.txt,240000.0,1024,0,detected; below; 0.4 dB on track,client_SARAL_pass1_detected_notinsky,SARAL_pass1_detected,SARAL,train,0.36
client_SARAL_pass1_detected_notinsky_72,11.522717524528504,46875.0,43808.41121495327,15438.852752715178,1.0,8.806156158447266,-7.066782756306091,194062.5,1.07,0,0,SARAL_pass1_detected\notinsky\spectrogram72_465988000.txt,240000.0,1024,0,detected; below; 0.7 dB on track,client_SARAL_pass1_detected_notinsky,SARAL_pass1_detected,SARAL,train,0.71
client_SARAL_pass1_detected_notinsky_73,11.48666402053833,57656.25,53884.34579439252,16730.966349563445,1.0,8.218578338623047,-7.0371989786559235,193593.75,1.07,0,0,SARAL_pass1_detected\notinsky\spectrogram73_465988000.txt,240000.0,1024,0,detected; below; 0.3 dB on track,client_SARAL_pass1_detected_notinsky,SARAL_pass1_detected,SARAL,train,0.29
client_SARAL_pass1_detected_notinsky_74,11.486074818611145,24375.0,22780.373831775698,15612.739181294763,1.0,7.545171737670898,-7.055602978515825,192890.625,1.07,0,0,SARAL_pass1_detected\notinsky\spectrogram74_465988000.txt,240000.0,1024,0,detected; below; 0.4 dB on track,client_SARAL_pass1_detected_notinsky,SARAL_pass1_detected,SARAL,train,0.36
client_SARAL_pass1_detected_notinsky_75,11.564545297359135,28125.0,26285.04672897196,13845.879331643313,1.0,8.019367218017578,-7.090578034280463,193828.125,1.07,0,0,SARAL_pass1_detected\notinsky\spectrogram75_465988000.txt,240000.0,1024,0,detected; below; 0.1 dB on track,client_SARAL_pass1_detected_notinsky,SARAL_pass1_detected,SARAL,train,0.07
client_SARAL_pass1_detected_notinsky_76,11.493243131637573,41015.625,38332.35981308411,12473.687550270733,1.0,7.841188907623291,-7.073974152709814,192187.5,1.07,0,0,SARAL_pass1_detected\notinsky\spectrogram76_465988000.txt,240000.0,1024,0,detected; below; -0.0 dB on track,client_SARAL_pass1_detected_notinsky,SARAL_pass1_detected,SARAL,train,-0.04
client_SARAL_pass1_detected_notinsky_77,11.505923658370971,65859.375,61550.81775700934,19498.145255054802,1.0,7.507867813110352,-7.085731989988291,192187.5,1.07,0,0,SARAL_pass1_detected\notinsky\spectrogram77_465988000.txt,240000.0,1024,0,detected; below; 0.1 dB on track,client_SARAL_pass1_detected_notinsky,SARAL_pass1_detected,SARAL,train,0.07
client_SARAL_pass1_detected_notinsky_78,11.557623391151429,69375.0,64836.44859813084,13694.724305550915,1.0,8.302750587463379,-7.070525823966566,194765.625,1.07,0,0,SARAL_pass1_detected\notinsky\spectrogram78_465988000.txt,240000.0,1024,0,detected; below; 0.7 dB on track,client_SARAL_pass1_detected_notinsky,SARAL_pass1_detected,SARAL,train,0.7
client_SARAL_pass1_detected_notinsky_79,11.56194225025177,11484.375,10733.06074766355,14080.39898034761,1.0,7.825465679168701,-7.110410955492094,197929.6875,1.07,0,0,SARAL_pass1_detected\notinsky\spectrogram79_465988000.txt,240000.0,1024,0,detected; below; 0.5 dB on track,client_SARAL_pass1_detected_notinsky,SARAL_pass1_detected,SARAL,train,0.48
client_SARAL_pass1_detected_notinsky_80,11.404238564491273,17109.375,15990.070093457944,17494.180827713295,1.0,8.266155242919922,-7.117983508975501,193359.375,1.07,0,0,SARAL_pass1_detected\notinsky\spectrogram80_465988000.txt,240000.0,1024,0,detected; below; 0.3 dB on track,client_SARAL_pass1_detected_notinsky,SARAL_pass1_detected,SARAL,train,0.29
client_SARAL_pass1_detected_notinsky_81,11.539953746795653,86250.0,80607.47663551402,17810.197024567624,1.0,7.517524242401123,-7.111898512339352,192187.5,1.07,0,0,SARAL_pass1_detected\notinsky\spectrogram81_465988000.txt,240000.0,1024,0,detected; below; 0.2 dB on track,client_SARAL_pass1_detected_notinsky,SARAL_pass1_detected,SARAL,train,0.2
client_SARAL_pass1_detected_notinsky_82,11.477747951507569,64687.5,60455.60747663551,16469.30165975436,1.0,7.980152606964111,-7.097966618862648,195703.125,1.07,0,0,SARAL_pass1_detected\notinsky\spectrogram82_465988000.txt,240000.0,1024,0,detected; below; 0.5 dB on track,client_SARAL_pass1_detected_notinsky,SARAL_pass1_detected,SARAL,train,0.54
client_SARAL_pass1_detected_notinsky_83,11.478013572692872,67031.25,62646.02803738318,13988.900506493856,1.0,8.145651817321777,-7.094271097759026,193125.0,1.07,0,0,SARAL_pass1_detected\notinsky\spectrogram83_465988000.txt,240000.0,1024,0,detected; below; 0.2 dB on track,client_SARAL_pass1_detected_notinsky,SARAL_pass1_detected,SARAL,train,0.23
client_SARAL_pass1_detected_notinsky_84,11.540827619552612,17812.5,16647.196261682242,13897.380268435514,1.0,7.810296535491943,-7.1091017907717236,194179.6875,1.07,0,0,SARAL_pass1_detected\notinsky\spectrogram84_465988000.txt,240000.0,1024,0,detected; below; 0.6 dB on track,client_SARAL_pass1_detected_notinsky,SARAL_pass1_detected,SARAL,train,0.55
client_SARAL_pass1_detected_notinsky_85,11.493709948539735,42187.5,39427.57009345794,16092.168136729846,1.0,7.44400691986084,-7.123187054944244,195468.75,1.07,0,0,SARAL_pass1_detected\notinsky\spectrogram85_465988000.txt,240000.0,1024,0,detected; below; 0.5 dB on track,client_SARAL_pass1_detected_notinsky,SARAL_pass1_detected,SARAL,train,0.48
client_SARAL_pass1_detected_notinsky_86,11.546167258262635,11015.625,10294.976635514018,11353.63178447171,1.0,7.817501544952393,-7.1284136664968445,195703.125,1.07,0,0,SARAL_pass1_detected\notinsky\spectrogram86_465988000.txt,240000.0,1024,0,detected; below; 0.3 dB on track,client_SARAL_pass1_detected_notinsky,SARAL_pass1_detected,SARAL,train,0.29
client_SARAL_pass1_detected_notinsky_87,11.492715509414673,90468.75,84550.2336448598,15193.633416532579,1.0,7.500331401824951,-7.1254694058326775,193125.0,1.07,0,0,SARAL_pass1_detected\notinsky\spectrogram87_465988000.txt,240000.0,1024,0,detected; below; 0.3 dB on track,client_SARAL_pass1_detected_notinsky,SARAL_pass1_detected,SARAL,train,0.34
client_SARAL_pass1_detected_notinsky_88,11.557960288020979,32109.375,30008.761682242988,16676.636634865015,1.0,7.677779197692871,-7.136453160781374,194414.0625,1.07,0,0,SARAL_pass1_detected\notinsky\spectrogram88_465988000.txt,240000.0,1024,0,detected; below; 0.3 dB on track,client_SARAL_pass1_detected_notinsky,SARAL_pass1_detected,SARAL,train,0.26
client_SARAL_pass1_detected_notinsky_89,11.531190974235535,22265.625,20808.995327102803,15627.273613432164,1.0,8.130967140197754,-7.113048959009993,195703.125,1.07,0,0,SARAL_pass1_detected\notinsky\spectrogram89_465988000.txt,240000.0,1024,0,detected; below; 0.4 dB on track,client_SARAL_pass1_detected_notinsky,SARAL_pass1_detected,SARAL,train,0.42
client_SARAL_pass1_detected_notinsky_90,11.574929902421784,3281.25,3066.588785046729,16425.233832131,1.0,8.235530853271484,-7.12251382088798,193476.5625,1.07,0,0,SARAL_pass1_detected\notinsky\spectrogram90_465988000.txt,240000.0,1024,0,detected; below; 0.4 dB on track,client_SARAL_pass1_detected_notinsky,SARAL_pass1_detected,SARAL,train,0.38
client_SARAL_pass1_detected_notinsky_91,11.487628192638065,3750.0,3504.6728971962616,13192.488083944423,1.0,9.591509819030762,-7.110177870765937,193828.125,1.07,0,0,SARAL_pass1_detected\notinsky\spectrogram91_465988000.txt,240000.0,1024,0,detected; below; 0.3 dB on track,client_SARAL_pass1_detected_notinsky,SARAL_pass1_detected,SARAL,train,0.29
client_SARAL_pass1_detected_notinsky_92,11.50402050971985,14062.5,13142.52336448598,16584.08314519493,1.0,8.016444206237793,-7.13146708959305,195117.1875,1.07,0,0,SARAL_pass1_detected\notinsky\spectrogram92_465988000.txt,240000.0,1024,0,detected; below; 0.4 dB on track,client_SARAL_pass1_detected_notinsky,SARAL_pass1_detected,SARAL,train,0.43
client_SARAL_pass1_detected_notinsky_93,11.501474493608532,16406.25,15332.943925233643,17987.829061716806,1.0,7.9085917472839355,-7.143886099552875,194414.0625,1.07,0,0,SARAL_pass1_detected\notinsky\spectrogram93_465988000.txt,240000.0,1024,0,detected; below; 0.2 dB on track,client_SARAL_pass1_detected_notinsky,SARAL_pass1_detected,SARAL,train,0.22
client_SARAL_pass1_detected_notinsky_94,11.419972546577453,44062.5,41179.90654205607,14322.182323633486,1.0,7.2351274490356445,-7.130163180412193,192656.25,1.07,0,0,SARAL_pass1_detected\notinsky\spectrogram94_465988000.txt,240000.0,1024,0,detected; below; 0.2 dB on track,client_SARAL_pass1_detected_notinsky,SARAL_pass1_detected,SARAL,train,0.17
client_SARAL_pass1_detected_notinsky_95,11.53744777393341,63750.0,59579.439252336444,16502.667385076315,1.0,9.582159996032715,-7.145199129750096,194414.0625,1.07,0,0,SARAL_pass1_detected\notinsky\spectrogram95_465988000.txt,240000.0,1024,0,detected; below; 0.3 dB on track,client_SARAL_pass1_detected_notinsky,SARAL_pass1_detected,SARAL,train,0.3
client_SARAL_pass1_detected_notinsky_96,11.59199746386916,35156.25,32856.30841121495,16665.044435280695,1.0,7.560194492340088,-7.1282147992803795,193359.375,1.07,0,0,SARAL_pass1_detected\notinsky\spectrogram96_465988000.txt,240000.0,1024,0,detected; below; 0.5 dB on track,client_SARAL_pass1_detected_notinsky,SARAL_pass1_detected,SARAL,train,0.48
client_SARAL_pass1_detected_notinsky_97,11.56872407245636,34687.5,32418.22429906542,12793.781830266013,1.0,8.19668960571289,-7.134496596992439,194414.0625,1.07,0,0,SARAL_pass1_detected\notinsky\spectrogram97_465988000.txt,240000.0,1024,0,detected; below; 0.3 dB on track,client_SARAL_pass1_detected_notinsky,SARAL_pass1_detected,SARAL,train,0.27
client_SARAL_pass1_detected_notinsky_98,11.392521767650502,25078.125,23437.5,13837.470837973227,1.0,7.917965412139893,-7.204713650338043,194531.25,1.07,0,0,SARAL_pass1_detected\notinsky\spectrogram98_465988000.txt,240000.0,1024,0,detected; below; 0.2 dB on track,client_SARAL_pass1_detected_notinsky,SARAL_pass1_detected,SARAL,train,0.17
client_SARAL_pass1_detected_notinsky_99,11.517268522262572,13125.0,12266.355140186915,15686.808794496517,1.0,7.460307598114014,-7.1906571753938096,194882.8125,1.07,0,0,SARAL_pass1_detected\notinsky\spectrogram99_465988000.txt,240000.0,1024,0,detected; below; 0.5 dB on track,client_SARAL_pass1_detected_notinsky,SARAL_pass1_detected,SARAL,train,0.48
client_SARAL_pass1_detected_justrisen_49,11.697831987970197,36562.5,34170.56074766355,12255.968121174663,1.0,8.746771812438965,-7.3446566194172735,193593.75,1.07,1,0,SARAL_pass1_detected\justrisen\spectrogram49_465988000.txt,240000.0,1024,0,detected; above; 6.1 dB on track,client_SARAL_pass1_detected_justrisen,SARAL_pass1_detected,SARAL,train,6.07
client_SARAL_pass1_detected_justrisen_50,11.788307245978874,16875.0,15771.028037383177,11378.524873472932,1.0,9.248223304748535,-7.322629780100958,192890.625,1.07,1,0,SARAL_pass1_detected\justrisen\spectrogram50_465988000.txt,240000.0,1024,0,detected; above; 6.3 dB on track,client_SARAL_pass1_detected_justrisen,SARAL_pass1_detected,SARAL,train,6.29
client_SARAL_pass1_detected_justrisen_51,11.732408171998811,78750.0,73598.13084112148,14413.881534225256,1.0,8.653833389282227,-7.3098705614910875,195000.0,1.07,1,0,SARAL_pass1_detected\justrisen\spectrogram51_465988000.txt,240000.0,1024,0,detected; above; 6.4 dB on track,client_SARAL_pass1_detected_justrisen,SARAL_pass1_detected,SARAL,train,6.37
client_SARAL_pass1_detected_justrisen_87,12.248680680648617,0.0,0.0,12361.58540676823,1.0,10.967290878295898,-7.449152857383021,193359.375,1.07,1,0,SARAL_pass1_detected\justrisen\spectrogram87_465988000.txt,240000.0,1024,0,detected; above; 7.8 dB on track,client_SARAL_pass1_detected_justrisen,SARAL_pass1_detected,SARAL,train,7.76
client_SARAL_pass1_detected_justrisen_88,14.021911340341624,0.0,0.0,46.96903219079311,1.0,11.376334190368652,-7.2102551245420985,193593.75,1.07,1,0,SARAL_pass1_detected\justrisen\spectrogram88_465988000.txt,240000.0,1024,0,detected; above; 10.5 dB on track,client_SARAL_pass1_detected_justrisen,SARAL_pass1_detected,SARAL,train,10.51
client_SARAL_pass1_detected_justrisen_89,14.524075527137539,0.0,0.0,0.0,1.0,11.630107879638672,-7.273173149186437,195585.9375,1.07,1,0,SARAL_pass1_detected\justrisen\spectrogram89_465988000.txt,240000.0,1024,0,detected; above; 11.0 dB on track,client_SARAL_pass1_detected_justrisen,SARAL_pass1_detected,SARAL,train,10.98
client_SARAL_pass1_detected_justrisen_90,14.922384767613867,234.375,219.04205607476635,53.54466360439719,1.0,12.167102813720703,-7.271519203198131,193359.375,1.07,1,0,SARAL_pass1_detected\justrisen\spectrogram90_465988000.txt,240000.0,1024,0,detected; above; 11.2 dB on track,client_SARAL_pass1_detected_justrisen,SARAL_pass1_detected,SARAL,train,11.22
client_SARAL_pass1_detected_justrisen_91,14.920306106027232,234.375,219.04205607476635,90.34183396612822,1.0,12.82336139678955,-7.31185830520835,196406.25,1.07,1,0,SARAL_pass1_detected\justrisen\spectrogram91_465988000.txt,240000.0,1024,0,detected; above; 10.6 dB on track,client_SARAL_pass1_detected_justrisen,SARAL_pass1_detected,SARAL,train,10.61
client_SARAL_pass1_detected_justrisen_92,12.654980080537872,26015.625,24313.668224299065,5592.146426456073,1.0,11.00423812866211,-7.333605217573076,195937.5,1.07,1,0,SARAL_pass1_detected\justrisen\spectrogram92_465988000.txt,240000.0,1024,0,detected; above; 6.9 dB on track,client_SARAL_pass1_detected_justrisen,SARAL_pass1_detected,SARAL,train,6.89
client_SARAL_pass1_detected_justrisen_93,12.32559737113561,60000.0,56074.766355140186,5519.107179068002,1.0,10.162254333496094,-7.303367169721727,196406.25,1.07,1,0,SARAL_pass1_detected\justrisen\spectrogram93_465988000.txt,240000.0,1024,0,detected; above; 7.3 dB on track,client_SARAL_pass1_detected_justrisen,SARAL_pass1_detected,SARAL,train,7.31
client_SARAL_pass1_detected_justrisen_94,11.854933794711735,85781.25,80169.39252336448,9839.289455899692,1.0,8.671418190002441,-7.3142926588895945,196289.0625,1.07,1,0,SARAL_pass1_detected\justrisen\spectrogram94_465988000.txt,240000.0,1024,0,detected; above; 6.2 dB on track,client_SARAL_pass1_detected_justrisen,SARAL_pass1_detected,SARAL,train,6.18
client_SARAL_pass1_detected_max35_6,12.02918985062516,34218.75,31980.140186915887,7820.003835712913,1.0,8.679438591003418,-7.399927481129409,191484.375,1.07,1,0,SARAL_pass1_detected\max35\spectrogram6_465988000.txt,240000.0,1024,0,detected; above; 7.1 dB on track,client_SARAL_pass1_detected_max35,SARAL_pass1_detected,SARAL,train,7.1
client_SARAL_pass1_detected_max35_7,13.183278694850378,49453.125,46217.8738317757,3286.5638717751604,1.0,10.059979438781738,-7.374691092334194,192656.25,1.07,1,0,SARAL_pass1_detected\max35\spectrogram7_465988000.txt,240000.0,1024,0,detected; above; 9.7 dB on track,client_SARAL_pass1_detected_max35,SARAL_pass1_detected,SARAL,train,9.69
client_SARAL_pass1_detected_max35_8,12.752926645807106,5156.25,4818.92523364486,8279.989713018651,1.0,10.202061653137207,-7.421259876885225,193710.9375,1.07,1,0,SARAL_pass1_detected\max35\spectrogram8_465988000.txt,240000.0,1024,0,detected; above; 8.7 dB on track,client_SARAL_pass1_detected_max35,SARAL_pass1_detected,SARAL,train,8.7
client_SARAL_pass1_detected_max35_9,11.958892185502622,0.0,0.0,12009.716099032794,1.0,9.589900016784668,-7.450699623280032,194531.25,1.07,1,0,SARAL_pass1_detected\max35\spectrogram9_465988000.txt,240000.0,1024,0,detected; above; 6.3 dB on track,client_SARAL_pass1_detected_max35,SARAL_pass1_detected,SARAL,train,6.32
client_SARAL_pass1_detected_max35_11,12.032660013713969,35859.375,33513.43457943925,8740.519029870344,1.0,9.541040420532227,-7.415771776976375,195000.0,1.07,1,0,SARAL_pass1_detected\max35\spectrogram11_465988000.txt,240000.0,1024,0,detected; above; 6.7 dB on track,client_SARAL_pass1_detected_max35,SARAL_pass1_detected,SARAL,train,6.66
client_SARAL_pass1_detected_max35_15,12.284741019519926,10546.875,9856.892523364486,10051.88720270444,1.0,9.702859878540039,-7.271160683919712,194062.5,1.07,1,0,SARAL_pass1_detected\max35\spectrogram15_465988000.txt,240000.0,1024,0,detected; above; 6.1 dB on track,client_SARAL_pass1_detected_max35,SARAL_pass1_detected,SARAL,train,6.06
client_SARAL_pass1_detected_max35_16,15.726894877549524,234.375,219.04205607476635,44.54879354743688,1.0,13.288211822509766,-7.3372881020417315,192890.625,1.07,1,0,SARAL_pass1_detected\max35\spectrogram16_465988000.txt,240000.0,1024,0,detected; above; 12.1 dB on track,client_SARAL_pass1_detected_max35,SARAL_pass1_detected,SARAL,train,12.1
client_SARAL_pass1_detected_max35_17,16.186713118770502,0.0,0.0,0.0,1.0,13.494232177734375,-7.337528712162006,192304.6875,1.07,1,0,SARAL_pass1_detected\max35\spectrogram17_465988000.txt,240000.0,1024,0,detected; above; 12.9 dB on track,client_SARAL_pass1_detected_max35,SARAL_pass1_detected,SARAL,train,12.86
client_SARAL_pass1_detected_max35_18,16.391218434267117,0.0,0.0,0.0,1.0,13.396976470947266,-7.362276296127707,193125.0,1.07,1,0,SARAL_pass1_detected\max35\spectrogram18_465988000.txt,240000.0,1024,0,detected; above; 13.2 dB on track,client_SARAL_pass1_detected_max35,SARAL_pass1_detected,SARAL,train,13.2
client_SARAL_pass1_detected_max35_19,13.978671163640477,6328.125,5914.1355140186915,986.1340745557326,1.0,11.716522216796875,-7.365694596414136,195117.1875,1.07,1,0,SARAL_pass1_detected\max35\spectrogram19_465988000.txt,240000.0,1024,0,detected; above; 10.2 dB on track,client_SARAL_pass1_detected_max35,SARAL_pass1_detected,SARAL,train,10.19
client_SARAL_pass1_detected_max35_20,13.768961540168544,703.125,657.126168224299,183.69867432933654,1.0,10.76150131225586,-7.362020566329579,193710.9375,1.07,1,0,SARAL_pass1_detected\max35\spectrogram20_465988000.txt,240000.0,1024,0,detected; above; 9.0 dB on track,client_SARAL_pass1_detected_max35,SARAL_pass1_detected,SARAL,train,8.97
client_SARAL_pass1_detected_max35_21,12.486661159252915,10312.5,9637.85046728972,7766.045407873255,1.0,10.62136459350586,-7.40340494883582,193125.0,1.07,1,0,SARAL_pass1_detected\max35\spectrogram21_465988000.txt,240000.0,1024,0,detected; above; 8.1 dB on track,client_SARAL_pass1_detected_max35,SARAL_pass1_detected,SARAL,train,8.12
client_SARAL_pass1_detected_max35_22,12.517853560056423,0.0,0.0,3730.2993430830757,1.0,9.731141090393066,-7.42034073262766,194765.625,1.07,1,0,SARAL_pass1_detected\max35\spectrogram22_465988000.txt,240000.0,1024,0,detected; above; 8.6 dB on track,client_SARAL_pass1_detected_max35,SARAL_pass1_detected,SARAL,train,8.63
client_SARAL_pass1_detected_max35_25,13.230264324987372,69140.625,64617.40654205607,4375.575697184187,1.0,11.142414093017578,-7.404678817055335,194062.5,1.07,1,0,SARAL_pass1_detected\max35\spectrogram25_465988000.txt,240000.0,1024,0,detected; above; 9.0 dB on track,client_SARAL_pass1_detected_max35,SARAL_pass1_detected,SARAL,train,8.98
client_SARAL_pass1_detected_max35_26,17.21407434717886,0.0,0.0,2582.613494208312,1.0,23.55265235900879,-7.305945302108022,195234.375,1.07,1,0,SARAL_pass1_detected\max35\spectrogram26_465988000.txt,240000.0,1024,0,detected; above; 10.2 dB on track,client_SARAL_pass1_detected_max35,SARAL_pass1_detected,SARAL,train,10.23
client_SARAL_pass1_detected_max35_27,13.617451955559636,0.0,0.0,21.00518976319785,1.0,11.022377967834473,-7.419972633294845,194062.5,1.07,1,0,SARAL_pass1_detected\max35\spectrogram27_465988000.txt,240000.0,1024,0,detected; above; 10.2 dB on track,client_SARAL_pass1_detected_max35,SARAL_pass1_detected,SARAL,train,10.19
client_SARAL_pass1_detected_max35_28,12.066347078439112,234.375,219.04205607476635,7077.7047841122685,1.0,9.120648384094238,-7.387117138336239,193945.3125,1.07,1,0,SARAL_pass1_detected\max35\spectrogram28_465988000.txt,240000.0,1024,0,detected; above; 6.7 dB on track,client_SARAL_pass1_detected_max35,SARAL_pass1_detected,SARAL,train,6.7
client_SARAL_pass1_detected_max35_31,11.84918709471631,0.0,0.0,11696.628216457773,1.0,8.268446922302246,-7.418258624192374,193125.0,1.07,1,0,SARAL_pass1_detected\max35\spectrogram31_465988000.txt,240000.0,1024,0,detected; above; 6.8 dB on track,client_SARAL_pass1_detected_max35,SARAL_pass1_detected,SARAL,train,6.78
client_SARAL_pass1_detected_max35_32,11.954472711219129,30937.5,28913.551401869157,10831.348292940631,1.0,9.046916961669922,-7.391177909646403,193125.0,1.07,1,0,SARAL_pass1_detected\max35\spectrogram32_465988000.txt,240000.0,1024,0,detected; above; 6.4 dB on track,client_SARAL_pass1_detected_max35,SARAL_pass1_detected,SARAL,train,6.37
client_SARAL_pass1_detected_max35_33,12.088885407455233,7031.25,6571.26168224299,9972.404760295687,1.0,10.5181245803833,-7.352047908011573,196406.25,1.07,1,0,SARAL_pass1_detected\max35\spectrogram33_465988000.txt,240000.0,1024,0,detected; above; 7.1 dB on track,client_SARAL_pass1_detected_max35,SARAL_pass1_detected,SARAL,train,7.08
client_SARAL_pass1_detected_max35_34,12.191056819043615,13359.375,12485.397196261682,7463.140550197758,1.0,9.764190673828125,-7.373945166995626,194062.5,1.07,1,0,SARAL_pass1_detected\max35\spectrogram34_465988000.txt,240000.0,1024,0,detected; above; 7.7 dB on track,client_SARAL_pass1_detected_max35,SARAL_pass1_detected,SARAL,train,7.69
client_SARAL_pass1_detected_max35_35,11.93994744979989,55078.125,51474.88317757009,14352.934028678477,1.0,9.151321411132812,-7.381982958893749,193359.375,1.07,1,0,SARAL_pass1_detected\max35\spectrogram35_465988000.txt,240000.0,1024,0,detected; above; 6.9 dB on track,client_SARAL_pass1_detected_max35,SARAL_pass1_detected,SARAL,train,6.87
client_SARAL_pass1_detected_max35_48,12.73986019169028,73125.0,68341.1214953271,5057.477869658527,1.0,12.928056716918945,-6.963990391703702,200742.1875,1.07,1,0,SARAL_pass1_detected\max35\spectrogram48_465988000.txt,240000.0,1024,0,detected; above; 7.1 dB on track,client_SARAL_pass1_detected_max35,SARAL_pass1_detected,SARAL,train,7.1
client_SARAL_pass1_detected_max35_49,12.643512502670289,71484.375,66807.82710280374,9425.543880354324,1.0,12.92635726928711,-6.938490441156725,194179.6875,1.07,1,0,SARAL_pass1_detected\max35\spectrogram49_465988000.txt,240000.0,1024,0,detected; above; 8.7 dB on track,client_SARAL_pass1_detected_max35,SARAL_pass1_detected,SARAL,train,8.65
client_SARAL_pass1_detected_max35_51,13.415868041992187,12656.25,11828.271028037383,2399.298855344117,1.0,15.102429389953613,-6.786886575301726,189492.1875,1.07,1,0,SARAL_pass1_detected\max35\spectrogram51_465988000.txt,240000.0,1024,0,detected; above; 9.9 dB on track,client_SARAL_pass1_detected_max35,SARAL_pass1_detected,SARAL,train,9.93
client_SARAL_pass1_detected_max35_52,13.75528539466858,4218.75,3942.7570093457944,5650.604899524925,1.0,14.082012176513672,-6.396681007889222,191015.625,1.07,1,0,SARAL_pass1_detected\max35\spectrogram52_465988000.txt,240000.0,1024,0,detected; above; 9.9 dB on track,client_SARAL_pass1_detected_max35,SARAL_pass1_detected,SARAL,train,9.86
client_SARAL_pass1_detected_max35_53,12.423070067405702,77812.5,72721.96261682242,9091.381649842193,1.0,12.830782890319824,-5.491758193061189,189492.1875,1.07,1,0,SARAL_pass1_detected\max35\spectrogram53_465988000.txt,240000.0,1024,0,detected; above; 6.2 dB on track,client_SARAL_pass1_detected_max35,SARAL_pass1_detected,SARAL,train,6.2
client_SARAL_pass1_detected_max35_57,12.496124265446822,45468.75,42494.15887850467,13515.504088295176,1.0,16.161941528320312,-3.0156463927364823,189257.8125,1.07,1,0,SARAL_pass1_detected\max35\spectrogram57_465988000.txt,240000.0,1024,0,detected; above; 7.5 dB on track,client_SARAL_pass1_detected_max35,SARAL_pass1_detected,SARAL,train,7.53
client_SARAL_pass1_detected_max35_58,13.226164113454594,9375.0,8761.682242990653,7428.528856335706,1.0,16.659271240234375,-4.1819867157622905,189023.4375,1.07,1,0,SARAL_pass1_detected\max35\spectrogram58_465988000.txt,240000.0,1024,0,detected; above; 7.7 dB on track,client_SARAL_pass1_detected_max35,SARAL_pass1_detected,SARAL,train,7.66
client_SARAL_pass1_detected_max35_59,13.262371894237717,2109.375,1971.3785046728972,6547.939195039132,1.0,17.41663932800293,-2.4596148433668037,188085.9375,1.07,1,0,SARAL_pass1_detected\max35\spectrogram59_465988000.txt,240000.0,1024,0,detected; above; 7.4 dB on track,client_SARAL_pass1_detected_max35,SARAL_pass1_detected,SARAL,train,7.36
client_SARAL_pass1_detected_max35_61,16.142399268513007,12187.5,11390.186915887849,6137.3113659940645,1.0,17.886295318603516,-3.6400838940604285,186562.5,1.07,1,0,SARAL_pass1_detected\max35\spectrogram61_465988000.txt,240000.0,1024,0,detected; above; 12.8 dB on track,client_SARAL_pass1_detected_max35,SARAL_pass1_detected,SARAL,train,12.76
client_SARAL_pass1_detected_max35_62,13.330801763057709,234.375,219.04205607476635,3971.2308657844283,1.0,16.491811752319336,-6.285348157739259,194296.875,1.07,1,0,SARAL_pass1_detected\max35\spectrogram62_465988000.txt,240000.0,1024,0,detected; above; 9.2 dB on track,client_SARAL_pass1_detected_max35,SARAL_pass1_detected,SARAL,train,9.25
client_SARAL_pass1_detected_max35_64,15.855345904827118,33515.625,31323.01401869159,2119.6971498186913,1.0,15.174619674682617,-5.719531518925652,189375.0,1.07,1,0,SARAL_pass1_detected\max35\spectrogram64_465988000.txt,240000.0,1024,0,detected; above; 12.3 dB on track,client_SARAL_pass1_detected_max35,SARAL_pass1_detected,SARAL,train,12.28
client_SARAL_pass1_detected_max35_65,12.957666234016418,234.375,219.04205607476635,8572.72975144538,1.0,12.604214668273926,-5.319612379704806,190781.25,1.07,1,0,SARAL_pass1_detected\max35\spectrogram65_465988000.txt,240000.0,1024,0,detected; above; 8.0 dB on track,client_SARAL_pass1_detected_max35,SARAL_pass1_detected,SARAL,train,8.04
client_SARAL_pass1_detected_max35_66,15.463106095790863,468.75,438.0841121495327,98.50508623457175,1.0,16.19530487060547,-4.778807951606038,189726.5625,1.07,1,0,SARAL_pass1_detected\max35\spectrogram66_465988000.txt,240000.0,1024,0,detected; above; 11.4 dB on track,client_SARAL_pass1_detected_max35,SARAL_pass1_detected,SARAL,train,11.4
client_SARAL_pass1_detected_max35_67,15.19705679512024,234.375,219.04205607476635,6428.463155288916,1.0,16.787296295166016,-4.862200652041941,189843.75,1.07,1,0,SARAL_pass1_detected\max35\spectrogram67_465988000.txt,240000.0,1024,0,detected; above; 11.4 dB on track,client_SARAL_pass1_detected_max35,SARAL_pass1_detected,SARAL,train,11.35
client_SARAL_pass1_detected_max35_68,13.846804097175598,57656.25,53884.34579439252,7408.50636690639,1.0,14.017006874084473,-4.760255802821263,187968.75,1.07,1,0,SARAL_pass1_detected\max35\spectrogram68_465988000.txt,240000.0,1024,0,detected; above; 9.4 dB on track,client_SARAL_pass1_detected_max35,SARAL_pass1_detected,SARAL,train,9.4
client_SARAL_pass1_detected_max35_69,12.84735158586502,0.0,0.0,1740.898165117719,1.0,13.268167495727539,-4.846700072351794,189492.1875,1.07,1,0,SARAL_pass1_detected\max35\spectrogram69_465988000.txt,240000.0,1024,0,detected; above; 8.5 dB on track,client_SARAL_pass1_detected_max35,SARAL_pass1_detected,SARAL,train,8.53
client_SARAL_pass1_detected_max35_70,16.03715328836441,27187.5,25408.878504672895,1717.0351761319153,1.0,17.83344841003418,-4.520990507449912,187500.0,1.07,1,0,SARAL_pass1_detected\max35\spectrogram70_465988000.txt,240000.0,1024,0,detected; above; 12.3 dB on track,client_SARAL_pass1_detected_max35,SARAL_pass1_detected,SARAL,train,12.28
client_SARAL_pass1_detected_max35_71,14.220423520565033,30468.75,28475.467289719625,1414.7060421496003,1.0,14.714818954467773,-4.488277797947017,187968.75,1.07,1,0,SARAL_pass1_detected\max35\spectrogram71_465988000.txt,240000.0,1024,0,detected; above; 9.0 dB on track,client_SARAL_pass1_detected_max35,SARAL_pass1_detected,SARAL,train,8.96
client_SARAL_pass1_detected_max35_72,13.915634101238044,468.75,438.0841121495327,89.09758709487373,1.0,14.82414722442627,-4.171678894010796,185625.0,1.07,1,0,SARAL_pass1_detected\max35\spectrogram72_465988000.txt,240000.0,1024,0,detected; above; 10.4 dB on track,client_SARAL_pass1_detected_max35,SARAL_pass1_detected,SARAL,train,10.36
client_SARAL_pass1_detected_max35_73,14.566410157719345,0.0,0.0,36.38205589248435,1.0,15.199705123901367,-4.359664625331392,188554.6875,1.07,1,0,SARAL_pass1_detected\max35\spectrogram73_465988000.txt,240000.0,1024,0,detected; above; 10.9 dB on track,client_SARAL_pass1_detected_max35,SARAL_pass1_detected,SARAL,train,10.95
client_SARAL_pass1_detected_max35_74,15.048786892744928,234.375,219.04205607476635,85.31829212066762,1.0,15.918505668640137,-4.5279565797562356,189375.0,1.07,1,0,SARAL_pass1_detected\max35\spectrogram74_465988000.txt,240000.0,1024,0,detected; above; 10.9 dB on track,client_SARAL_pass1_detected_max35,SARAL_pass1_detected,SARAL,train,10.86
client_SARAL_pass1_detected_max35_75,17.863368840694427,0.0,0.0,0.0,1.0,17.685386657714844,-4.509064242720099,186093.75,1.07,1,0,SARAL_pass1_detected\max35\spectrogram75_465988000.txt,240000.0,1024,0,detected; above; 14.4 dB on track,client_SARAL_pass1_detected_max35,SARAL_pass1_detected,SARAL,train,14.42
client_SARAL_pass1_detected_max35_76,16.492349394649267,234.375,219.04205607476635,79.97984106268073,1.0,16.372421264648438,-4.393813350376099,188203.125,1.07,1,0,SARAL_pass1_detected\max35\spectrogram76_465988000.txt,240000.0,1024,0,detected; above; 12.2 dB on track,client_SARAL_pass1_detected_max35,SARAL_pass1_detected,SARAL,train,12.16
client_SARAL_pass1_detected_max35_77,17.098923066023993,468.75,438.0841121495327,46.931290897281286,1.0,17.03713035583496,-4.3451792318037565,187148.4375,1.07,1,0,SARAL_pass1_detected\max35\spectrogram77_465988000.txt,240000.0,1024,0,detected; above; 13.5 dB on track,client_SARAL_pass1_detected_max35,SARAL_pass1_detected,SARAL,train,13.48
client_SARAL_pass1_detected_max35_78,18.18746669435501,468.75,438.0841121495327,36.33331902413175,1.0,17.067155838012695,-4.472563905572155,188203.125,1.07,1,0,SARAL_pass1_detected\max35\spectrogram78_465988000.txt,240000.0,1024,0,detected; above; 14.6 dB on track,client_SARAL_pass1_detected_max35,SARAL_pass1_detected,SARAL,train,14.6
client_SARAL_pass1_detected_max35_79,16.100763122058943,65156.25,60893.69158878504,27560.552498969617,1.0,16.572063446044922,-4.31195626921554,188789.0625,1.07,1,0,SARAL_pass1_detected\max35\spectrogram79_465988000.txt,240000.0,1024,0,detected; above; 10.1 dB on track,client_SARAL_pass1_detected_max35,SARAL_pass1_detected,SARAL,train,10.11
client_SARAL_pass1_detected_max35_80,16.791154482538033,0.0,0.0,21.00518976319785,1.0,17.151721954345703,-4.349530673585039,188437.5,1.07,1,0,SARAL_pass1_detected\max35\spectrogram80_465988000.txt,240000.0,1024,0,detected; above; 13.3 dB on track,client_SARAL_pass1_detected_max35,SARAL_pass1_detected,SARAL,train,13.27
client_SARAL_pass1_detected_max35_81,17.306695419734776,468.75,438.0841121495327,62.98744361566871,1.0,17.78004264831543,-4.3820153623861815,188320.3125,1.07,1,0,SARAL_pass1_detected\max35\spectrogram81_465988000.txt,240000.0,1024,0,detected; above; 13.4 dB on track,client_SARAL_pass1_detected_max35,SARAL_pass1_detected,SARAL,train,13.38
client_SARAL_pass1_detected_max35_82,17.980157772541045,234.375,219.04205607476635,49.25254311728588,1.0,18.072128295898438,-4.356998913406126,187500.0,1.07,1,0,SARAL_pass1_detected\max35\spectrogram82_465988000.txt,240000.0,1024,0,detected; above; 14.1 dB on track,client_SARAL_pass1_detected_max35,SARAL_pass1_detected,SARAL,train,14.11
client_SARAL_pass1_detected_max35_83,18.44138575594278,0.0,0.0,0.0,1.0,17.882822036743164,-4.275107759918638,189023.4375,1.07,1,0,SARAL_pass1_detected\max35\spectrogram83_465988000.txt,240000.0,1024,0,detected; above; 15.0 dB on track,client_SARAL_pass1_detected_max35,SARAL_pass1_detected,SARAL,train,14.98
client_SARAL_pass1_detected_max35_84,17.33937796188498,0.0,0.0,81.3527501367918,1.0,17.442533493041992,-4.200735303799143,186679.6875,1.07,1,0,SARAL_pass1_detected\max35\spectrogram84_465988000.txt,240000.0,1024,0,detected; above; 12.2 dB on track,client_SARAL_pass1_detected_max35,SARAL_pass1_detected,SARAL,train,12.15
client_SARAL_pass1_detected_max35_85,19.672540874004365,0.0,0.0,0.0,1.0,19.399845123291016,-4.2951364239308925,187031.25,1.07,1,0,SARAL_pass1_detected\max35\spectrogram85_465988000.txt,240000.0,1024,0,detected; above; 16.3 dB on track,client_SARAL_pass1_detected_max35,SARAL_pass1_detected,SARAL,train,16.26
client_SARAL_pass1_detected_max35_86,16.604091329074937,64453.125,60236.56542056074,4061.9194099513884,1.0,19.33342742919922,-4.302598326160578,186914.0625,1.07,1,0,SARAL_pass1_detected\max35\spectrogram86_465988000.txt,240000.0,1024,0,detected; above; 12.6 dB on track,client_SARAL_pass1_detected_max35,SARAL_pass1_detected,SARAL,train,12.57
client_SARAL_pass1_detected_max35_87,14.42322061920166,63750.0,59579.439252336444,8975.3983217282,1.0,19.103759765625,-4.262918558805374,188203.125,1.07,1,0,SARAL_pass1_detected\max35\spectrogram87_465988000.txt,240000.0,1024,0,detected; above; 8.8 dB on track,client_SARAL_pass1_detected_max35,SARAL_pass1_detected,SARAL,train,8.83
client_SARAL_pass1_detected_max35_88,12.885925332950071,43125.0,40303.73831775701,24816.989594699266,1.0,12.103110313415527,-4.27904058511098,187500.0,1.07,1,0,SARAL_pass1_detected\max35\spectrogram88_465988000.txt,240000.0,1024,0,detected; above; 7.6 dB on track,client_SARAL_pass1_detected_max35,SARAL_pass1_detected,SARAL,train,7.62
client_SARAL_pass1_detected_max35_89,12.690040215377019,14296.875,13361.565420560746,9495.345514209357,1.0,13.470343589782715,-4.348610290432402,188437.5,1.07,1,0,SARAL_pass1_detected\max35\spectrogram89_465988000.txt,240000.0,1024,0,detected; above; 7.0 dB on track,client_SARAL_pass1_detected_max35,SARAL_pass1_detected,SARAL,train,7.0
client_SARAL_pass1_detected_max35_90,12.396428272247315,2578.125,2409.46261682243,7337.646975827791,1.0,13.303967475891113,-5.2975606376886555,190664.0625,1.07,1,0,SARAL_pass1_detected\max35\spectrogram90_465988000.txt,240000.0,1024,0,detected; above; 7.0 dB on track,client_SARAL_pass1_detected_max35,SARAL_pass1_detected,SARAL,train,6.96
client_SARAL_pass1_detected_max35_92,13.283351624011994,80859.375,75569.50934579439,2267.9277197360825,1.0,13.006436347961426,-4.966040727214475,188554.6875,1.07,1,0,SARAL_pass1_detected\max35\spectrogram92_465988000.txt,240000.0,1024,0,detected; above; 9.1 dB on track,client_SARAL_pass1_detected_max35,SARAL_pass1_detected,SARAL,train,9.15
client_SARAL_pass1_detected_max35_93,12.42052952528,29765.625,27818.341121495327,8164.269326635545,1.0,12.526395797729492,-4.886275423913323,190312.5,1.07,1,0,SARAL_pass1_detected\max35\spectrogram93_465988000.txt,240000.0,1024,0,detected; above; 7.5 dB on track,client_SARAL_pass1_detected_max35,SARAL_pass1_detected,SARAL,train,7.54
client_SARAL_pass1_detected_max35_95,12.170955188486595,7968.75,7447.4299065420555,14776.799097050223,1.0,12.314223289489746,-4.183417208158467,189140.625,1.07,1,0,SARAL_pass1_detected\max35\spectrogram95_465988000.txt,240000.0,1024,0,detected; above; 6.2 dB on track,client_SARAL_pass1_detected_max35,SARAL_pass1_detected,SARAL,train,6.2
client_SARAL_pass1_detected_maxto17_0,16.938557631015776,11718.75,10952.102803738317,712.6240626964515,1.0,16.244430541992188,-5.574174396409317,194062.5,1.07,1,0,SARAL_pass1_detected\maxto17\spectrogram0_465988000.txt,240000.0,1024,0,detected; above; 13.0 dB on track,client_SARAL_pass1_detected_maxto17,SARAL_pass1_detected,SARAL,train,12.99
client_SARAL_pass1_detected_maxto17_1,15.434813262462615,234.375,219.04205607476635,77.17225524386157,1.0,15.502830505371094,-4.908853123514744,187382.8125,1.07,1,0,SARAL_pass1_detected\maxto17\spectrogram1_465988000.txt,240000.0,1024,0,detected; above; 11.5 dB on track,client_SARAL_pass1_detected_maxto17,SARAL_pass1_detected,SARAL,train,11.46
client_SARAL_pass1_detected_maxto17_2,16.57717070198059,0.0,0.0,0.0,1.0,15.565337181091309,-4.899048354475465,189726.5625,1.07,1,0,SARAL_pass1_detected\maxto17\spectrogram2_465988000.txt,240000.0,1024,0,detected; above; 12.9 dB on track,client_SARAL_pass1_detected_maxto17,SARAL_pass1_detected,SARAL,train,12.93
client_SARAL_pass1_detected_maxto17_3,15.822150509357453,234.375,219.04205607476635,95.10038358671,1.0,15.911808967590332,-5.063301264712385,187500.0,1.07,1,0,SARAL_pass1_detected\maxto17\spectrogram3_465988000.txt,240000.0,1024,0,detected; above; 10.3 dB on track,client_SARAL_pass1_detected_maxto17,SARAL_pass1_detected,SARAL,train,10.33
client_SARAL_pass1_detected_maxto17_4,12.784486335762354,45703.125,42713.200934579436,10835.993817872704,1.0,14.780077934265137,-4.806069560531833,188203.125,1.07,1,0,SARAL_pass1_detected\maxto17\spectrogram4_465988000.txt,240000.0,1024,0,detected; above; 7.8 dB on track,client_SARAL_pass1_detected_maxto17,SARAL_pass1_detected,SARAL,train,7.8
client_SARAL_pass1_detected_maxto17_6,12.606435933113097,14531.25,13580.607476635514,4480.918591775421,1.0,12.755239486694336,-5.409033475777256,191953.125,1.07,1,0,SARAL_pass1_detected\maxto17\spectrogram6_465988000.txt,240000.0,1024,0,detected; above; 7.2 dB on track,client_SARAL_pass1_detected_maxto17,SARAL_pass1_detected,SARAL,train,7.2
client_SARAL_pass1_detected_maxto17_11,12.144468414783478,65859.375,61550.81775700934,10295.756357301674,1.0,11.63933277130127,-5.400110006075381,192187.5,1.07,1,0,SARAL_pass1_detected\maxto17\spectrogram11_465988000.txt,240000.0,1024,0,detected; above; 7.1 dB on track,client_SARAL_pass1_detected_maxto17,SARAL_pass1_detected,SARAL,train,7.11
client_SARAL_pass1_detected_maxto17_12,12.795936900615692,24375.0,22780.373831775698,8113.478017089795,1.0,13.773587226867676,-5.326366411097437,191953.125,1.07,1,0,SARAL_pass1_detected\maxto17\spectrogram12_465988000.txt,240000.0,1024,0,detected; above; 8.8 dB on track,client_SARAL_pass1_detected_maxto17,SARAL_pass1_detected,SARAL,train,8.77
client_SARAL_pass1_detected_maxto17_13,12.2281207447052,73125.0,68341.1214953271,10786.334295044364,1.0,12.18007755279541,-4.728680628278988,188554.6875,1.07,1,0,SARAL_pass1_detected\maxto17\spectrogram13_465988000.txt,240000.0,1024,0,detected; above; 6.4 dB on track,client_SARAL_pass1_detected_maxto17,SARAL_pass1_detected,SARAL,train,6.45
client_SARAL_pass1_detected_maxto17_18,12.691035752296449,96562.5,90245.32710280373,10999.344075015833,1.0,11.00299072265625,-6.722231983023234,191953.125,1.07,1,0,SARAL_pass1_detected\maxto17\spectrogram18_465988000.txt,240000.0,1024,0,detected; above; 8.6 dB on track,client_SARAL_pass1_detected_maxto17,SARAL_pass1_detected,SARAL,train,8.56
client_SARAL_pass1_detected_maxto17_19,13.34502112722397,19218.75,17961.44859813084,11573.697501861056,1.0,14.077643394470215,-4.586201171948756,189257.8125,1.07,1,0,SARAL_pass1_detected\maxto17\spectrogram19_465988000.txt,240000.0,1024,0,detected; above; 9.6 dB on track,client_SARAL_pass1_detected_maxto17,SARAL_pass1_detected,SARAL,train,9.61
client_SARAL_pass1_detected_maxto17_20,14.841862692832947,234.375,219.04205607476635,97.39250974960721,1.0,15.359071731567383,-4.669409956522355,187031.25,1.07,1,0,SARAL_pass1_detected\maxto17\spectrogram20_465988000.txt,240000.0,1024,0,detected; above; 10.3 dB on track,client_SARAL_pass1_detected_maxto17,SARAL_pass1_detected,SARAL,train,10.26
client_SARAL_pass1_detected_maxto17_21,13.401532223701476,86953.125,81264.60280373831,8265.431739025835,1.0,14.464605331420898,-4.661153679200022,188437.5,1.07,1,0,SARAL_pass1_detected\maxto17\spectrogram21_465988000.txt,240000.0,1024,0,detected; above; 10.0 dB on track,client_SARAL_pass1_detected_maxto17,SARAL_pass1_detected,SARAL,train,9.97
client_SARAL_pass1_detected_maxto17_24,11.844422932790236,22968.75,21466.1214953271,13294.04030971639,1.0,12.78003215789795,-4.190701328910854,188671.875,1.07,1,0,SARAL_pass1_detected\maxto17\spectrogram24_465988000.txt,240000.0,1024,0,detected; above; 6.1 dB on track,client_SARAL_pass1_detected_maxto17,SARAL_pass1_detected,SARAL,train,6.13
client_SARAL_pass1_detected_maxto17_25,12.80920684671402,85312.5,79731.30841121495,10708.587967781841,1.0,13.043395042419434,-4.747426181821105,187617.1875,1.07,1,0,SARAL_pass1_detected\maxto17\spectrogram25_465988000.txt,240000.0,1024,0,detected; above; 7.0 dB on track,client_SARAL_pass1_detected_maxto17,SARAL_pass1_detected,SARAL,train,7.0
client_SARAL_pass1_detected_maxto17_26,13.752438139539006,63984.375,59798.48130841121,3757.689509681735,1.0,14.117549896240234,-4.986330435016915,187500.0,1.07,1,0,SARAL_pass1_detected\maxto17\spectrogram26_465988000.txt,240000.0,1024,0,detected; above; 10.6 dB on track,client_SARAL_pass1_detected_maxto17,SARAL_pass1_detected,SARAL,train,10.57
client_SARAL_pass1_detected_maxto17_27,12.061465123653411,84375.0,78855.14018691589,15520.756733739092,1.0,11.57739543914795,-5.213772042463606,188906.25,1.07,1,0,SARAL_pass1_detected\maxto17\spectrogram27_465988000.txt,240000.0,1024,0,detected; above; 7.0 dB on track,client_SARAL_pass1_detected_maxto17,SARAL_pass1_detected,SARAL,train,7.0
client_SARAL_pass1_detected_maxto17_29,13.25195213008723,10312.5,9637.85046728972,11217.324229417958,1.0,12.701577186584473,-5.59680543919099,189375.0,1.07,1,0,SARAL_pass1_detected\maxto17\spectrogram29_465988000.txt,240000.0,1024,0,detected; above; 9.9 dB on track,client_SARAL_pass1_detected_maxto17,SARAL_pass1_detected,SARAL,train,9.89
client_SARAL_pass1_detected_maxto17_30,15.023830287472432,468.75,438.0841121495327,78.57167452827261,1.0,15.192842483520508,-5.162044528609549,189140.625,1.07,1,0,SARAL_pass1_detected\maxto17\spectrogram30_465988000.txt,240000.0,1024,0,detected; above; 10.8 dB on track,client_SARAL_pass1_detected_maxto17,SARAL_pass1_detected,SARAL,train,10.81
client_SARAL_pass1_detected_maxto17_31,17.597428598880768,468.75,438.0841121495327,41.968179234954725,1.0,17.634660720825195,-5.216062501384688,189843.75,1.07,1,0,SARAL_pass1_detected\maxto17\spectrogram31_465988000.txt,240000.0,1024,0,detected; above; 14.5 dB on track,client_SARAL_pass1_detected_maxto17,SARAL_pass1_detected,SARAL,train,14.49
client_SARAL_pass1_detected_maxto17_32,18.50077739620209,468.75,438.0841121495327,29.6461139834782,1.0,16.811134338378906,-5.784559125421125,190546.875,1.07,1,0,SARAL_pass1_detected\maxto17\spectrogram32_465988000.txt,240000.0,1024,0,detected; above; 15.5 dB on track,client_SARAL_pass1_detected_maxto17,SARAL_pass1_detected,SARAL,train,15.53
client_SARAL_pass1_detected_maxto17_33,17.104575794696807,234.375,219.04205607476635,103.96612403225961,1.0,15.987449645996094,-5.741563430473524,189492.1875,1.07,1,0,SARAL_pass1_detected\maxto17\spectrogram33_465988000.txt,240000.0,1024,0,detected; above; 12.2 dB on track,client_SARAL_pass1_detected_maxto17,SARAL_pass1_detected,SARAL,train,12.24
client_SARAL_pass1_detected_maxto17_34,16.70860316491127,0.0,0.0,0.0,1.0,14.956214904785156,-5.608318974744771,190781.25,1.07,1,0,SARAL_pass1_detected\maxto17\spectrogram34_465988000.txt,240000.0,1024,0,detected; above; 13.7 dB on track,client_SARAL_pass1_detected_maxto17,SARAL_pass1_detected,SARAL,train,13.68
client_SARAL_pass1_detected_maxto17_35,15.477995148181915,234.375,219.04205607476635,1848.8741292160055,1.0,14.761514663696289,-5.5653091919694795,190664.0625,1.07,1,0,SARAL_pass1_detected\maxto17\spectrogram35_465988000.txt,240000.0,1024,0,detected; above; 12.3 dB on track,client_SARAL_pass1_detected_maxto17,SARAL_pass1_detected,SARAL,train,12.29
client_SARAL_pass1_detected_maxto17_36,13.335323228597641,468.75,438.0841121495327,518.7865016006065,1.0,12.897056579589844,-5.641516326021676,192187.5,1.07,1,0,SARAL_pass1_detected\maxto17\spectrogram36_465988000.txt,240000.0,1024,0,detected; above; 8.7 dB on track,client_SARAL_pass1_detected_maxto17,SARAL_pass1_detected,SARAL,train,8.69
client_SARAL_pass1_detected_maxto17_37,13.0854941573143,68203.125,63741.23831775701,3246.2674941354653,1.0,11.999680519104004,-5.611009696528184,189609.375,1.07,1,0,SARAL_pass1_detected\maxto17\spectrogram37_465988000.txt,240000.0,1024,0,detected; above; 9.8 dB on track,client_SARAL_pass1_detected_maxto17,SARAL_pass1_detected,SARAL,train,9.79
client_SARAL_pass1_detected_maxto17_38,11.895451484203338,21562.5,20151.869158878504,16227.498195848988,1.0,10.812191009521484,-5.750477701057031,190195.3125,1.07,1,0,SARAL_pass1_detected\maxto17\spectrogram38_465988000.txt,240000.0,1024,0,detected; above; 6.6 dB on track,client_SARAL_pass1_detected_maxto17,SARAL_pass1_detected,SARAL,train,6.63
client_SARAL_pass1_detected_maxto17_41,11.82800152206421,66562.5,62207.94392523364,17854.18938567214,1.0,10.309466361999512,-6.156631628238583,190781.25,1.07,1,0,SARAL_pass1_detected\maxto17\spectrogram41_465988000.txt,240000.0,1024,0,detected; above; 6.2 dB on track,client_SARAL_pass1_detected_maxto17,SARAL_pass1_detected,SARAL,train,6.17
client_SARAL_pass1_detected_maxto17_43,13.274510109901428,61640.625,57608.06074766355,8023.504261509308,1.0,11.24061393737793,-6.674587475592063,192656.25,1.07,1,0,SARAL_pass1_detected\maxto17\spectrogram43_465988000.txt,240000.0,1024,0,detected; above; 9.9 dB on track,client_SARAL_pass1_detected_maxto17,SARAL_pass1_detected,SARAL,train,9.95
client_SARAL_pass1_detected_maxto17_44,12.938092386245728,468.75,438.0841121495327,1837.8030969130286,1.0,11.42495346069336,-6.843678769398864,192773.4375,1.07,1,0,SARAL_pass1_detected\maxto17\spectrogram44_465988000.txt,240000.0,1024,0,detected; above; 9.4 dB on track,client_SARAL_pass1_detected_maxto17,SARAL_pass1_detected,SARAL,train,9.42
client_SARAL_pass1_detected_maxto17_46,12.101260447502137,68671.875,64179.32242990654,18172.088654377098,1.0,10.267696380615234,-6.6216547712399665,191484.375,1.07,1,0,SARAL_pass1_detected\maxto17\spectrogram46_465988000.txt,240000.0,1024,0,detected; above; 7.6 dB on track,client_SARAL_pass1_detected_maxto17,SARAL_pass1_detected,SARAL,train,7.56
client_SARAL_pass1_detected_maxto17_47,13.371549947738647,0.0,0.0,21.00518976319785,1.0,11.000714302062988,-7.112240715742886,193593.75,1.07,1,0,SARAL_pass1_detected\maxto17\spectrogram47_465988000.txt,240000.0,1024,0,detected; above; 10.3 dB on track,client_SARAL_pass1_detected_maxto17,SARAL_pass1_detected,SARAL,train,10.26
client_SARAL_pass1_detected_maxto17_48,12.894394342422485,234.375,219.04205607476635,2340.8771919116034,1.0,11.348773956298828,-6.991825931294643,193125.0,1.07,1,0,SARAL_pass1_detected\maxto17\spectrogram48_465988000.txt,240000.0,1024,0,detected; above; 8.5 dB on track,client_SARAL_pass1_detected_maxto17,SARAL_pass1_detected,SARAL,train,8.52
client_SARAL_pass1_detected_maxto17_49,13.570724617004394,24375.0,22780.373831775698,2005.3390889662771,1.0,11.902756690979004,-6.934908297056935,191718.75,1.07,1,0,SARAL_pass1_detected\maxto17\spectrogram49_465988000.txt,240000.0,1024,0,detected; above; 9.8 dB on track,client_SARAL_pass1_detected_maxto17,SARAL_pass1_detected,SARAL,train,9.84
client_SARAL_pass1_detected_maxto17_50,15.338192965507508,468.75,438.0841121495327,29.646113983478216,1.0,12.718257904052734,-6.917584262944934,191835.9375,1.07,1,0,SARAL_pass1_detected\maxto17\spectrogram50_465988000.txt,240000.0,1024,0,detected; above; 12.3 dB on track,client_SARAL_pass1_detected_maxto17,SARAL_pass1_detected,SARAL,train,12.32
client_SARAL_pass1_detected_maxto17_51,16.199485854148865,468.75,438.0841121495327,41.96817923495473,1.0,13.575490951538086,-7.025464256374289,192539.0625,1.07,1,0,SARAL_pass1_detected\maxto17\spectrogram51_465988000.txt,240000.0,1024,0,detected; above; 13.0 dB on track,client_SARAL_pass1_detected_maxto17,SARAL_pass1_detected,SARAL,train,12.97
client_SARAL_pass1_detected_maxto17_52,14.995641515731812,468.75,438.0841121495327,86.58615379574645,1.0,12.406839370727539,-6.990386685897282,193125.0,1.07,1,0,SARAL_pass1_detected\maxto17\spectrogram52_465988000.txt,240000.0,1024,0,detected; above; 10.3 dB on track,client_SARAL_pass1_detected_maxto17,SARAL_pass1_detected,SARAL,train,10.26
client_SARAL_pass1_detected_maxto17_53,15.938658722877502,0.0,0.0,0.0,1.0,13.719197273254395,-6.938509219095725,191718.75,1.07,1,0,SARAL_pass1_detected\maxto17\spectrogram53_465988000.txt,240000.0,1024,0,detected; above; 12.7 dB on track,client_SARAL_pass1_detected_maxto17,SARAL_pass1_detected,SARAL,train,12.74
client_SARAL_pass1_detected_maxto17_54,16.586428972244263,0.0,0.0,0.0,1.0,13.95577621459961,-7.021503277976544,191250.0,1.07,1,0,SARAL_pass1_detected\maxto17\spectrogram54_465988000.txt,240000.0,1024,0,detected; above; 13.5 dB on track,client_SARAL_pass1_detected_maxto17,SARAL_pass1_detected,SARAL,train,13.52
client_SARAL_pass1_detected_maxto17_55,14.303599208831788,0.0,0.0,759.6796298837037,1.0,12.297088623046875,-7.041350455201842,192773.4375,1.07,1,0,SARAL_pass1_detected\maxto17\spectrogram55_465988000.txt,240000.0,1024,0,detected; above; 10.4 dB on track,client_SARAL_pass1_detected_maxto17,SARAL_pass1_detected,SARAL,train,10.4
client_SARAL_pass1_detected_maxto17_65,12.145333931922913,15937.5,14894.859813084111,15723.738028377797,1.0,11.046184539794922,-4.811294910047129,188789.0625,1.07,1,0,SARAL_pass1_detected\maxto17\spectrogram65_465988000.txt,240000.0,1024,0,detected; above; 7.6 dB on track,client_SARAL_pass1_detected_maxto17,SARAL_pass1_detected,SARAL,train,7.59
client_SARAL_pass1_detected_maxto17_69,12.21823926639557,57421.875,53665.30373831775,13697.911973779608,1.0,13.076424598693848,-4.488117665479204,187734.375,1.07,1,0,SARAL_pass1_detected\maxto17\spectrogram69_465988000.txt,240000.0,1024,0,detected; above; 8.1 dB on track,client_SARAL_pass1_detected_maxto17,SARAL_pass1_detected,SARAL,train,8.08
client_SARAL_pass1_detected_maxto17_70,13.069171487808228,87187.5,81483.64485981308,7939.0759200625935,1.0,12.484021186828613,-5.113914678366357,188789.0625,1.07,1,0,SARAL_pass1_detected\maxto17\spectrogram70_465988000.txt,240000.0,1024,0,detected; above; 9.9 dB on track,client_SARAL_pass1_detected_maxto17,SARAL_pass1_detected,SARAL,train,9.87
client_SARAL_pass1_detected_maxto17_71,12.351515569686889,90468.75,84550.2336448598,11762.546383813626,1.0,11.59631061553955,-4.974361610399387,191367.1875,1.07,1,0,SARAL_pass1_detected\maxto17\spectrogram71_465988000.txt,240000.0,1024,0,detected; above; 8.1 dB on track,client_SARAL_pass1_detected_maxto17,SARAL_pass1_detected,SARAL,train,8.13
client_SARAL_pass1_detected_maxto17_74,11.83897198690479,11250.0,10514.018691588784,16365.353145591283,1.0,13.011528968811035,-4.679432046366868,188437.5,1.07,1,0,SARAL_pass1_detected\maxto17\spectrogram74_465988000.txt,240000.0,1024,0,detected; above; 6.7 dB on track,client_SARAL_pass1_detected_maxto17,SARAL_pass1_detected,SARAL,train,6.71
client_SARAL_pass1_detected_maxto17_75,12.318413328390363,0.0,0.0,15975.741461029866,1.0,12.675304412841797,-4.743132694278272,189257.8125,1.07,1,0,SARAL_pass1_detected\maxto17\spectrogram75_465988000.txt,240000.0,1024,0,detected; above; 8.2 dB on track,client_SARAL_pass1_detected_maxto17,SARAL_pass1_detected,SARAL,train,8.23
client_SARAL_pass1_detected_maxto17_79,11.905364789962768,75000.0,70093.45794392523,16743.789715304545,1.0,10.832879066467285,-5.2137588346508625,187968.75,1.07,1,0,SARAL_pass1_detected\maxto17\spectrogram79_465988000.txt,240000.0,1024,0,detected; above; 6.6 dB on track,client_SARAL_pass1_detected_maxto17,SARAL_pass1_detected,SARAL,train,6.61
client_SARAL_pass1_detected_maxto17_83,12.242739087104797,6328.125,5914.1355140186915,13428.10107314864,1.0,12.750727653503418,-5.744095921315524,188906.25,1.07,1,0,SARAL_pass1_detected\maxto17\spectrogram83_465988000.txt,240000.0,1024,0,detected; above; 7.7 dB on track,client_SARAL_pass1_detected_maxto17,SARAL_pass1_detected,SARAL,train,7.66
client_SARAL_pass1_detected_maxto17_84,18.63809759235382,93281.25,87178.738317757,4813.669090062144,1.0,23.379772186279297,-5.710495304772347,189140.625,1.07,1,0,SARAL_pass1_detected\maxto17\spectrogram84_465988000.txt,240000.0,1024,0,detected; above; 12.4 dB on track,client_SARAL_pass1_detected_maxto17,SARAL_pass1_detected,SARAL,train,12.39
client_SARAL_pass1_detected_maxto17_85,13.890594551563263,0.0,0.0,66.4242423357581,1.0,13.406852722167969,-5.506340490377342,188437.5,1.07,1,0,SARAL_pass1_detected\maxto17\spectrogram85_465988000.txt,240000.0,1024,0,detected; above; 11.0 dB on track,client_SARAL_pass1_detected_maxto17,SARAL_pass1_detected,SARAL,train,11.0
client_SARAL_pass1_detected_maxto17_86,13.892432757377625,0.0,0.0,3361.092916728057,1.0,13.639815330505371,-5.348167345468776,189023.4375,1.07,1,0,SARAL_pass1_detected\maxto17\spectrogram86_465988000.txt,240000.0,1024,0,detected; above; 10.7 dB on track,client_SARAL_pass1_detected_maxto17,SARAL_pass1_detected,SARAL,train,10.7
client_SARAL_pass1_detected_maxto17_87,13.182591627120972,67265.625,62865.07009345794,4612.975945713094,1.0,13.696571350097656,-5.309415993055447,188203.125,1.07,1,0,SARAL_pass1_detected\maxto17\spectrogram87_465988000.txt,240000.0,1024,0,detected; above; 9.0 dB on track,client_SARAL_pass1_detected_maxto17,SARAL_pass1_detected,SARAL,train,8.98
client_SARAL_pass1_detected_maxto17_88,12.51679422712326,45000.0,42056.07476635514,14560.172342764254,1.0,12.875663757324219,-4.998626789480985,188671.875,1.07,1,0,SARAL_pass1_detected\maxto17\spectrogram88_465988000.txt,240000.0,1024,0,detected; above; 7.8 dB on track,client_SARAL_pass1_detected_maxto17,SARAL_pass1_detected,SARAL,train,7.77
client_SARAL_pass1_detected_maxto17_89,14.454986814498902,66328.125,61988.90186915887,4195.08289418365,1.0,14.432526588439941,-5.1211521070625565,186796.875,1.07,1,0,SARAL_pass1_detected\maxto17\spectrogram89_465988000.txt,240000.0,1024,0,detected; above; 11.3 dB on track,client_SARAL_pass1_detected_maxto17,SARAL_pass1_detected,SARAL,train,11.34
client_SARAL_pass1_detected_maxto17_90,13.54392084569341,234.375,219.04205607476635,216.76907228500846,1.0,13.719164848327637,-4.0895403026499215,187265.625,1.07,1,0,SARAL_pass1_detected\maxto17\spectrogram90_465988000.txt,240000.0,1024,0,detected; above; 10.4 dB on track,client_SARAL_pass1_detected_maxto17,SARAL_pass1_detected,SARAL,train,10.39
client_SARAL_pass1_detected_maxto17_91,12.328507063865661,46406.25,43370.327102803734,15574.37124776938,1.0,12.091293334960938,-4.090477040226359,187734.375,1.07,1,0,SARAL_pass1_detected\maxto17\spectrogram91_465988000.txt,240000.0,1024,0,detected; above; 8.2 dB on track,client_SARAL_pass1_detected_maxto17,SARAL_pass1_detected,SARAL,train,8.19
client_SARAL_pass1_detected_maxto17_94,13.531420969963074,47109.375,44027.45327102803,10016.665040088003,1.0,11.777000427246094,-5.851950864859566,190078.125,1.07,1,0,SARAL_pass1_detected\maxto17\spectrogram94_465988000.txt,240000.0,1024,0,detected; above; 8.8 dB on track,client_SARAL_pass1_detected_maxto17,SARAL_pass1_detected,SARAL,train,8.77
client_SARAL_pass1_detected_maxto17_96,11.831736451148986,55781.25,52132.00934579439,14524.997698904119,1.0,10.905991554260254,-5.446187450674365,190078.125,1.07,1,0,SARAL_pass1_detected\maxto17\spectrogram96_465988000.txt,240000.0,1024,0,detected; above; 7.0 dB on track,client_SARAL_pass1_detected_maxto17,SARAL_pass1_detected,SARAL,train,7.04
client_SARAL_pass1_detected_maxto17_97,12.289049836158753,78046.875,72941.0046728972,13530.959432790187,1.0,11.506769180297852,-5.601880357566648,189257.8125,1.07,1,0,SARAL_pass1_detected\maxto17\spectrogram97_465988000.txt,240000.0,1024,0,detected; above; 8.3 dB on track,client_SARAL_pass1_detected_maxto17,SARAL_pass1_detected,SARAL,train,8.32
client_SARAL_pass1_detected_maxto17_98,11.9581267285347,8203.125,7666.471962616822,14624.87812015754,1.0,11.217198371887207,-5.596513142478598,188906.25,1.07,1,0,SARAL_pass1_detected\maxto17\spectrogram98_465988000.txt,240000.0,1024,0,detected; above; 7.1 dB on track,client_SARAL_pass1_detected_maxto17,SARAL_pass1_detected,SARAL,train,7.1
client_SARAL_pass1_detected_17to5_0,12.078871465682983,77109.375,72064.83644859813,9208.138274357216,1.0,11.651046752929688,-5.408984011891686,193007.8125,1.07,1,0,SARAL_pass1_detected\17to5\spectrogram0_465988000.txt,240000.0,1024,0,detected; above; 7.8 dB on track,client_SARAL_pass1_detected_17to5,SARAL_pass1_detected,SARAL,train,7.84
client_SARAL_pass1_detected_17to5_1,11.832968040943145,11015.625,10294.976635514018,12092.479303067143,1.0,11.173890113830566,-5.282974543272819,191367.1875,1.07,1,0,SARAL_pass1_detected\17to5\spectrogram1_465988000.txt,240000.0,1024,0,detected; above; 6.7 dB on track,client_SARAL_pass1_detected_17to5,SARAL_pass1_detected,SARAL,train,6.69
client_SARAL_pass1_detected_17to5_2,16.511927339553832,0.0,0.0,3894.013212931479,1.0,19.650218963623047,-5.451384069761917,190429.6875,1.07,1,0,SARAL_pass1_detected\17to5\spectrogram2_465988000.txt,240000.0,1024,0,detected; above; 12.9 dB on track,client_SARAL_pass1_detected_17to5,SARAL_pass1_detected,SARAL,train,12.89
client_SARAL_pass1_detected_17to5_3,14.008968475818634,0.0,0.0,3579.5826363595947,1.0,14.23092269897461,-4.4139752766692055,186562.5,1.07,1,0,SARAL_pass1_detected\17to5\spectrogram3_465988000.txt,240000.0,1024,0,detected; above; 10.9 dB on track,client_SARAL_pass1_detected_17to5,SARAL_pass1_detected,SARAL,train,10.92
client_SARAL_pass1_detected_17to5_4,13.332987354755401,59531.25,55636.68224299065,5780.147716747587,1.0,13.245413780212402,-5.1755846032246255,190429.6875,1.07,1,0,SARAL_pass1_detected\17to5\spectrogram4_465988000.txt,240000.0,1024,0,detected; above; 9.9 dB on track,client_SARAL_pass1_detected_17to5,SARAL_pass1_detected,SARAL,train,9.86
client_SARAL_pass1_detected_17to5_5,13.226023012161255,0.0,0.0,9690.384092643171,1.0,13.822345733642578,-5.222143863102585,190429.6875,1.07,1,0,SARAL_pass1_detected\17to5\spectrogram5_465988000.txt,240000.0,1024,0,detected; above; 9.4 dB on track,client_SARAL_pass1_detected_17to5,SARAL_pass1_detected,SARAL,train,9.38
client_SARAL_pass1_detected_17to5_6,12.679935765266418,1406.25,1314.252336448598,5260.822122233973,1.0,11.986659049987793,-5.286973950846732,189257.8125,1.07,1,0,SARAL_pass1_detected\17to5\spectrogram6_465988000.txt,240000.0,1024,0,detected; above; 7.5 dB on track,client_SARAL_pass1_detected_17to5,SARAL_pass1_detected,SARAL,train,7.5
client_SARAL_pass1_detected_17to5_8,13.3751733045578,468.75,438.0841121495327,3175.050432868912,1.0,12.582205772399902,-5.407419116710258,190078.125,1.07,1,0,SARAL_pass1_detected\17to5\spectrogram8_465988000.txt,240000.0,1024,0,detected; above; 9.6 dB on track,client_SARAL_pass1_detected_17to5,SARAL_pass1_detected,SARAL,train,9.63
client_SARAL_pass1_detected_17to5_9,12.933066352844238,2109.375,1971.3785046728972,8231.015338348148,1.0,11.577702522277832,-6.691218513048111,193007.8125,1.07,1,0,SARAL_pass1_detected\17to5\spectrogram9_465988000.txt,240000.0,1024,0,detected; above; 9.1 dB on track,client_SARAL_pass1_detected_17to5,SARAL_pass1_detected,SARAL,train,9.12
client_SARAL_pass1_detected_17to5_10,12.95868809223175,8671.875,8104.556074766355,5778.746876141992,1.0,11.320931434631348,-6.533984869737956,190546.875,1.07,1,0,SARAL_pass1_detected\17to5\spectrogram10_465988000.txt,240000.0,1024,0,detected; above; 9.5 dB on track,client_SARAL_pass1_detected_17to5,SARAL_pass1_detected,SARAL,train,9.45
client_SARAL_pass1_detected_17to5_11,12.215409893989563,86015.625,80388.43457943924,11783.593944280949,1.0,10.831147193908691,-6.735598819080644,191718.75,1.07,1,0,SARAL_pass1_detected\17to5\spectrogram11_465988000.txt,240000.0,1024,0,detected; above; 8.3 dB on track,client_SARAL_pass1_detected_17to5,SARAL_pass1_detected,SARAL,train,8.29
client_SARAL_pass1_detected_17to5_12,13.214505837440491,45703.125,42713.200934579436,2180.409986240882,1.0,11.749672889709473,-6.553766570948808,191132.8125,1.07,1,0,SARAL_pass1_detected\17to5\spectrogram12_465988000.txt,240000.0,1024,0,detected; above; 9.9 dB on track,client_SARAL_pass1_detected_17to5,SARAL_pass1_detected,SARAL,train,9.93
client_SARAL_pass1_detected_17to5_13,13.705364546775819,0.0,0.0,1743.9368260455858,1.0,12.63627815246582,-6.193509512082274,190664.0625,1.07,1,0,SARAL_pass1_detected\17to5\spectrogram13_465988000.txt,240000.0,1024,0,detected; above; 10.5 dB on track,client_SARAL_pass1_detected_17to5,SARAL_pass1_detected,SARAL,train,10.52
client_SARAL_pass1_detected_17to5_14,12.691824763298035,11718.75,10952.102803738317,8212.86749130497,1.0,11.746031761169434,-6.1894054650701715,191484.375,1.07,1,0,SARAL_pass1_detected\17to5\spectrogram14_465988000.txt,240000.0,1024,0,detected; above; 8.6 dB on track,client_SARAL_pass1_detected_17to5,SARAL_pass1_detected,SARAL,train,8.62
client_SARAL_pass1_detected_17to5_15,13.57934429359436,77578.125,72502.92056074766,5504.421820335104,1.0,12.637789726257324,-5.756664145437011,187968.75,1.07,1,0,SARAL_pass1_detected\17to5\spectrogram15_465988000.txt,240000.0,1024,0,detected; above; 9.7 dB on track,client_SARAL_pass1_detected_17to5,SARAL_pass1_detected,SARAL,train,9.68
client_SARAL_pass1_detected_17to5_16,13.616124775886536,0.0,0.0,6976.443022611234,1.0,12.52773666381836,-5.740868347365272,189609.375,1.07,1,0,SARAL_pass1_detected\17to5\spectrogram16_465988000.txt,240000.0,1024,0,detected; above; 8.8 dB on track,client_SARAL_pass1_detected_17to5,SARAL_pass1_detected,SARAL,train,8.84
client_SARAL_pass1_detected_17to5_18,12.190580843925476,32343.75,30227.803738317754,11828.659265328495,1.0,10.964247703552246,-5.7083733469669005,189609.375,1.07,1,0,SARAL_pass1_detected\17to5\spectrogram18_465988000.txt,240000.0,1024,0,detected; above; 7.2 dB on track,client_SARAL_pass1_detected_17to5,SARAL_pass1_detected,SARAL,train,7.18
client_SARAL_pass1_detected_17to5_19,11.751372267246246,53671.875,50160.63084112149,14845.412430496113,1.0,10.567784309387207,-5.510883663101184,189960.9375,1.07,1,0,SARAL_pass1_detected\17to5\spectrogram19_465988000.txt,240000.0,1024,0,detected; above; 6.2 dB on track,client_SARAL_pass1_detected_17to5,SARAL_pass1_detected,SARAL,train,6.18
client_SARAL_pass1_detected_17to5_20,13.02708053970337,0.0,0.0,6894.791559537743,1.0,12.979849815368652,-5.832791427129107,190078.125,1.07,1,0,SARAL_pass1_detected\17to5\spectrogram20_465988000.txt,240000.0,1024,0,detected; above; 9.6 dB on track,client_SARAL_pass1_detected_17to5,SARAL_pass1_detected,SARAL,train,9.63
client_SARAL_pass1_detected_17to5_21,20.312391870975496,468.75,438.0841121495327,29.646113983478216,1.0,19.439453125,-4.841203455225847,185507.8125,1.07,1,0,SARAL_pass1_detected\17to5\spectrogram21_465988000.txt,240000.0,1024,0,detected; above; 16.7 dB on track,client_SARAL_pass1_detected_17to5,SARAL_pass1_detected,SARAL,train,16.69
client_SARAL_pass1_detected_17to5_22,18.98083692383766,0.0,0.0,0.0,1.0,17.696720123291016,-4.78909009333339,188320.3125,1.07,1,0,SARAL_pass1_detected\17to5\spectrogram22_465988000.txt,240000.0,1024,0,detected; above; 15.3 dB on track,client_SARAL_pass1_detected_17to5,SARAL_pass1_detected,SARAL,train,15.31
client_SARAL_pass1_detected_17to5_23,19.03686066198349,0.0,0.0,0.0,1.0,17.513385772705078,-4.9052515625066215,188203.125,1.07,1,0,SARAL_pass1_detected\17to5\spectrogram23_465988000.txt,240000.0,1024,0,detected; above; 15.3 dB on track,client_SARAL_pass1_detected_17to5,SARAL_pass1_detected,SARAL,train,15.27
client_SARAL_pass1_detected_17to5_24,18.134141347177835,0.0,0.0,21.00518976319785,1.0,17.2604923248291,-4.704795208146305,186796.875,1.07,1,0,SARAL_pass1_detected\17to5\spectrogram24_465988000.txt,240000.0,1024,0,detected; above; 14.5 dB on track,client_SARAL_pass1_detected_17to5,SARAL_pass1_detected,SARAL,train,14.49
client_SARAL_pass1_detected_17to5_25,17.209801188230514,0.0,0.0,3726.8676586619927,1.0,17.770462036132812,-4.604537919906317,186562.5,1.07,1,0,SARAL_pass1_detected\17to5\spectrogram25_465988000.txt,240000.0,1024,0,detected; above; 12.8 dB on track,client_SARAL_pass1_detected_17to5,SARAL_pass1_detected,SARAL,train,12.79
client_SARAL_pass1_detected_17to5_26,16.22702516412735,468.75,438.0841121495327,86.58615379574645,1.0,17.129674911499023,-4.6845363399432935,187265.625,1.07,1,0,SARAL_pass1_detected\17to5\spectrogram26_465988000.txt,240000.0,1024,0,detected; above; 12.2 dB on track,client_SARAL_pass1_detected_17to5,SARAL_pass1_detected,SARAL,train,12.16
client_SARAL_pass1_detected_17to5_27,15.550310116410255,234.375,219.04205607476635,969.0880355307983,1.0,17.797346115112305,-4.697900889708291,185625.0,1.07,1,0,SARAL_pass1_detected\17to5\spectrogram27_465988000.txt,240000.0,1024,0,detected; above; 9.5 dB on track,client_SARAL_pass1_detected_17to5,SARAL_pass1_detected,SARAL,train,9.47
client_SARAL_pass1_detected_17to5_28,14.806689289212226,18984.375,17742.406542056073,1962.3080768472269,1.0,16.562976837158203,-4.720712473285633,187148.4375,1.07,1,0,SARAL_pass1_detected\17to5\spectrogram28_465988000.txt,240000.0,1024,0,detected; above; 7.8 dB on track,client_SARAL_pass1_detected_17to5,SARAL_pass1_detected,SARAL,train,7.84
client_SARAL_pass1_detected_17to5_29,12.728671755746007,37734.375,35265.77102803738,4181.481226089531,1.0,14.875117301940918,-4.5338125036750405,188437.5,1.07,1,0,SARAL_pass1_detected\17to5\spectrogram29_465988000.txt,240000.0,1024,0,detected; above; 7.4 dB on track,client_SARAL_pass1_detected_17to5,SARAL_pass1_detected,SARAL,train,7.36
client_SARAL_pass1_detected_17to5_30,12.55283016054483,234.375,219.04205607476635,8393.419881197702,1.0,13.312779426574707,-4.533515903364349,187734.375,1.07,1,0,SARAL_pass1_detected\17to5\spectrogram30_465988000.txt,240000.0,1024,0,detected; above; 7.6 dB on track,client_SARAL_pass1_detected_17to5,SARAL_pass1_detected,SARAL,train,7.61
client_SARAL_pass1_detected_17to5_31,12.69891804371381,89296.875,83455.02336448598,12338.327814279637,1.0,12.841317176818848,-4.468548314504647,186093.75,1.07,1,0,SARAL_pass1_detected\17to5\spectrogram31_465988000.txt,240000.0,1024,0,detected; above; 8.1 dB on track,client_SARAL_pass1_detected_17to5,SARAL_pass1_detected,SARAL,train,8.13
client_SARAL_pass1_detected_17to5_32,11.822109143733979,73359.375,68560.16355140187,13525.05517362005,1.0,12.211227416992188,-4.603011751070091,189140.625,1.07,1,0,SARAL_pass1_detected\17to5\spectrogram32_465988000.txt,240000.0,1024,0,detected; above; 6.0 dB on track,client_SARAL_pass1_detected_17to5,SARAL_pass1_detected,SARAL,train,6.03
client_SARAL_pass1_detected_17to5_33,11.986229941368103,72890.625,68122.07943925234,13031.249341867757,1.0,11.455526351928711,-4.533304685973464,188203.125,1.07,1,0,SARAL_pass1_detected\17to5\spectrogram33_465988000.txt,240000.0,1024,0,detected; above; 6.6 dB on track,client_SARAL_pass1_detected_17to5,SARAL_pass1_detected,SARAL,train,6.63
client_SARAL_pass1_detected_17to5_34,12.561711420059204,49687.5,46436.91588785047,8472.431013968633,1.0,12.860363006591797,-4.367666372421674,186796.875,1.07,1,0,SARAL_pass1_detected\17to5\spectrogram34_465988000.txt,240000.0,1024,0,detected; above; 8.6 dB on track,client_SARAL_pass1_detected_17to5,SARAL_pass1_detected,SARAL,train,8.63
client_SARAL_pass1_detected_17to5_35,12.918875885009765,0.0,0.0,6575.396106763712,1.0,13.009682655334473,-4.4361842576154356,187734.375,1.07,1,0,SARAL_pass1_detected\17to5\spectrogram35_465988000.txt,240000.0,1024,0,detected; above; 9.2 dB on track,client_SARAL_pass1_detected_17to5,SARAL_pass1_detected,SARAL,train,9.23
client_SARAL_pass1_detected_17to5_36,12.735174282550812,38906.25,36360.98130841121,9259.755392881281,1.0,13.600539207458496,-4.380840690786627,186093.75,1.07,1,0,SARAL_pass1_detected\17to5\spectrogram36_465988000.txt,240000.0,1024,0,detected; above; 8.9 dB on track,client_SARAL_pass1_detected_17to5,SARAL_pass1_detected,SARAL,train,8.89
client_SARAL_pass1_detected_17to5_37,13.536674944877625,0.0,0.0,1346.299941181944,1.0,14.206212997436523,-4.332333339719217,187148.4375,1.07,1,0,SARAL_pass1_detected\17to5\spectrogram37_465988000.txt,240000.0,1024,0,detected; above; 10.0 dB on track,client_SARAL_pass1_detected_17to5,SARAL_pass1_detected,SARAL,train,9.98
client_SARAL_pass1_detected_17to5_38,12.754191535949706,0.0,0.0,5534.578524231863,1.0,13.617716789245605,-4.378058925739884,189140.625,1.07,1,0,SARAL_pass1_detected\17to5\spectrogram38_465988000.txt,240000.0,1024,0,detected; above; 8.4 dB on track,client_SARAL_pass1_detected_17to5,SARAL_pass1_detected,SARAL,train,8.41
client_SARAL_pass1_detected_17to5_39,13.708257092952728,5390.625,5037.967289719626,629.9588263635488,1.0,14.41443157196045,-4.423082601208409,187617.1875,1.07,1,0,SARAL_pass1_detected\17to5\spectrogram39_465988000.txt,240000.0,1024,0,detected; above; 9.8 dB on track,client_SARAL_pass1_detected_17to5,SARAL_pass1_detected,SARAL,train,9.84
client_SARAL_pass1_detected_17to5_40,14.864416710376739,234.375,219.04205607476635,79.97984106268073,1.0,14.759650230407715,-4.6308176468060935,187500.0,1.07,1,0,SARAL_pass1_detected\17to5\spectrogram40_465988000.txt,240000.0,1024,0,detected; above; 10.5 dB on track,client_SARAL_pass1_detected_17to5,SARAL_pass1_detected,SARAL,train,10.48
client_SARAL_pass1_detected_17to5_41,13.843737380504608,234.375,219.04205607476635,110.14812271325846,1.0,14.119807243347168,-4.441954346600345,186796.875,1.07,1,0,SARAL_pass1_detected\17to5\spectrogram41_465988000.txt,240000.0,1024,0,detected; above; 9.1 dB on track,client_SARAL_pass1_detected_17to5,SARAL_pass1_detected,SARAL,train,9.14
client_SARAL_pass1_detected_17to5_42,13.99802362060547,88593.75,82797.89719626168,5589.712843058951,1.0,14.411081314086914,-4.5073825334253925,186445.3125,1.07,1,0,SARAL_pass1_detected\17to5\spectrogram42_465988000.txt,240000.0,1024,0,detected; above; 8.5 dB on track,client_SARAL_pass1_detected_17to5,SARAL_pass1_detected,SARAL,train,8.54
client_SARAL_pass1_detected_17to5_43,14.344827350616455,468.75,438.0841121495327,115.03475992057372,1.0,14.469819068908691,-4.73945338873356,187968.75,1.07,1,0,SARAL_pass1_detected\17to5\spectrogram43_465988000.txt,240000.0,1024,0,detected; above; 9.7 dB on track,client_SARAL_pass1_detected_17to5,SARAL_pass1_detected,SARAL,train,9.73
client_SARAL_pass1_detected_17to5_44,14.461373442649842,468.75,438.0841121495327,96.23946184955767,1.0,15.248617172241211,-4.862425361744551,188085.9375,1.07,1,0,SARAL_pass1_detected\17to5\spectrogram44_465988000.txt,240000.0,1024,0,detected; above; 10.4 dB on track,client_SARAL_pass1_detected_17to5,SARAL_pass1_detected,SARAL,train,10.38
client_SARAL_pass1_detected_17to5_45,15.126669713497161,0.0,0.0,84.0207590527914,1.0,14.731968879699707,-5.137347534539012,189257.8125,1.07,1,0,SARAL_pass1_detected\17to5\spectrogram45_465988000.txt,240000.0,1024,0,detected; above; 11.4 dB on track,client_SARAL_pass1_detected_17to5,SARAL_pass1_detected,SARAL,train,11.42
client_SARAL_pass1_detected_17to5_46,15.615393452644348,0.0,0.0,46.96903219079311,1.0,15.26545524597168,-5.413820640775153,188671.875,1.07,1,0,SARAL_pass1_detected\17to5\spectrogram46_465988000.txt,240000.0,1024,0,detected; above; 12.1 dB on track,client_SARAL_pass1_detected_17to5,SARAL_pass1_detected,SARAL,train,12.13
client_SARAL_pass1_detected_17to5_47,17.433925314311193,0.0,0.0,0.0,1.0,15.662250518798828,-5.9623581379686525,188671.875,1.07,1,0,SARAL_pass1_detected\17to5\spectrogram47_465988000.txt,240000.0,1024,0,detected; above; 13.0 dB on track,client_SARAL_pass1_detected_17to5,SARAL_pass1_detected,SARAL,train,13.02
client_SARAL_pass1_detected_17to5_48,19.282783816963434,0.0,0.0,0.0,1.0,17.380002975463867,-5.686579533041108,188203.125,1.07,1,0,SARAL_pass1_detected\17to5\spectrogram48_465988000.txt,240000.0,1024,0,detected; above; 15.4 dB on track,client_SARAL_pass1_detected_17to5,SARAL_pass1_detected,SARAL,train,15.41
client_SARAL_pass1_detected_17to5_49,15.315244883060455,0.0,0.0,46.96903219079311,1.0,14.233292579650879,-6.037580923329696,188671.875,1.07,1,0,SARAL_pass1_detected\17to5\spectrogram49_465988000.txt,240000.0,1024,0,detected; above; 11.2 dB on track,client_SARAL_pass1_detected_17to5,SARAL_pass1_detected,SARAL,train,11.24
client_SARAL_pass1_detected_17to5_50,17.01614471244812,0.0,0.0,0.0,1.0,15.219566345214844,-6.605597244047616,189257.8125,1.07,1,0,SARAL_pass1_detected\17to5\spectrogram50_465988000.txt,240000.0,1024,0,detected; above; 13.0 dB on track,client_SARAL_pass1_detected_17to5,SARAL_pass1_detected,SARAL,train,13.0
client_SARAL_pass1_detected_17to5_51,17.11008678865433,0.0,0.0,0.0,1.0,14.167984962463379,-6.655173541031891,189140.625,1.07,1,0,SARAL_pass1_detected\17to5\spectrogram51_465988000.txt,240000.0,1024,0,detected; above; 13.1 dB on track,client_SARAL_pass1_detected_17to5,SARAL_pass1_detected,SARAL,train,13.09
client_SARAL_pass1_detected_17to5_52,16.538099103927614,0.0,0.0,0.0,1.0,15.278904914855957,-6.752625998793988,189023.4375,1.07,1,0,SARAL_pass1_detected\17to5\spectrogram52_465988000.txt,240000.0,1024,0,detected; above; 12.5 dB on track,client_SARAL_pass1_detected_17to5,SARAL_pass1_detected,SARAL,train,12.48
client_SARAL_pass1_detected_17to5_53,15.725189505577088,0.0,0.0,0.0,1.0,14.231647491455078,-6.856085434162306,191250.0,1.07,1,0,SARAL_pass1_detected\17to5\spectrogram53_465988000.txt,240000.0,1024,0,detected; above; 11.4 dB on track,client_SARAL_pass1_detected_17to5,SARAL_pass1_detected,SARAL,train,11.39
client_SARAL_pass1_detected_17to5_54,15.061918398857117,0.0,0.0,66.4242423357581,1.0,13.976795196533203,-6.740222374739842,191250.0,1.07,1,0,SARAL_pass1_detected\17to5\spectrogram54_465988000.txt,240000.0,1024,0,detected; above; 10.6 dB on track,client_SARAL_pass1_detected_17to5,SARAL_pass1_detected,SARAL,train,10.62
client_SARAL_pass1_detected_17to5_55,14.67053585243225,468.75,438.0841121495327,453.43581979893366,1.0,12.721516609191895,-6.779165176869,189375.0,1.07,1,0,SARAL_pass1_detected\17to5\spectrogram55_465988000.txt,240000.0,1024,0,detected; above; 9.8 dB on track,client_SARAL_pass1_detected_17to5,SARAL_pass1_detected,SARAL,train,9.81
client_SARAL_pass1_detected_17to5_56,14.604510727882385,234.375,219.04205607476635,92.75163050508294,1.0,13.432448387145996,-6.691300608381079,191484.375,1.07,1,0,SARAL_pass1_detected\17to5\spectrogram56_465988000.txt,240000.0,1024,0,detected; above; 9.7 dB on track,client_SARAL_pass1_detected_17to5,SARAL_pass1_detected,SARAL,train,9.74
client_SARAL_pass1_detected_17to5_57,14.4413081946373,55781.25,52132.00934579439,3548.2147245457345,1.0,13.037822723388672,-6.82180225426757,191250.0,1.07,1,0,SARAL_pass1_detected\17to5\spectrogram57_465988000.txt,240000.0,1024,0,detected; above; 9.3 dB on track,client_SARAL_pass1_detected_17to5,SARAL_pass1_detected,SARAL,train,9.25
client_SARAL_pass1_detected_17to5_58,13.385486971855164,11250.0,10514.018691588784,1567.0172128926622,1.0,11.846513748168945,-6.867559966656929,191484.375,1.07,1,0,SARAL_pass1_detected\17to5\spectrogram58_465988000.txt,240000.0,1024,0,detected; above; 7.2 dB on track,client_SARAL_pass1_detected_17to5,SARAL_pass1_detected,SARAL,train,7.23
client_SARAL_pass1_detected_17to5_59,13.105651749610901,9375.0,8761.682242990653,2118.9007582892013,1.0,10.965587615966797,-6.861560524905743,188320.3125,1.07,1,0,SARAL_pass1_detected\17to5\spectrogram59_465988000.txt,240000.0,1024,0,detected; above; 6.1 dB on track,client_SARAL_pass1_detected_17to5,SARAL_pass1_detected,SARAL,train,6.11
client_SARAL_pass1_detected_17to5_64,12.755230214118958,8906.25,8323.598130841121,2558.5925272121626,1.0,10.295629501342773,-6.855769210811706,191132.8125,1.07,1,0,SARAL_pass1_detected\17to5\spectrogram64_465988000.txt,240000.0,1024,0,detected; above; 6.1 dB on track,client_SARAL_pass1_detected_17to5,SARAL_pass1_detected,SARAL,train,6.09
client_SARAL_pass1_detected_17to5_66,12.934994886398316,62343.75,58265.18691588785,4208.117021889351,1.0,11.5586519241333,-6.685334001885683,189257.8125,1.07,1,0,SARAL_pass1_detected\17to5\spectrogram66_465988000.txt,240000.0,1024,0,detected; above; 6.2 dB on track,client_SARAL_pass1_detected_17to5,SARAL_pass1_detected,SARAL,train,6.25
client_SARAL_pass1_detected_17to5_67,12.96251584148407,16171.875,15113.901869158877,1507.9824193532543,1.0,11.537339210510254,-6.735361579387171,190312.5,1.07,1,0,SARAL_pass1_detected\17to5\spectrogram67_465988000.txt,240000.0,1024,0,detected; above; 7.5 dB on track,client_SARAL_pass1_detected_17to5,SARAL_pass1_detected,SARAL,train,7.5
client_SARAL_pass1_detected_17to5_68,13.83197011756897,0.0,0.0,78.59422343805761,1.0,12.337014198303223,-6.706600734284145,191953.125,1.07,1,0,SARAL_pass1_detected\17to5\spectrogram68_465988000.txt,240000.0,1024,0,detected; above; 9.6 dB on track,client_SARAL_pass1_detected_17to5,SARAL_pass1_detected,SARAL,train,9.58
client_SARAL_pass1_detected_17to5_69,13.988528359413147,468.75,438.0841121495327,81.33096602871969,1.0,13.042435646057129,-6.827457829712835,189492.1875,1.07,1,0,SARAL_pass1_detected\17to5\spectrogram69_465988000.txt,240000.0,1024,0,detected; above; 9.7 dB on track,client_SARAL_pass1_detected_17to5,SARAL_pass1_detected,SARAL,train,9.66
client_SARAL_pass1_detected_17to5_70,13.678787416934966,0.0,0.0,1022.5882127530347,1.0,12.230143547058105,-6.798788697776844,189726.5625,1.07,1,0,SARAL_pass1_detected\17to5\spectrogram70_465988000.txt,240000.0,1024,0,detected; above; 9.2 dB on track,client_SARAL_pass1_detected_17to5,SARAL_pass1_detected,SARAL,train,9.19
client_SARAL_pass1_detected_17to5_71,13.588368298776958,0.0,0.0,1256.1033226725083,1.0,11.771126747131348,-6.484621858187103,189843.75,1.07,1,0,SARAL_pass1_detected\17to5\spectrogram71_465988000.txt,240000.0,1024,0,detected; above; 9.0 dB on track,client_SARAL_pass1_detected_17to5,SARAL_pass1_detected,SARAL,train,9.03
client_SARAL_pass1_detected_17to5_72,13.888946747779846,2578.125,2409.46261682243,1303.381254212504,1.0,11.859336853027344,-6.879803026043323,190781.25,1.07,1,0,SARAL_pass1_detected\17to5\spectrogram72_465988000.txt,240000.0,1024,0,detected; above; 9.5 dB on track,client_SARAL_pass1_detected_17to5,SARAL_pass1_detected,SARAL,train,9.53
client_SARAL_pass1_detected_17to5_73,13.050599372386932,3515.625,3285.630841121495,913.9184492153114,1.0,12.474138259887695,-6.735247687532946,190078.125,1.07,1,0,SARAL_pass1_detected\17to5\spectrogram73_465988000.txt,240000.0,1024,0,detected; above; 8.2 dB on track,client_SARAL_pass1_detected_17to5,SARAL_pass1_detected,SARAL,train,8.24
client_SARAL_pass1_detected_17to5_74,13.648485472679138,468.75,438.0841121495327,896.6022789355341,1.0,12.454331398010254,-6.697251498646022,189609.375,1.07,1,0,SARAL_pass1_detected\17to5\spectrogram74_465988000.txt,240000.0,1024,0,detected; above; 9.2 dB on track,client_SARAL_pass1_detected_17to5,SARAL_pass1_detected,SARAL,train,9.21
client_SARAL_pass1_detected_17to5_75,19.345595640182495,468.75,438.0841121495327,1183.5808364945303,1.0,26.945234298706055,-6.561544047876498,189375.0,1.07,1,0,SARAL_pass1_detected\17to5\spectrogram75_465988000.txt,240000.0,1024,0,detected; above; 9.3 dB on track,client_SARAL_pass1_detected_17to5,SARAL_pass1_detected,SARAL,train,9.28
client_SARAL_pass1_detected_17to5_76,14.198011559486389,703.125,657.126168224299,370.7174560801316,1.0,13.294239044189453,-6.8082972574275225,190781.25,1.07,1,0,SARAL_pass1_detected\17to5\spectrogram76_465988000.txt,240000.0,1024,0,detected; above; 9.4 dB on track,client_SARAL_pass1_detected_17to5,SARAL_pass1_detected,SARAL,train,9.43
client_SARAL_pass1_detected_17to5_77,13.192837308883666,468.75,438.0841121495327,629.4523154104099,1.0,11.807000160217285,-6.916011866032896,190781.25,1.07,1,0,SARAL_pass1_detected\17to5\spectrogram77_465988000.txt,240000.0,1024,0,detected; above; 6.8 dB on track,client_SARAL_pass1_detected_17to5,SARAL_pass1_detected,SARAL,train,6.78
client_SARAL_pass1_detected_17to5_78,12.795805917739868,5390.625,5037.967289719626,1105.407516385161,1.0,11.363349914550781,-6.90702386812245,189609.375,1.07,1,0,SARAL_pass1_detected\17to5\spectrogram78_465988000.txt,240000.0,1024,0,detected; above; 6.3 dB on track,client_SARAL_pass1_detected_17to5,SARAL_pass1_detected,SARAL,train,6.32
client_SARAL_pass1_detected_17to5_79,13.094239874839783,102187.5,95502.33644859813,6475.163830897409,1.0,10.923656463623047,-6.905928720940108,190546.875,1.07,1,0,SARAL_pass1_detected\17to5\spectrogram79_465988000.txt,240000.0,1024,0,detected; above; 6.5 dB on track,client_SARAL_pass1_detected_17to5,SARAL_pass1_detected,SARAL,train,6.52
client_SARAL_pass1_detected_17to5_80,13.289754529953003,1406.25,1314.252336448598,716.3132242392969,1.0,12.497987747192383,-6.879852473856237,188671.875,1.07,1,0,SARAL_pass1_detected\17to5\spectrogram80_465988000.txt,240000.0,1024,0,detected; above; 6.6 dB on track,client_SARAL_pass1_detected_17to5,SARAL_pass1_detected,SARAL,train,6.58
client_SARAL_pass1_detected_17to5_81,13.665196241855622,5390.625,5037.967289719626,554.3292068119683,1.0,11.716063499450684,-6.820583472137263,189609.375,1.07,1,0,SARAL_pass1_detected\17to5\spectrogram81_465988000.txt,240000.0,1024,0,detected; above; 7.3 dB on track,client_SARAL_pass1_detected_17to5,SARAL_pass1_detected,SARAL,train,7.33
client_SARAL_pass1_detected_17to5_82,13.541082271575927,937.5,876.1682242990654,2333.5591578416615,1.0,11.789116859436035,-6.8740853539770885,190429.6875,1.07,1,0,SARAL_pass1_detected\17to5\spectrogram82_465988000.txt,240000.0,1024,0,detected; above; 6.5 dB on track,client_SARAL_pass1_detected_17to5,SARAL_pass1_detected,SARAL,train,6.55
client_SARAL_pass1_detected_17to5_83,13.367802641868591,7734.375,7228.387850467289,1249.1137058794625,1.0,11.252385139465332,-6.9392606313211935,191484.375,1.07,1,0,SARAL_pass1_detected\17to5\spectrogram83_465988000.txt,240000.0,1024,0,detected; above; 6.1 dB on track,client_SARAL_pass1_detected_17to5,SARAL_pass1_detected,SARAL,train,6.1
client_SARAL_pass1_detected_17to5_85,13.445734000205993,234.375,219.04205607476635,2449.9200264591677,1.0,10.784958839416504,-6.9025098977730215,192304.6875,1.07,1,0,SARAL_pass1_detected\17to5\spectrogram85_465988000.txt,240000.0,1024,0,detected; above; 6.4 dB on track,client_SARAL_pass1_detected_17to5,SARAL_pass1_detected,SARAL,train,6.38
client_SARAL_pass1_detected_17to5_86,13.258365272622349,19218.75,17961.44859813084,1990.4562587440598,1.0,13.302245140075684,-6.777938479965084,189609.375,1.07,1,0,SARAL_pass1_detected\17to5\spectrogram86_465988000.txt,240000.0,1024,0,detected; above; 6.5 dB on track,client_SARAL_pass1_detected_17to5,SARAL_pass1_detected,SARAL,train,6.51
client_SARAL_pass1_detected_17to5_87,13.494815286636353,2109.375,1971.3785046728972,1559.5327646519904,1.0,11.291176795959473,-6.704871608318273,188203.125,1.07,1,0,SARAL_pass1_detected\17to5\spectrogram87_465988000.txt,240000.0,1024,0,detected; above; 7.3 dB on track,client_SARAL_pass1_detected_17to5,SARAL_pass1_detected,SARAL,train,7.33
client_SARAL_pass1_detected_17to5_88,13.242254623413086,468.75,438.0841121495327,1285.7839207247075,1.0,11.753954887390137,-6.891300683387514,189843.75,1.07,1,0,SARAL_pass1_detected\17to5\spectrogram88_465988000.txt,240000.0,1024,0,detected; above; 7.1 dB on track,client_SARAL_pass1_detected_17to5,SARAL_pass1_detected,SARAL,train,7.06
client_SARAL_pass1_detected_17to5_89,13.308378969192505,0.0,0.0,1529.056626171561,1.0,11.218738555908203,-6.888381713531312,189843.75,1.07,1,0,SARAL_pass1_detected\17to5\spectrogram89_465988000.txt,240000.0,1024,0,detected; above; 7.1 dB on track,client_SARAL_pass1_detected_17to5,SARAL_pass1_detected,SARAL,train,7.13
client_SARAL_pass1_detected_17to5_90,13.861844109535218,234.375,219.04205607476635,974.5362243327093,1.0,11.683721542358398,-6.890415154931656,188085.9375,1.07,1,0,SARAL_pass1_detected\17to5\spectrogram90_465988000.txt,240000.0,1024,0,detected; above; 8.3 dB on track,client_SARAL_pass1_detected_17to5,SARAL_pass1_detected,SARAL,train,8.29
client_SARAL_pass1_detected_17to5_91,13.791101558685302,2343.75,2190.4205607476633,836.7343444776941,1.0,12.196457862854004,-6.887712234496238,193125.0,1.07,1,0,SARAL_pass1_detected\17to5\spectrogram91_465988000.txt,240000.0,1024,0,detected; above; 8.3 dB on track,client_SARAL_pass1_detected_17to5,SARAL_pass1_detected,SARAL,train,8.29
client_SARAL_pass1_detected_17to5_92,13.051441505432129,703.125,657.126168224299,1200.8801144726722,1.0,11.910184860229492,-6.874391222650915,190546.875,1.07,1,0,SARAL_pass1_detected\17to5\spectrogram92_465988000.txt,240000.0,1024,0,detected; above; 7.2 dB on track,client_SARAL_pass1_detected_17to5,SARAL_pass1_detected,SARAL,train,7.19
client_SARAL_pass1_detected_17to5_93,13.02317153263092,17343.75,16209.11214953271,1619.3085956849686,1.0,10.28327465057373,-6.894067007406495,190078.125,1.07,1,0,SARAL_pass1_detected\17to5\spectrogram93_465988000.txt,240000.0,1024,0,detected; above; 7.0 dB on track,client_SARAL_pass1_detected_17to5,SARAL_pass1_detected,SARAL,train,7.04
client_SARAL_pass1_detected_17to5_94,13.418477849960327,2343.75,2190.4205607476633,884.1661001595161,1.0,11.590814590454102,-6.90423620407953,191132.8125,1.07,1,0,SARAL_pass1_detected\17to5\spectrogram94_465988000.txt,240000.0,1024,0,detected; above; 7.7 dB on track,client_SARAL_pass1_detected_17to5,SARAL_pass1_detected,SARAL,train,7.73
client_SARAL_pass1_detected_17to5_95,13.566599032402038,3281.25,3066.588785046729,729.6413299021557,1.0,12.002227783203125,-6.883950398166843,191250.0,1.07,1,0,SARAL_pass1_detected\17to5\spectrogram95_465988000.txt,240000.0,1024,0,detected; above; 8.1 dB on track,client_SARAL_pass1_detected_17to5,SARAL_pass1_detected,SARAL,train,8.06
client_SARAL_pass1_detected_17to5_96,13.866260565757752,1640.625,1533.2943925233644,666.3651408594283,1.0,11.648365020751953,-6.903843311455831,190546.875,1.07,1,0,SARAL_pass1_detected\17to5\spectrogram96_465988000.txt,240000.0,1024,0,detected; above; 8.0 dB on track,client_SARAL_pass1_detected_17to5,SARAL_pass1_detected,SARAL,train,7.98
client_SARAL_pass1_detected_17to5_98,14.42745742702484,703.125,657.126168224299,309.7691729750668,1.0,12.530492782592773,-6.970552304043181,192187.5,1.07,1,0,SARAL_pass1_detected\17to5\spectrogram98_465988000.txt,240000.0,1024,0,detected; above; 7.8 dB on track,client_SARAL_pass1_detected_17to5,SARAL_pass1_detected,SARAL,train,7.85
client_SARAL_pass1_detected_5to-5_0,13.905682673454285,3750.0,3504.6728971962616,402.66786814157007,1.0,12.735424995422363,-6.8015674851630745,192656.25,1.07,1,0,SARAL_pass1_detected\5to-5\spectrogram0_465988000.txt,240000.0,1024,0,detected; mixed; 6.3 dB on track,client_SARAL_pass1_detected_5to-5,SARAL_pass1_detected,SARAL,train,6.3
client_SARAL_pass1_detected_5to-5_16,13.614740020751952,0.0,0.0,1521.9705924185089,1.0,12.441543579101562,-6.450627690599212,188906.25,1.07,1,0,SARAL_pass1_detected\5to-5\spectrogram16_465988000.txt,240000.0,1024,0,detected; mixed; 6.2 dB on track,client_SARAL_pass1_detected_5to-5,SARAL_pass1_detected,SARAL,train,6.19
client_SARAL_pass1_detected_5to-5_32,13.968957733154296,234.375,219.04205607476635,1393.0888247960331,1.0,12.400291442871094,-5.958642428271737,189140.625,1.07,1,0,SARAL_pass1_detected\5to-5\spectrogram32_465988000.txt,240000.0,1024,0,detected; mixed; 6.5 dB on track,client_SARAL_pass1_detected_5to-5,SARAL_pass1_detected,SARAL,train,6.47
client_SARAL_pass1_detected_5to-5_33,14.425393560409546,3046.875,2847.5467289719622,1836.9828848840552,1.0,14.020009994506836,-6.143442818188707,189609.375,1.07,1,0,SARAL_pass1_detected\5to-5\spectrogram33_465988000.txt,240000.0,1024,0,detected; mixed; 6.7 dB on track,client_SARAL_pass1_detected_5to-5,SARAL_pass1_detected,SARAL,train,6.74
client_SARAL_pass1_detected_5to-5_35,14.38720112991333,937.5,876.1682242990654,489.0050906573998,1.0,12.500177383422852,-6.453355131361657,192890.625,1.07,1,0,SARAL_pass1_detected\5to-5\spectrogram35_465988000.txt,240000.0,1024,0,detected; mixed; 6.6 dB on track,client_SARAL_pass1_detected_5to-5,SARAL_pass1_detected,SARAL,train,6.6
client_SARAL_pass1_detected_5to-5_62,12.303428126335143,59531.25,55636.68224299065,7892.822682046236,1.0,10.109223365783691,-6.716012153965698,200390.625,1.07,0,0,SARAL_pass1_detected\5to-5\spectrogram62_465988000.txt,240000.0,1024,0,detected; mixed; 2.4 dB on track,client_SARAL_pass1_detected_5to-5,SARAL_pass1_detected,SARAL,train,2.45
client_SARAL_pass1_detected_5to-5_64,12.787724349975585,51796.875,48408.29439252336,6772.974365563629,1.0,13.284566879272461,-6.664831366474638,200976.5625,1.07,0,0,SARAL_pass1_detected\5to-5\spectrogram64_465988000.txt,240000.0,1024,0,detected; mixed; 2.9 dB on track,client_SARAL_pass1_detected_5to-5,SARAL_pass1_detected,SARAL,train,2.87
client_SARAL_pass1_detected_5to-5_74,14.195480579376222,3515.625,3285.630841121495,1390.4814009252807,1.0,12.336663246154785,-6.432923471870415,196640.625,1.07,1,0,SARAL_pass1_detected\5to-5\spectrogram74_465988000.txt,240000.0,1024,0,detected; mixed; 6.0 dB on track,client_SARAL_pass1_detected_5to-5,SARAL_pass1_detected,SARAL,train,6.01
client_SARAL_pass1_detected_5to-5_75,14.201492073059082,2812.5,2628.504672897196,577.436771097346,1.0,13.82635498046875,-6.4313962908117865,196992.1875,1.07,1,0,SARAL_pass1_detected\5to-5\spectrogram75_465988000.txt,240000.0,1024,0,detected; mixed; 6.2 dB on track,client_SARAL_pass1_detected_5to-5,SARAL_pass1_detected,SARAL,train,6.15
client_SARAL_pass1_detected_5to-5_89,12.179733700752259,3046.875,2847.5467289719622,9628.88439412668,1.0,11.945368766784668,-5.067165147627781,189257.8125,1.07,0,0,SARAL_pass1_detected\5to-5\spectrogram89_465988000.txt,240000.0,1024,0,detected; mixed; 2.8 dB on track,client_SARAL_pass1_detected_5to-5,SARAL_pass1_detected,SARAL,train,2.84
client_SARAL_pass1_detected_5to-5_90,11.760784987875038,13828.125,12923.481308411214,12994.295101243673,1.0,11.188858985900879,-4.478425316810578,189843.75,1.07,0,0,SARAL_pass1_detected\5to-5\spectrogram90_465988000.txt,240000.0,1024,0,detected; mixed; 1.5 dB on track,client_SARAL_pass1_detected_5to-5,SARAL_pass1_detected,SARAL,train,1.46
client_SARAL_pass1_detected_5to-5_91,11.668423707759837,25078.125,23437.5,15817.096324136122,1.0,11.490595817565918,-3.5506850050167236,187265.625,1.07,0,0,SARAL_pass1_detected\5to-5\spectrogram91_465988000.txt,240000.0,1024,0,detected; mixed; 1.2 dB on track,client_SARAL_pass1_detected_5to-5,SARAL_pass1_detected,SARAL,train,1.18
client_SARAL_pass1_detected_5to-5_92,11.824751615335005,14765.625,13799.64953271028,14296.968047922106,1.0,12.018404960632324,-3.6974625194725057,187734.375,1.07,0,0,SARAL_pass1_detected\5to-5\spectrogram92_465988000.txt,240000.0,1024,0,detected; mixed; 1.1 dB on track,client_SARAL_pass1_detected_5to-5,SARAL_pass1_detected,SARAL,train,1.12
client_SARAL_pass1_detected_5to-5_93,11.830446970389799,33750.0,31542.056074766355,17324.04043119128,1.0,11.258898735046387,-4.569562627494585,187148.4375,1.07,0,0,SARAL_pass1_detected\5to-5\spectrogram93_465988000.txt,240000.0,1024,0,detected; mixed; 2.0 dB on track,client_SARAL_pass1_detected_5to-5,SARAL_pass1_detected,SARAL,train,2.04
client_SARAL_pass1_detected_5to-5_94,11.774333830833434,1640.625,1533.2943925233644,13490.784903018872,1.0,10.662358283996582,-4.45564949015883,186093.75,1.07,0,0,SARAL_pass1_detected\5to-5\spectrogram94_465988000.txt,240000.0,1024,0,detected; mixed; 1.8 dB on track,client_SARAL_pass1_detected_5to-5,SARAL_pass1_detected,SARAL,train,1.8
client_SARAL_pass1_detected_5to-5_95,11.807088113307953,76406.25,71407.71028037382,17583.13300118836,1.0,10.607281684875488,-4.6329834180857015,189843.75,1.07,0,0,SARAL_pass1_detected\5to-5\spectrogram95_465988000.txt,240000.0,1024,0,detected; mixed; 1.7 dB on track,client_SARAL_pass1_detected_5to-5,SARAL_pass1_detected,SARAL,train,1.72
client_SARAL_pass1_detected_5to-5_96,11.722774916648865,71250.0,66588.78504672897,18678.69803182121,1.0,10.34792709350586,-4.809662458992796,188906.25,1.07,0,0,SARAL_pass1_detected\5to-5\spectrogram96_465988000.txt,240000.0,1024,0,detected; mixed; 1.7 dB on track,client_SARAL_pass1_detected_5to-5,SARAL_pass1_detected,SARAL,train,1.69
client_SARAL_pass1_detected_5to-5_97,11.841846013069153,25546.875,23875.584112149532,17404.211744854518,1.0,10.58266830444336,-4.840216763983035,187265.625,1.07,0,0,SARAL_pass1_detected\5to-5\spectrogram97_465988000.txt,240000.0,1024,0,detected; mixed; 2.5 dB on track,client_SARAL_pass1_detected_5to-5,SARAL_pass1_detected,SARAL,train,2.48
client_SARAL_pass1_detected_5to-5_98,11.825097371193797,67265.625,62865.07009345794,16227.322773315293,1.0,11.496488571166992,-4.792667284545143,187968.75,1.07,0,0,SARAL_pass1_detected\5to-5\spectrogram98_465988000.txt,240000.0,1024,0,detected; mixed; 2.6 dB on track,client_SARAL_pass1_detected_5to-5,SARAL_pass1_detected,SARAL,train,2.57
client_SARAL_pass1_detected_5to-5_99,11.850852070212364,40312.5,37675.233644859814,12475.59024277214,1.0,12.369521141052246,-4.785317847759769,187968.75,1.07,0,0,SARAL_pass1_detected\5to-5\spectrogram99_465988000.txt,240000.0,1024,0,detected; mixed; 2.2 dB on track,client_SARAL_pass1_detected_5to-5,SARAL_pass1_detected,SARAL,train,2.24
client_SARAL_pass1_detected_-5to-10_0,11.783121271133423,60703.125,56731.892523364484,14346.049443070298,1.0,11.399664878845215,-4.792171198171516,187968.75,1.07,0,0,SARAL_pass1_detected\-5to-10\spectrogram0_465988000.txt,240000.0,1024,0,detected; below; 1.6 dB on track,client_SARAL_pass1_detected_-5to-10,SARAL_pass1_detected,SARAL,train,1.65
client_SARAL_pass1_detected_-5to-10_1,12.202948837134272,23437.5,21904.205607476633,13011.387029870204,1.0,12.041951179504395,-4.930614115016068,188437.5,1.07,0,0,SARAL_pass1_detected\-5to-10\spectrogram1_465988000.txt,240000.0,1024,0,detected; below; 2.7 dB on track,client_SARAL_pass1_detected_-5to-10,SARAL_pass1_detected,SARAL,train,2.67
client_SARAL_pass1_detected_-5to-10_2,12.114235211472753,41015.625,38332.35981308411,11315.150910965513,1.0,11.78905200958252,-4.5268010277354795,189726.5625,1.07,0,0,SARAL_pass1_detected\-5to-10\spectrogram2_465988000.txt,240000.0,1024,0,detected; below; 3.1 dB on track,client_SARAL_pass1_detected_-5to-10,SARAL_pass1_detected,SARAL,train,3.13
client_SARAL_pass1_detected_-5to-10_3,12.348503967285156,62343.75,58265.18691588785,8193.556695873853,1.0,12.441993713378906,-5.378168927035117,195585.9375,1.07,0,0,SARAL_pass1_detected\-5to-10\spectrogram3_465988000.txt,240000.0,1024,0,detected; below; 3.1 dB on track,client_SARAL_pass1_detected_-5to-10,SARAL_pass1_detected,SARAL,train,3.14
client_SARAL_pass1_detected_-5to-10_4,12.17614455127716,110859.375,103606.89252336448,14971.53273660966,1.0,10.947040557861328,-5.238856648546208,198984.375,1.07,0,0,SARAL_pass1_detected\-5to-10\spectrogram4_465988000.txt,240000.0,1024,0,detected; below; 2.7 dB on track,client_SARAL_pass1_detected_-5to-10,SARAL_pass1_detected,SARAL,train,2.68
client_SARAL_pass1_detected_-5to-10_5,12.429341969251633,3984.375,3723.7149532710278,7298.023968801903,1.0,11.63337516784668,-5.938374828018343,192773.4375,1.07,0,0,SARAL_pass1_detected\-5to-10\spectrogram5_465988000.txt,240000.0,1024,0,detected; below; 3.6 dB on track,client_SARAL_pass1_detected_-5to-10,SARAL_pass1_detected,SARAL,train,3.6
client_SARAL_pass1_detected_-5to-10_6,12.016208723545075,37265.625,34827.68691588785,8288.157468322053,1.0,10.104920387268066,-6.926030530531221,196757.8125,1.07,0,0,SARAL_pass1_detected\-5to-10\spectrogram6_465988000.txt,240000.0,1024,0,detected; below; 3.0 dB on track,client_SARAL_pass1_detected_-5to-10,SARAL_pass1_detected,SARAL,train,3.02
client_SARAL_pass1_detected_-5to-10_7,11.971937983512879,37265.625,34827.68691588785,8225.82473875597,1.0,9.584901809692383,-6.955274965531705,197578.125,1.07,0,0,SARAL_pass1_detected\-5to-10\spectrogram7_465988000.txt,240000.0,1024,0,detected; below; 2.7 dB on track,client_SARAL_pass1_detected_-5to-10,SARAL_pass1_detected,SARAL,train,2.72
client_SARAL_pass1_detected_-5to-10_8,13.054817805290222,42890.625,40084.69626168224,4525.838698588119,1.0,11.475509643554688,-6.729605777954918,193007.8125,1.07,0,0,SARAL_pass1_detected\-5to-10\spectrogram8_465988000.txt,240000.0,1024,0,detected; below; 5.1 dB on track,client_SARAL_pass1_detected_-5to-10,SARAL_pass1_detected,SARAL,train,5.12
client_SARAL_pass1_detected_-5to-10_9,12.610964663505554,3046.875,2847.5467289719622,4897.325674147491,1.0,10.16818904876709,-6.659654763140386,195468.75,1.07,0,0,SARAL_pass1_detected\-5to-10\spectrogram9_465988000.txt,240000.0,1024,0,detected; below; 3.6 dB on track,client_SARAL_pass1_detected_-5to-10,SARAL_pass1_detected,SARAL,train,3.58
client_SARAL_pass1_detected_-5to-10_10,12.879808250427246,234.375,219.04205607476635,4681.495494967833,1.0,10.897851943969727,-6.848336428062099,195234.375,1.07,0,0,SARAL_pass1_detected\-5to-10\spectrogram10_465988000.txt,240000.0,1024,0,detected; below; 4.8 dB on track,client_SARAL_pass1_detected_-5to-10,SARAL_pass1_detected,SARAL,train,4.83
client_SARAL_pass1_detected_-5to-10_11,12.616751785623384,17578.125,16428.154205607476,8455.187827831624,1.0,11.722429275512695,-6.900504277399284,193125.0,1.07,0,0,SARAL_pass1_detected\-5to-10\spectrogram11_465988000.txt,240000.0,1024,0,detected; below; 4.1 dB on track,client_SARAL_pass1_detected_-5to-10,SARAL_pass1_detected,SARAL,train,4.1
client_SARAL_pass1_detected_-5to-10_12,12.415909375190735,43125.0,40303.73831775701,9349.693254811851,1.0,10.063737869262695,-6.843903102452571,193945.3125,1.07,0,0,SARAL_pass1_detected\-5to-10\spectrogram12_465988000.txt,240000.0,1024,0,detected; below; 3.5 dB on track,client_SARAL_pass1_detected_-5to-10,SARAL_pass1_detected,SARAL,train,3.5
client_SARAL_pass1_detected_-5to-10_13,12.544168126106262,57656.25,53884.34579439252,6112.780248307224,1.0,13.025825500488281,-6.900174934270853,194062.5,1.07,0,0,SARAL_pass1_detected\-5to-10\spectrogram13_465988000.txt,240000.0,1024,0,detected; below; 4.1 dB on track,client_SARAL_pass1_detected_-5to-10,SARAL_pass1_detected,SARAL,train,4.09
client_SARAL_pass1_detected_-5to-10_14,12.955683912277221,4687.5,4380.841121495327,2532.16641598858,1.0,10.745219230651855,-6.851352376318063,190546.875,1.07,0,0,SARAL_pass1_detected\-5to-10\spectrogram14_465988000.txt,240000.0,1024,0,detected; below; 4.6 dB on track,client_SARAL_pass1_detected_-5to-10,SARAL_pass1_detected,SARAL,train,4.63
client_SARAL_pass1_detected_-5to-10_15,12.790967892646789,703.125,657.126168224299,6198.683884735135,1.0,11.257731437683105,-6.648186092141106,193125.0,1.07,0,0,SARAL_pass1_detected\-5to-10\spectrogram15_465988000.txt,240000.0,1024,0,detected; below; 4.5 dB on track,client_SARAL_pass1_detected_-5to-10,SARAL_pass1_detected,SARAL,train,4.51
client_SARAL_pass1_detected_-5to-10_16,11.836985686779022,1171.875,1095.2102803738317,14815.20395111438,1.0,11.151984214782715,-5.319347940965932,188437.5,1.07,0,0,SARAL_pass1_detected\-5to-10\spectrogram16_465988000.txt,240000.0,1024,0,detected; below; 2.3 dB on track,client_SARAL_pass1_detected_-5to-10,SARAL_pass1_detected,SARAL,train,2.33
client_SARAL_pass1_detected_-5to-10_17,12.142516946792602,3984.375,3723.7149532710278,11882.105410279113,1.0,12.144637107849121,-4.881379306309028,193359.375,1.07,0,0,SARAL_pass1_detected\-5to-10\spectrogram17_465988000.txt,240000.0,1024,0,detected; below; 3.0 dB on track,client_SARAL_pass1_detected_-5to-10,SARAL_pass1_detected,SARAL,train,3.04
client_SARAL_pass1_detected_-5to-10_18,12.950240186837869,43593.75,40741.82242990654,6506.271663995844,1.0,12.99073314666748,-4.57933373524254,190664.0625,1.07,0,0,SARAL_pass1_detected\-5to-10\spectrogram18_465988000.txt,240000.0,1024,0,detected; below; 4.4 dB on track,client_SARAL_pass1_detected_-5to-10,SARAL_pass1_detected,SARAL,train,4.39
client_SARAL_pass1_detected_-5to-10_19,12.737096648693084,23671.875,22123.2476635514,14126.704837345611,1.0,12.7767333984375,-5.840699788154371,187968.75,1.07,0,0,SARAL_pass1_detected\-5to-10\spectrogram19_465988000.txt,240000.0,1024,0,detected; below; 4.8 dB on track,client_SARAL_pass1_detected_-5to-10,SARAL_pass1_detected,SARAL,train,4.84
client_SARAL_pass1_detected_-5to-10_20,14.541006265971095,1875.0,1752.3364485981308,1372.5684479923332,1.0,15.912943840026855,-5.863676382772468,192421.875,1.07,0,0,SARAL_pass1_detected\-5to-10\spectrogram20_465988000.txt,240000.0,1024,0,detected; below; 6.4 dB on track,client_SARAL_pass1_detected_-5to-10,SARAL_pass1_detected,SARAL,train,6.39
client_SARAL_pass1_detected_-5to-10_21,13.263923907039686,468.75,438.0841121495327,9123.6783931602,1.0,16.235572814941406,-2.9555775784126013,191367.1875,1.07,0,0,SARAL_pass1_detected\-5to-10\spectrogram21_465988000.txt,240000.0,1024,0,detected; below; 3.7 dB on track,client_SARAL_pass1_detected_-5to-10,SARAL_pass1_detected,SARAL,train,3.71
client_SARAL_pass1_detected_-5to-10_22,15.317714389801026,4687.5,4380.841121495327,820.6006881761374,1.0,16.26882553100586,-5.81128779721195,192539.0625,1.07,0,0,SARAL_pass1_detected\-5to-10\spectrogram22_465988000.txt,240000.0,1024,0,detected; below; 6.8 dB on track,client_SARAL_pass1_detected_-5to-10,SARAL_pass1_detected,SARAL,train,6.77
client_SARAL_pass1_detected_-5to-10_23,15.71884376347065,2109.375,1971.3785046728972,601.25400968195,1.0,14.950149536132812,-6.010468072085822,190078.125,1.07,0,0,SARAL_pass1_detected\-5to-10\spectrogram23_465988000.txt,240000.0,1024,0,detected; below; 7.3 dB on track,client_SARAL_pass1_detected_-5to-10,SARAL_pass1_detected,SARAL,train,7.28
client_SARAL_pass1_detected_-5to-10_24,16.316199271202088,1640.625,1533.2943925233644,678.1786997865473,1.0,15.650655746459961,-6.365066498619291,191835.9375,1.07,0,0,SARAL_pass1_detected\-5to-10\spectrogram24_465988000.txt,240000.0,1024,0,detected; below; 8.3 dB on track,client_SARAL_pass1_detected_-5to-10,SARAL_pass1_detected,SARAL,train,8.26
client_SARAL_pass1_detected_-5to-10_25,15.59929386329651,703.125,657.126168224299,641.4263857778556,1.0,14.827893257141113,-6.271004344746466,188906.25,1.07,0,0,SARAL_pass1_detected\-5to-10\spectrogram25_465988000.txt,240000.0,1024,0,detected; below; 6.7 dB on track,client_SARAL_pass1_detected_-5to-10,SARAL_pass1_detected,SARAL,train,6.71
client_SARAL_pass1_detected_-5to-10_26,16.72009857743435,1640.625,1533.2943925233644,538.9792556312334,1.0,15.793013572692871,-5.787842692032298,186562.5,1.07,0,0,SARAL_pass1_detected\-5to-10\spectrogram26_465988000.txt,240000.0,1024,0,detected; below; 8.0 dB on track,client_SARAL_pass1_detected_-5to-10,SARAL_pass1_detected,SARAL,train,7.97
client_SARAL_pass1_detected_-5to-10_27,16.92356818431616,703.125,657.126168224299,535.7278536920028,1.0,16.591049194335938,-5.557004902502394,187500.0,1.07,0,0,SARAL_pass1_detected\-5to-10\spectrogram27_465988000.txt,240000.0,1024,0,detected; below; 8.8 dB on track,client_SARAL_pass1_detected_-5to-10,SARAL_pass1_detected,SARAL,train,8.76
client_SARAL_pass1_detected_-5to-10_28,17.30166494512558,234.375,219.04205607476635,454.1679508859622,1.0,17.39914894104004,-5.692049169142513,188671.875,1.07,0,0,SARAL_pass1_detected\-5to-10\spectrogram28_465988000.txt,240000.0,1024,0,detected; below; 9.1 dB on track,client_SARAL_pass1_detected_-5to-10,SARAL_pass1_detected,SARAL,train,9.09
client_SARAL_pass1_detected_-5to-10_29,16.864684067849325,2109.375,1971.3785046728972,534.0184179218043,1.0,17.85811996459961,-5.555519899179843,187382.8125,1.07,0,0,SARAL_pass1_detected\-5to-10\spectrogram29_465988000.txt,240000.0,1024,0,detected; below; 8.4 dB on track,client_SARAL_pass1_detected_-5to-10,SARAL_pass1_detected,SARAL,train,8.43
client_SARAL_pass1_detected_-5to-10_30,16.81539766216278,5156.25,4818.92523364486,480.3846543588686,1.0,18.62643814086914,-5.7631530531624415,189960.9375,1.07,0,0,SARAL_pass1_detected\-5to-10\spectrogram30_465988000.txt,240000.0,1024,0,detected; below; 8.9 dB on track,client_SARAL_pass1_detected_-5to-10,SARAL_pass1_detected,SARAL,train,8.92
client_SARAL_pass1_detected_-5to-10_31,17.182416580200194,2812.5,2628.504672897196,546.4220007039253,1.0,16.807266235351562,-5.936630841770196,190078.125,1.07,0,0,SARAL_pass1_detected\-5to-10\spectrogram31_465988000.txt,240000.0,1024,0,detected; below; 9.0 dB on track,client_SARAL_pass1_detected_-5to-10,SARAL_pass1_detected,SARAL,train,8.99
client_SARAL_pass1_detected_-5to-10_32,17.104209555322456,5859.375,5476.051401869158,445.7086359877282,1.0,16.887840270996094,-5.9268904523881005,188671.875,1.07,0,0,SARAL_pass1_detected\-5to-10\spectrogram32_465988000.txt,240000.0,1024,0,detected; below; 9.1 dB on track,client_SARAL_pass1_detected_-5to-10,SARAL_pass1_detected,SARAL,train,9.12
client_SARAL_pass1_detected_-5to-10_33,17.0390020942688,703.125,657.126168224299,481.5102113122275,1.0,16.49740219116211,-5.841123646797847,188671.875,1.07,0,0,SARAL_pass1_detected\-5to-10\spectrogram33_465988000.txt,240000.0,1024,0,detected; below; 9.2 dB on track,client_SARAL_pass1_detected_-5to-10,SARAL_pass1_detected,SARAL,train,9.19
client_SARAL_pass1_detected_-5to-10_34,16.51659479188919,1406.25,1314.252336448598,499.6973994511979,1.0,16.050676345825195,-5.992377414375008,188906.25,1.07,0,0,SARAL_pass1_detected\-5to-10\spectrogram34_465988000.txt,240000.0,1024,0,detected; below; 8.7 dB on track,client_SARAL_pass1_detected_-5to-10,SARAL_pass1_detected,SARAL,train,8.68
