capture_id,snr_db,frequency_drift_hz,drift_rate_hz_per_second,smoothness_score,valid_signal_ratio,peak_power,mean_power,occupied_bandwidth_hz,signal_duration_seconds,label,is_synthetic,source_file,sample_rate_hz,nperseg,noverlap,notes,recording_id,pass,satellite,split,snr_on_track_db
client_NORAD-16_marginal_notinsky_0,11.969963232729947,89531.25,83674.06542056074,13043.968814999398,1.0,31.716909408569336,-4.232030256254558,186445.3125,1.07,0,0,NORAD-16_marginal\notinsky\spectrogram0_465988000.txt,240000.0,1024,0,marginal; below; 0.4 dB on track,client_NORAD-16_marginal_notinsky,NORAD-16_marginal,NORAD-16,external,0.44
client_NORAD-16_marginal_notinsky_1,11.936939821004868,3984.375,3723.7149532710278,14568.68416700241,1.0,11.280097007751465,-4.521138772096907,188671.875,1.07,0,0,NORAD-16_marginal\notinsky\spectrogram1_465988000.txt,240000.0,1024,0,marginal; below; 0.0 dB on track,client_NORAD-16_marginal_notinsky,NORAD-16_marginal,NORAD-16,external,0.03
client_NORAD-16_marginal_notinsky_2,11.997379375696182,17578.125,16428.154205607476,12993.610806445562,1.0,11.711402893066406,-4.758314953272251,186328.125,1.07,0,0,NORAD-16_marginal\notinsky\spectrogram2_465988000.txt,240000.0,1024,0,marginal; below; 0.1 dB on track,client_NORAD-16_marginal_notinsky,NORAD-16_marginal,NORAD-16,external,0.06
client_NORAD-16_marginal_notinsky_3,11.825488438129424,29765.625,27818.341121495327,14065.02726490035,1.0,10.81210994720459,-4.625715265893712,185976.5625,1.07,0,0,NORAD-16_marginal\notinsky\spectrogram3_465988000.txt,240000.0,1024,0,marginal; below; 0.1 dB on track,client_NORAD-16_marginal_notinsky,NORAD-16_marginal,NORAD-16,external,0.06
client_NORAD-16_marginal_notinsky_4,11.964636135339736,64218.75,60017.523364485976,17813.778650057357,1.0,10.999593734741211,-4.426159414551959,186093.75,1.07,0,0,NORAD-16_marginal\notinsky\spectrogram4_465988000.txt,240000.0,1024,0,marginal; below; 0.6 dB on track,client_NORAD-16_marginal_notinsky,NORAD-16_marginal,NORAD-16,external,0.55
client_NORAD-16_marginal_notinsky_5,11.789486113071442,31171.875,29132.593457943924,10923.162799284544,1.0,10.634228706359863,-4.873946021174547,186914.0625,1.07,0,0,NORAD-16_marginal\notinsky\spectrogram5_465988000.txt,240000.0,1024,0,marginal; below; 0.3 dB on track,client_NORAD-16_marginal_notinsky,NORAD-16_marginal,NORAD-16,external,0.26
client_NORAD-16_marginal_notinsky_6,11.845918414235115,54375.0,50817.75700934579,13299.203619893138,1.0,14.775657653808594,-4.902084355544035,186445.3125,1.07,0,0,NORAD-16_marginal\notinsky\spectrogram6_465988000.txt,240000.0,1024,0,marginal; below; 0.1 dB on track,client_NORAD-16_marginal_notinsky,NORAD-16_marginal,NORAD-16,external,0.12
client_NORAD-16_marginal_notinsky_7,11.92073310637474,55312.5,51693.925233644855,11318.331492665604,1.0,11.145482063293457,-4.950296050799498,187031.25,1.07,0,0,NORAD-16_marginal\notinsky\spectrogram7_465988000.txt,240000.0,1024,0,marginal; below; 0.5 dB on track,client_NORAD-16_marginal_notinsky,NORAD-16_marginal,NORAD-16,external,0.45
client_NORAD-16_marginal_notinsky_8,11.791830273807049,5625.0,5257.009345794392,14249.832233586434,1.0,14.264111518859863,-4.856955239118272,187617.1875,1.07,0,0,NORAD-16_marginal\notinsky\spectrogram8_465988000.txt,240000.0,1024,0,marginal; below; 0.3 dB on track,client_NORAD-16_marginal_notinsky,NORAD-16_marginal,NORAD-16,external,0.35
client_NORAD-16_marginal_notinsky_9,11.942195066452026,55781.25,52132.00934579439,9319.258634491449,1.0,10.95926570892334,-5.077831960778402,186914.0625,1.07,0,0,NORAD-16_marginal\notinsky\spectrogram9_465988000.txt,240000.0,1024,0,marginal; below; 0.6 dB on track,client_NORAD-16_marginal_notinsky,NORAD-16_marginal,NORAD-16,external,0.55
client_NORAD-16_marginal_notinsky_10,11.814879647552967,54609.375,51036.79906542056,15275.71987476054,1.0,11.114914894104004,-4.70496785372724,184921.875,1.07,0,0,NORAD-16_marginal\notinsky\spectrogram10_465988000.txt,240000.0,1024,0,marginal; below; 0.3 dB on track,client_NORAD-16_marginal_notinsky,NORAD-16_marginal,NORAD-16,external,0.27
client_NORAD-16_marginal_notinsky_11,12.084218555927277,90937.5,84988.31775700934,11807.583160376416,1.0,12.572997093200684,-4.720544718629066,185976.5625,1.07,0,0,NORAD-16_marginal\notinsky\spectrogram11_465988000.txt,240000.0,1024,0,marginal; below; 0.2 dB on track,client_NORAD-16_marginal_notinsky,NORAD-16_marginal,NORAD-16,external,0.24
client_NORAD-16_marginal_notinsky_12,11.734325562953948,3281.25,3066.588785046729,15475.317586629633,1.0,10.949750900268555,-4.754316885105831,186328.125,1.07,0,0,NORAD-16_marginal\notinsky\spectrogram12_465988000.txt,240000.0,1024,0,marginal; below; 0.0 dB on track,client_NORAD-16_marginal_notinsky,NORAD-16_marginal,NORAD-16,external,0.01
client_NORAD-16_marginal_notinsky_13,11.706903573036193,32343.75,30227.803738317754,17214.38749997886,1.0,10.946748733520508,-4.742585996281865,186679.6875,1.07,0,0,NORAD-16_marginal\notinsky\spectrogram13_465988000.txt,240000.0,1024,0,marginal; below; 0.2 dB on track,client_NORAD-16_marginal_notinsky,NORAD-16_marginal,NORAD-16,external,0.17
client_NORAD-16_marginal_notinsky_14,11.794961909294129,7500.0,7009.345794392523,15267.69473395539,1.0,10.676505088806152,-5.055576632750406,185390.625,1.07,0,0,NORAD-16_marginal\notinsky\spectrogram14_465988000.txt,240000.0,1024,0,marginal; below; 0.7 dB on track,client_NORAD-16_marginal_notinsky,NORAD-16_marginal,NORAD-16,external,0.74
client_NORAD-16_marginal_notinsky_15,11.666701210975647,4218.75,3942.7570093457944,18183.645128007287,1.0,11.615944862365723,-4.824769735765499,186328.125,1.07,0,0,NORAD-16_marginal\notinsky\spectrogram15_465988000.txt,240000.0,1024,0,marginal; below; 0.3 dB on track,client_NORAD-16_marginal_notinsky,NORAD-16_marginal,NORAD-16,external,0.3
client_NORAD-16_marginal_notinsky_16,11.718580737113953,56250.0,52570.09345794392,13234.475416310488,1.0,10.150084495544434,-5.165808621987815,186679.6875,1.07,0,0,NORAD-16_marginal\notinsky\spectrogram16_465988000.txt,240000.0,1024,0,marginal; below; 0.2 dB on track,client_NORAD-16_marginal_notinsky,NORAD-16_marginal,NORAD-16,external,0.2
client_NORAD-16_marginal_notinsky_17,11.716246771767736,83906.25,78417.05607476635,16708.27372632488,1.0,11.533490180969238,-5.13375151898822,188437.5,1.07,0,0,NORAD-16_marginal\notinsky\spectrogram17_465988000.txt,240000.0,1024,0,marginal; below; 0.4 dB on track,client_NORAD-16_marginal_notinsky,NORAD-16_marginal,NORAD-16,external,0.36
client_NORAD-16_marginal_notinsky_18,11.768847009658813,45468.75,42494.15887850467,14720.223960813462,1.0,11.025047302246094,-4.879360894388975,188203.125,1.07,0,0,NORAD-16_marginal\notinsky\spectrogram18_465988000.txt,240000.0,1024,0,marginal; below; 0.4 dB on track,client_NORAD-16_marginal_notinsky,NORAD-16_marginal,NORAD-16,external,0.42
client_NORAD-16_marginal_notinsky_19,11.978816240787506,11015.625,10294.976635514018,14074.48134572127,1.0,9.643819808959961,-5.3225392359841015,188085.9375,1.07,0,0,NORAD-16_marginal\notinsky\spectrogram19_465988000.txt,240000.0,1024,0,marginal; below; 0.4 dB on track,client_NORAD-16_marginal_notinsky,NORAD-16_marginal,NORAD-16,external,0.37
client_NORAD-16_marginal_notinsky_20,14.661349480509758,70781.25,66150.70093457944,13362.94735709076,1.0,21.622655868530273,-5.018753598367903,186328.125,1.07,0,0,NORAD-16_marginal\notinsky\spectrogram20_465988000.txt,240000.0,1024,0,marginal; below; 0.0 dB on track,client_NORAD-16_marginal_notinsky,NORAD-16_marginal,NORAD-16,external,0.03
client_NORAD-16_marginal_notinsky_21,11.847399053990841,11015.625,10294.976635514018,10812.798920779329,1.0,11.326889038085938,-5.116166444828414,187382.8125,1.07,0,0,NORAD-16_marginal\notinsky\spectrogram21_465988000.txt,240000.0,1024,0,marginal; below; 0.3 dB on track,client_NORAD-16_marginal_notinsky,NORAD-16_marginal,NORAD-16,external,0.32
client_NORAD-16_marginal_notinsky_22,11.825859551846982,24609.375,22999.415887850468,14327.223452891361,1.0,14.138115882873535,-5.161747821307818,187031.25,1.07,0,0,NORAD-16_marginal\notinsky\spectrogram22_465988000.txt,240000.0,1024,0,marginal; below; 0.1 dB on track,client_NORAD-16_marginal_notinsky,NORAD-16_marginal,NORAD-16,external,0.14
client_NORAD-16_marginal_notinsky_23,11.971373223781585,23203.125,21685.163551401867,12390.281474033738,1.0,10.830708503723145,-5.30431527683406,185507.8125,1.07,0,0,NORAD-16_marginal\notinsky\spectrogram23_465988000.txt,240000.0,1024,0,marginal; below; 0.2 dB on track,client_NORAD-16_marginal_notinsky,NORAD-16_marginal,NORAD-16,external,0.19
client_NORAD-16_marginal_notinsky_24,11.866395991802216,72890.625,68122.07943925234,12654.354797381658,1.0,11.397581100463867,-5.226415298378611,186914.0625,1.07,0,0,NORAD-16_marginal\notinsky\spectrogram24_465988000.txt,240000.0,1024,0,marginal; below; 0.1 dB on track,client_NORAD-16_marginal_notinsky,NORAD-16_marginal,NORAD-16,external,0.06
client_NORAD-16_marginal_notinsky_25,11.84024226474762,30468.75,28475.467289719625,16119.49627548978,1.0,11.040756225585938,-4.859454626740462,187617.1875,1.07,0,0,NORAD-16_marginal\notinsky\spectrogram25_465988000.txt,240000.0,1024,0,marginal; below; 0.3 dB on track,client_NORAD-16_marginal_notinsky,NORAD-16_marginal,NORAD-16,external,0.26
client_NORAD-16_marginal_notinsky_26,11.773996040344239,11718.75,10952.102803738317,12868.297337711469,1.0,11.891128540039062,-5.202692865800615,188437.5,1.07,0,0,NORAD-16_marginal\notinsky\spectrogram26_465988000.txt,240000.0,1024,0,marginal; below; 0.1 dB on track,client_NORAD-16_marginal_notinsky,NORAD-16_marginal,NORAD-16,external,0.08
client_NORAD-16_marginal_notinsky_27,11.889856333255768,6562.5,6133.177570093458,12017.032635801168,1.0,10.865912437438965,-5.33990013761662,189492.1875,1.07,0,0,NORAD-16_marginal\notinsky\spectrogram27_465988000.txt,240000.0,1024,0,marginal; below; 0.2 dB on track,client_NORAD-16_marginal_notinsky,NORAD-16_marginal,NORAD-16,external,0.19
client_NORAD-16_marginal_notinsky_28,11.842539026737214,7031.25,6571.26168224299,11413.497877196829,1.0,10.323409080505371,-5.160694251874276,187968.75,1.07,0,0,NORAD-16_marginal\notinsky\spectrogram28_465988000.txt,240000.0,1024,0,marginal; below; 0.3 dB on track,client_NORAD-16_marginal_notinsky,NORAD-16_marginal,NORAD-16,external,0.25
client_NORAD-16_marginal_notinsky_29,11.873059937953949,91640.625,85645.44392523365,12968.344740050858,1.0,10.746296882629395,-5.334945280506522,188906.25,1.07,0,0,NORAD-16_marginal\notinsky\spectrogram29_465988000.txt,240000.0,1024,0,marginal; below; 0.4 dB on track,client_NORAD-16_marginal_notinsky,NORAD-16_marginal,NORAD-16,external,0.4
client_NORAD-16_marginal_notinsky_30,11.776543671131135,97500.0,91121.49532710279,12583.309623627953,1.0,10.444591522216797,-5.624632297958641,187734.375,1.07,0,0,NORAD-16_marginal\notinsky\spectrogram30_465988000.txt,240000.0,1024,0,marginal; below; 0.4 dB on track,client_NORAD-16_marginal_notinsky,NORAD-16_marginal,NORAD-16,external,0.38
client_NORAD-16_marginal_notinsky_31,11.7341733751297,89296.875,83455.02336448598,13359.234834133655,1.0,9.821792602539062,-5.189937355247122,187734.375,1.07,0,0,NORAD-16_marginal\notinsky\spectrogram31_465988000.txt,240000.0,1024,0,marginal; below; 0.0 dB on track,client_NORAD-16_marginal_notinsky,NORAD-16_marginal,NORAD-16,external,0.05
client_NORAD-16_marginal_notinsky_32,11.87062762594223,75000.0,70093.45794392523,15081.088145474556,1.0,10.95780086517334,-5.569915913576359,185742.1875,1.07,0,0,NORAD-16_marginal\notinsky\spectrogram32_465988000.txt,240000.0,1024,0,marginal; below; 0.3 dB on track,client_NORAD-16_marginal_notinsky,NORAD-16_marginal,NORAD-16,external,0.25
client_NORAD-16_marginal_notinsky_33,11.960104022026062,24609.375,22999.415887850468,10459.896147069714,1.0,9.775972366333008,-6.108442320617188,187968.75,1.07,0,0,NORAD-16_marginal\notinsky\spectrogram33_465988000.txt,240000.0,1024,0,marginal; below; 0.7 dB on track,client_NORAD-16_marginal_notinsky,NORAD-16_marginal,NORAD-16,external,0.73
client_NORAD-16_marginal_notinsky_34,11.902743573665619,23203.125,21685.163551401867,10351.037387449194,1.0,10.448564529418945,-5.613678737951699,188203.125,1.07,0,0,NORAD-16_marginal\notinsky\spectrogram34_465988000.txt,240000.0,1024,0,marginal; below; 0.1 dB on track,client_NORAD-16_marginal_notinsky,NORAD-16_marginal,NORAD-16,external,0.14
client_NORAD-16_marginal_notinsky_35,11.98409229516983,1875.0,1752.3364485981308,6067.623538252369,1.0,10.763863563537598,-5.849144996471191,187500.0,1.07,0,0,NORAD-16_marginal\notinsky\spectrogram35_465988000.txt,240000.0,1024,0,marginal; below; 0.4 dB on track,client_NORAD-16_marginal_notinsky,NORAD-16_marginal,NORAD-16,external,0.41
client_NORAD-16_marginal_notinsky_36,11.867733195781708,5625.0,5257.009345794392,11127.871612317576,1.0,11.467265129089355,-6.00403269328263,186328.125,1.07,0,0,NORAD-16_marginal\notinsky\spectrogram36_465988000.txt,240000.0,1024,0,marginal; below; 0.6 dB on track,client_NORAD-16_marginal_notinsky,NORAD-16_marginal,NORAD-16,external,0.62
client_NORAD-16_marginal_notinsky_37,12.253051061153412,36796.875,34389.602803738315,8254.986235770355,1.0,10.897066116333008,-5.861911679191179,189492.1875,1.07,0,0,NORAD-16_marginal\notinsky\spectrogram37_465988000.txt,240000.0,1024,0,marginal; below; 0.5 dB on track,client_NORAD-16_marginal_notinsky,NORAD-16_marginal,NORAD-16,external,0.48
client_NORAD-16_marginal_notinsky_38,11.878734859943389,21328.125,19932.827102803738,9225.174005313376,1.0,10.895920753479004,-5.503843964134396,188203.125,1.07,0,0,NORAD-16_marginal\notinsky\spectrogram38_465988000.txt,240000.0,1024,0,marginal; below; 0.0 dB on track,client_NORAD-16_marginal_notinsky,NORAD-16_marginal,NORAD-16,external,0.04
client_NORAD-16_marginal_notinsky_39,11.952604975223542,85781.25,80169.39252336448,12391.47778376952,1.0,10.021506309509277,-5.7769194809459,188789.0625,1.07,0,0,NORAD-16_marginal\notinsky\spectrogram39_465988000.txt,240000.0,1024,0,marginal; below; 0.3 dB on track,client_NORAD-16_marginal_notinsky,NORAD-16_marginal,NORAD-16,external,0.29
client_NORAD-16_marginal_notinsky_40,11.794116663932801,5625.0,5257.009345794392,10415.90246560202,1.0,9.9341459274292,-5.8167902152024284,186562.5,1.07,0,0,NORAD-16_marginal\notinsky\spectrogram40_465988000.txt,240000.0,1024,0,marginal; below; 0.5 dB on track,client_NORAD-16_marginal_notinsky,NORAD-16_marginal,NORAD-16,external,0.47
client_NORAD-16_marginal_notinsky_41,11.809281635701657,10781.25,10075.934579439252,12233.296122094616,1.0,11.025954246520996,-5.38107563382752,185976.5625,1.07,0,0,NORAD-16_marginal\notinsky\spectrogram41_465988000.txt,240000.0,1024,0,marginal; below; 0.3 dB on track,client_NORAD-16_marginal_notinsky,NORAD-16_marginal,NORAD-16,external,0.28
client_NORAD-16_marginal_notinsky_42,11.790106336444616,63750.0,59579.439252336444,13505.086411960672,1.0,18.145742416381836,-4.995524377541738,187031.25,1.07,0,0,NORAD-16_marginal\notinsky\spectrogram42_465988000.txt,240000.0,1024,0,marginal; below; 0.7 dB on track,client_NORAD-16_marginal_notinsky,NORAD-16_marginal,NORAD-16,external,0.73
client_NORAD-16_marginal_notinsky_43,11.815975341796875,83906.25,78417.05607476635,13692.67150937492,1.0,11.207656860351562,-5.07343881218869,187031.25,1.07,0,0,NORAD-16_marginal\notinsky\spectrogram43_465988000.txt,240000.0,1024,0,marginal; below; -0.1 dB on track,client_NORAD-16_marginal_notinsky,NORAD-16_marginal,NORAD-16,external,-0.1
client_NORAD-16_marginal_notinsky_44,11.641782485961913,22968.75,21466.1214953271,15306.323597306957,1.0,9.179314613342285,-5.609362664183707,188906.25,1.07,0,0,NORAD-16_marginal\notinsky\spectrogram44_465988000.txt,240000.0,1024,0,marginal; below; 0.5 dB on track,client_NORAD-16_marginal_notinsky,NORAD-16_marginal,NORAD-16,external,0.46
client_NORAD-16_marginal_notinsky_45,11.62780172109604,8437.5,7885.514018691589,11162.126960641,1.0,9.886347770690918,-5.111581471203071,187500.0,1.07,0,0,NORAD-16_marginal\notinsky\spectrogram45_465988000.txt,240000.0,1024,0,marginal; below; 0.6 dB on track,client_NORAD-16_marginal_notinsky,NORAD-16_marginal,NORAD-16,external,0.55
client_NORAD-16_marginal_notinsky_46,11.631996863812208,56484.375,52789.135514018686,14600.856405496977,1.0,13.688329696655273,-5.078737805248323,188320.3125,1.07,0,0,NORAD-16_marginal\notinsky\spectrogram46_465988000.txt,240000.0,1024,0,marginal; below; 0.3 dB on track,client_NORAD-16_marginal_notinsky,NORAD-16_marginal,NORAD-16,external,0.3
client_NORAD-16_marginal_notinsky_47,11.712923813343048,36796.875,34389.602803738315,14495.285666505035,1.0,10.199850082397461,-5.594546425541104,187265.625,1.07,0,0,NORAD-16_marginal\notinsky\spectrogram47_465988000.txt,240000.0,1024,0,marginal; below; 0.5 dB on track,client_NORAD-16_marginal_notinsky,NORAD-16_marginal,NORAD-16,external,0.5
client_NORAD-16_marginal_notinsky_48,11.880099016189575,96328.125,90026.28504672897,14972.476590150995,1.0,11.156054496765137,-5.515565767587091,189140.625,1.07,0,0,NORAD-16_marginal\notinsky\spectrogram48_465988000.txt,240000.0,1024,0,marginal; below; 0.4 dB on track,client_NORAD-16_marginal_notinsky,NORAD-16_marginal,NORAD-16,external,0.42
client_NORAD-16_marginal_notinsky_49,11.825031264781952,44765.625,41837.03271028037,10842.24424393061,1.0,10.181535720825195,-5.564486240657223,186914.0625,1.07,0,0,NORAD-16_marginal\notinsky\spectrogram49_465988000.txt,240000.0,1024,0,marginal; below; 0.4 dB on track,client_NORAD-16_marginal_notinsky,NORAD-16_marginal,NORAD-16,external,0.38
client_NORAD-16_marginal_notinsky_50,11.780124006986618,28359.375,26504.088785046726,11796.78649086134,1.0,10.279881477355957,-5.382788469552959,187148.4375,1.07,0,0,NORAD-16_marginal\notinsky\spectrogram50_465988000.txt,240000.0,1024,0,marginal; below; 0.2 dB on track,client_NORAD-16_marginal_notinsky,NORAD-16_marginal,NORAD-16,external,0.19
client_NORAD-16_marginal_notinsky_51,12.00764779162407,67500.0,63084.11214953271,12638.308725107969,1.0,10.596628189086914,-5.341193944997051,188437.5,1.07,0,0,NORAD-16_marginal\notinsky\spectrogram51_465988000.txt,240000.0,1024,0,marginal; below; 0.3 dB on track,client_NORAD-16_marginal_notinsky,NORAD-16_marginal,NORAD-16,external,0.33
client_NORAD-16_marginal_notinsky_52,11.734281142234803,80859.375,75569.50934579439,14658.966381369115,1.0,9.930854797363281,-5.735553401896329,186445.3125,1.07,0,0,NORAD-16_marginal\notinsky\spectrogram52_465988000.txt,240000.0,1024,0,marginal; below; 0.6 dB on track,client_NORAD-16_marginal_notinsky,NORAD-16_marginal,NORAD-16,external,0.62
client_NORAD-16_marginal_notinsky_53,11.699601316779852,26953.125,25189.83644859813,14672.105409278558,1.0,12.19894027709961,-5.290253580983818,188906.25,1.07,0,0,NORAD-16_marginal\notinsky\spectrogram53_465988000.txt,240000.0,1024,0,marginal; below; 0.4 dB on track,client_NORAD-16_marginal_notinsky,NORAD-16_marginal,NORAD-16,external,0.36
client_NORAD-16_marginal_notinsky_54,12.950430207014083,17578.125,16428.154205607476,16625.15593812851,1.0,14.244134902954102,-5.264568398167111,187968.75,1.07,0,0,NORAD-16_marginal\notinsky\spectrogram54_465988000.txt,240000.0,1024,0,marginal; below; 0.2 dB on track,client_NORAD-16_marginal_notinsky,NORAD-16_marginal,NORAD-16,external,0.21
client_NORAD-16_marginal_notinsky_55,12.063158644020557,48281.25,45122.66355140186,17281.81850047233,1.0,16.186325073242188,-4.4739402963679336,185742.1875,1.07,0,0,NORAD-16_marginal\notinsky\spectrogram55_465988000.txt,240000.0,1024,0,marginal; below; 0.2 dB on track,client_NORAD-16_marginal_notinsky,NORAD-16_marginal,NORAD-16,external,0.2
client_NORAD-16_marginal_notinsky_56,11.78750813576579,6562.5,6133.177570093458,11691.033218525743,1.0,14.604433059692383,-4.277302790291267,187265.625,1.07,0,0,NORAD-16_marginal\notinsky\spectrogram56_465988000.txt,240000.0,1024,0,marginal; below; 0.1 dB on track,client_NORAD-16_marginal_notinsky,NORAD-16_marginal,NORAD-16,external,0.12
client_NORAD-16_marginal_notinsky_57,11.719013645589351,75468.75,70531.54205607476,12029.754870074741,1.0,11.315184593200684,-4.744950733328096,186679.6875,1.07,0,0,NORAD-16_marginal\notinsky\spectrogram57_465988000.txt,240000.0,1024,0,marginal; below; 0.4 dB on track,client_NORAD-16_marginal_notinsky,NORAD-16_marginal,NORAD-16,external,0.39
client_NORAD-16_marginal_notinsky_58,11.905407081055158,114843.75,107330.6074766355,17210.133707769488,1.0,14.719393730163574,-4.3585352675884,187031.25,1.07,0,0,NORAD-16_marginal\notinsky\spectrogram58_465988000.txt,240000.0,1024,0,marginal; below; -0.3 dB on track,client_NORAD-16_marginal_notinsky,NORAD-16_marginal,NORAD-16,external,-0.28
client_NORAD-16_marginal_notinsky_59,11.936429136395454,26953.125,25189.83644859813,12257.31465921112,1.0,17.070512771606445,-4.11428630651101,186796.875,1.07,0,0,NORAD-16_marginal\notinsky\spectrogram59_465988000.txt,240000.0,1024,0,marginal; below; 0.4 dB on track,client_NORAD-16_marginal_notinsky,NORAD-16_marginal,NORAD-16,external,0.36
client_NORAD-16_marginal_notinsky_60,11.859685962889614,4453.125,4161.7990654205605,19019.74146876604,1.0,18.52214241027832,-3.917659011229037,185156.25,1.07,0,0,NORAD-16_marginal\notinsky\spectrogram60_465988000.txt,240000.0,1024,0,marginal; below; -0.3 dB on track,client_NORAD-16_marginal_notinsky,NORAD-16_marginal,NORAD-16,external,-0.26
client_NORAD-16_marginal_notinsky_61,14.476283897757531,38437.5,35922.89719626168,11574.431221426354,1.0,18.368640899658203,-4.962651928636776,187265.625,1.07,0,0,NORAD-16_marginal\notinsky\spectrogram61_465988000.txt,240000.0,1024,0,marginal; below; -0.2 dB on track,client_NORAD-16_marginal_notinsky,NORAD-16_marginal,NORAD-16,external,-0.2
client_NORAD-16_marginal_notinsky_62,13.622847264230252,47578.125,44465.537383177565,10768.776157986806,1.0,18.387636184692383,-4.598679028758659,184804.6875,1.07,0,0,NORAD-16_marginal\notinsky\spectrogram62_465988000.txt,240000.0,1024,0,marginal; below; 0.4 dB on track,client_NORAD-16_marginal_notinsky,NORAD-16_marginal,NORAD-16,external,0.44
client_NORAD-16_marginal_notinsky_63,13.566751712799073,37265.625,34827.68691588785,13406.408877685386,1.0,17.510541915893555,-4.748936131239583,184687.5,1.07,0,0,NORAD-16_marginal\notinsky\spectrogram63_465988000.txt,240000.0,1024,0,marginal; below; 0.5 dB on track,client_NORAD-16_marginal_notinsky,NORAD-16_marginal,NORAD-16,external,0.54
client_NORAD-16_marginal_notinsky_64,15.228182696886995,28828.125,26942.17289719626,12985.86497587265,1.0,19.664791107177734,-4.3857376149912595,186562.5,1.07,0,0,NORAD-16_marginal\notinsky\spectrogram64_465988000.txt,240000.0,1024,0,marginal; below; 0.3 dB on track,client_NORAD-16_marginal_notinsky,NORAD-16_marginal,NORAD-16,external,0.33
client_NORAD-16_marginal_notinsky_65,15.54886878824234,104062.5,97254.67289719626,11878.97143566073,1.0,25.144107818603516,-4.792340911994017,186679.6875,1.07,0,0,NORAD-16_marginal\notinsky\spectrogram65_465988000.txt,240000.0,1024,0,marginal; below; -0.0 dB on track,client_NORAD-16_marginal_notinsky,NORAD-16_marginal,NORAD-16,external,-0.02
client_NORAD-16_marginal_notinsky_66,13.789651412308215,18515.625,17304.32242990654,11270.864340906317,1.0,21.93912124633789,-4.8345340753306685,186328.125,1.07,0,0,NORAD-16_marginal\notinsky\spectrogram66_465988000.txt,240000.0,1024,0,marginal; below; 0.5 dB on track,client_NORAD-16_marginal_notinsky,NORAD-16_marginal,NORAD-16,external,0.47
client_NORAD-16_marginal_notinsky_67,15.648786269247532,102187.5,95502.33644859813,9645.872256463705,1.0,20.560819625854492,-4.781718502929387,186562.5,1.07,0,0,NORAD-16_marginal\notinsky\spectrogram67_465988000.txt,240000.0,1024,0,marginal; below; 0.8 dB on track,client_NORAD-16_marginal_notinsky,NORAD-16_marginal,NORAD-16,external,0.83
client_NORAD-16_marginal_notinsky_68,11.866824038267136,12890.625,12047.31308411215,13754.669577717945,1.0,15.213805198669434,-5.190148793272769,187500.0,1.07,0,0,NORAD-16_marginal\notinsky\spectrogram68_465988000.txt,240000.0,1024,0,marginal; below; 0.2 dB on track,client_NORAD-16_marginal_notinsky,NORAD-16_marginal,NORAD-16,external,0.17
client_NORAD-16_marginal_notinsky_69,11.86276577794552,4687.5,4380.841121495327,11347.84253543105,1.0,11.984691619873047,-5.1211780353481915,190195.3125,1.07,0,0,NORAD-16_marginal\notinsky\spectrogram69_465988000.txt,240000.0,1024,0,marginal; below; 0.6 dB on track,client_NORAD-16_marginal_notinsky,NORAD-16_marginal,NORAD-16,external,0.6
client_NORAD-16_marginal_notinsky_70,11.724208406329154,101484.375,94845.21028037382,11608.213931347997,1.0,13.805421829223633,-5.328730115626504,188671.875,1.07,0,0,NORAD-16_marginal\notinsky\spectrogram70_465988000.txt,240000.0,1024,0,marginal; below; 0.1 dB on track,client_NORAD-16_marginal_notinsky,NORAD-16_marginal,NORAD-16,external,0.05
client_NORAD-16_marginal_notinsky_71,11.798522411674261,9609.375,8980.72429906542,12906.661446460732,1.0,15.558837890625,-5.130606040082035,187500.0,1.07,0,0,NORAD-16_marginal\notinsky\spectrogram71_465988000.txt,240000.0,1024,0,marginal; below; 0.8 dB on track,client_NORAD-16_marginal_notinsky,NORAD-16_marginal,NORAD-16,external,0.76
client_NORAD-16_marginal_notinsky_72,13.258363149881363,26250.0,24532.71028037383,7401.36606106746,1.0,17.36612319946289,-5.165744581617362,186914.0625,1.07,0,0,NORAD-16_marginal\notinsky\spectrogram72_465988000.txt,240000.0,1024,0,marginal; below; 0.5 dB on track,client_NORAD-16_marginal_notinsky,NORAD-16_marginal,NORAD-16,external,0.5
client_NORAD-16_marginal_notinsky_73,15.017609192043542,8203.125,7666.471962616822,7275.563432081176,1.0,18.66168785095215,-5.101287999451829,185507.8125,1.07,0,0,NORAD-16_marginal\notinsky\spectrogram73_465988000.txt,240000.0,1024,0,marginal; below; 0.4 dB on track,client_NORAD-16_marginal_notinsky,NORAD-16_marginal,NORAD-16,external,0.39
client_NORAD-16_marginal_notinsky_74,11.920481302167856,55078.125,51474.88317757009,13124.858917487878,1.0,14.192614555358887,-5.454109331508272,188554.6875,1.07,0,0,NORAD-16_marginal\notinsky\spectrogram74_465988000.txt,240000.0,1024,0,marginal; below; 0.6 dB on track,client_NORAD-16_marginal_notinsky,NORAD-16_marginal,NORAD-16,external,0.56
client_NORAD-16_marginal_notinsky_75,11.741760475158692,78984.375,73817.17289719626,9937.374122742844,1.0,9.641852378845215,-5.948962892055074,188789.0625,1.07,0,0,NORAD-16_marginal\notinsky\spectrogram75_465988000.txt,240000.0,1024,0,marginal; below; 0.8 dB on track,client_NORAD-16_marginal_notinsky,NORAD-16_marginal,NORAD-16,external,0.78
client_NORAD-16_marginal_notinsky_76,17.06922900915146,143437.5,134053.738317757,7506.31862781727,1.0,21.41452407836914,-5.4614638871229815,185859.375,1.07,0,0,NORAD-16_marginal\notinsky\spectrogram76_465988000.txt,240000.0,1024,0,marginal; below; 0.5 dB on track,client_NORAD-16_marginal_notinsky,NORAD-16_marginal,NORAD-16,external,0.5
client_NORAD-16_marginal_notinsky_77,11.784040497303009,48281.25,45122.66355140186,12246.418115526712,1.0,10.703871726989746,-5.802550018355305,187968.75,1.07,0,0,NORAD-16_marginal\notinsky\spectrogram77_465988000.txt,240000.0,1024,0,marginal; below; 0.5 dB on track,client_NORAD-16_marginal_notinsky,NORAD-16_marginal,NORAD-16,external,0.54
client_NORAD-16_marginal_notinsky_78,13.49001857328415,77109.375,72064.83644859813,8237.413509062826,1.0,16.747819900512695,-5.510534494699447,186445.3125,1.07,0,0,NORAD-16_marginal\notinsky\spectrogram78_465988000.txt,240000.0,1024,0,marginal; below; 0.3 dB on track,client_NORAD-16_marginal_notinsky,NORAD-16_marginal,NORAD-16,external,0.25
client_NORAD-16_marginal_notinsky_79,16.46557156276703,54843.75,51255.84112149532,6931.236748629429,1.0,18.14927864074707,-5.702144553354723,185859.375,1.07,0,0,NORAD-16_marginal\notinsky\spectrogram79_465988000.txt,240000.0,1024,0,marginal; below; 0.4 dB on track,client_NORAD-16_marginal_notinsky,NORAD-16_marginal,NORAD-16,external,0.37
client_NORAD-16_marginal_notinsky_80,11.909258830547333,6093.75,5695.0934579439245,11872.274524932005,1.0,10.180861473083496,-5.647618835775546,189492.1875,1.07,0,0,NORAD-16_marginal\notinsky\spectrogram80_465988000.txt,240000.0,1024,0,marginal; below; 0.4 dB on track,client_NORAD-16_marginal_notinsky,NORAD-16_marginal,NORAD-16,external,0.41
client_NORAD-16_marginal_notinsky_81,12.02432480239868,45000.0,42056.07476635514,12425.630184832838,1.0,10.310473442077637,-5.446589161116786,189726.5625,1.07,0,0,NORAD-16_marginal\notinsky\spectrogram81_465988000.txt,240000.0,1024,0,marginal; below; 0.4 dB on track,client_NORAD-16_marginal_notinsky,NORAD-16_marginal,NORAD-16,external,0.38
client_NORAD-16_marginal_notinsky_82,12.05875940990448,1406.25,1314.252336448598,13181.537807576531,1.0,10.427337646484375,-5.512173401335423,187968.75,1.07,0,0,NORAD-16_marginal\notinsky\spectrogram82_465988000.txt,240000.0,1024,0,marginal; below; 0.3 dB on track,client_NORAD-16_marginal_notinsky,NORAD-16_marginal,NORAD-16,external,0.3
client_NORAD-16_marginal_notinsky_83,11.833396931171418,58125.0,54322.42990654206,10974.271864814218,1.0,10.02746868133545,-5.399753941007065,189257.8125,1.07,0,0,NORAD-16_marginal\notinsky\spectrogram83_465988000.txt,240000.0,1024,0,marginal; below; 0.0 dB on track,client_NORAD-16_marginal_notinsky,NORAD-16_marginal,NORAD-16,external,0.03
client_NORAD-16_marginal_notinsky_84,15.70012431383133,10312.5,9637.85046728972,11298.178097527916,1.0,24.4622859954834,-5.250537094313487,186093.75,1.07,0,0,NORAD-16_marginal\notinsky\spectrogram84_465988000.txt,240000.0,1024,0,marginal; below; 0.3 dB on track,client_NORAD-16_marginal_notinsky,NORAD-16_marginal,NORAD-16,external,0.34
client_NORAD-16_marginal_notinsky_85,16.01704716825485,105234.375,98349.88317757008,11250.738843609312,1.0,23.97538948059082,-5.4784681500754795,188203.125,1.07,0,0,NORAD-16_marginal\notinsky\spectrogram85_465988000.txt,240000.0,1024,0,marginal; below; 0.3 dB on track,client_NORAD-16_marginal_notinsky,NORAD-16_marginal,NORAD-16,external,0.28
client_NORAD-16_marginal_notinsky_86,12.028309808207494,20156.25,18837.616822429907,13560.166187227926,1.0,22.8227481842041,-4.9601050817193775,186445.3125,1.07,0,0,NORAD-16_marginal\notinsky\spectrogram86_465988000.txt,240000.0,1024,0,marginal; below; -0.0 dB on track,client_NORAD-16_marginal_notinsky,NORAD-16_marginal,NORAD-16,external,-0.0
client_NORAD-16_marginal_notinsky_87,12.404502226829528,48046.875,44903.6214953271,5570.816804474613,1.0,11.172865867614746,-5.954398417950193,188320.3125,1.07,0,0,NORAD-16_marginal\notinsky\spectrogram87_465988000.txt,240000.0,1024,0,marginal; below; 0.3 dB on track,client_NORAD-16_marginal_notinsky,NORAD-16_marginal,NORAD-16,external,0.31
client_NORAD-16_marginal_notinsky_88,11.958194056749344,1406.25,1314.252336448598,10507.84334918246,1.0,11.832460403442383,-5.542001286689736,187031.25,1.07,0,0,NORAD-16_marginal\notinsky\spectrogram88_465988000.txt,240000.0,1024,0,marginal; below; 0.4 dB on track,client_NORAD-16_marginal_notinsky,NORAD-16_marginal,NORAD-16,external,0.39
client_NORAD-16_marginal_notinsky_89,11.758341710925102,21328.125,19932.827102803738,11657.669725186614,1.0,11.917777061462402,-5.234270109185526,186210.9375,1.07,0,0,NORAD-16_marginal\notinsky\spectrogram89_465988000.txt,240000.0,1024,0,marginal; below; 0.4 dB on track,client_NORAD-16_marginal_notinsky,NORAD-16_marginal,NORAD-16,external,0.45
client_NORAD-16_marginal_notinsky_90,11.76058707523346,40546.875,37894.27570093458,12833.232408855049,1.0,9.911243438720703,-5.607980538369606,189375.0,1.07,0,0,NORAD-16_marginal\notinsky\spectrogram90_465988000.txt,240000.0,1024,0,marginal; below; 0.4 dB on track,client_NORAD-16_marginal_notinsky,NORAD-16_marginal,NORAD-16,external,0.39
client_NORAD-16_marginal_notinsky_91,11.827261489391327,18281.25,17085.280373831774,11350.225438761358,1.0,9.975123405456543,-5.755144457017754,188437.5,1.07,0,0,NORAD-16_marginal\notinsky\spectrogram91_465988000.txt,240000.0,1024,0,marginal; below; 0.5 dB on track,client_NORAD-16_marginal_notinsky,NORAD-16_marginal,NORAD-16,external,0.5
client_NORAD-16_marginal_notinsky_92,11.79390073466301,72656.25,67903.03738317757,15198.13704573269,1.0,10.970325469970703,-5.253131557436953,187851.5625,1.07,0,0,NORAD-16_marginal\notinsky\spectrogram92_465988000.txt,240000.0,1024,0,marginal; below; 0.6 dB on track,client_NORAD-16_marginal_notinsky,NORAD-16_marginal,NORAD-16,external,0.6
client_NORAD-16_marginal_notinsky_93,11.643379916667937,26250.0,24532.71028037383,13558.924205586627,1.0,9.914104461669922,-5.727515673087735,187500.0,1.07,0,0,NORAD-16_marginal\notinsky\spectrogram93_465988000.txt,240000.0,1024,0,marginal; below; 0.5 dB on track,client_NORAD-16_marginal_notinsky,NORAD-16_marginal,NORAD-16,external,0.54
client_NORAD-16_marginal_notinsky_94,11.755087604522705,91171.875,85207.35981308411,12131.649910496364,1.0,9.751657485961914,-5.535132748492794,190312.5,1.07,0,0,NORAD-16_marginal\notinsky\spectrogram94_465988000.txt,240000.0,1024,0,marginal; below; 0.4 dB on track,client_NORAD-16_marginal_notinsky,NORAD-16_marginal,NORAD-16,external,0.36
client_NORAD-16_marginal_notinsky_95,11.88826557636261,17109.375,15990.070093457944,10407.086912033987,1.0,9.316207885742188,-5.981234765298498,187500.0,1.07,0,0,NORAD-16_marginal\notinsky\spectrogram95_465988000.txt,240000.0,1024,0,marginal; below; 0.8 dB on track,client_NORAD-16_marginal_notinsky,NORAD-16_marginal,NORAD-16,external,0.81
client_NORAD-16_marginal_notinsky_96,11.869791836380958,99609.375,93092.8738317757,8147.355041782458,1.0,11.253589630126953,-6.201985234724971,187851.5625,1.07,0,0,NORAD-16_marginal\notinsky\spectrogram96_465988000.txt,240000.0,1024,0,marginal; below; 1.0 dB on track,client_NORAD-16_marginal_notinsky,NORAD-16_marginal,NORAD-16,external,1.03
client_NORAD-16_marginal_notinsky_97,11.803670222997665,703.125,657.126168224299,16183.656737313831,1.0,14.57907772064209,-6.218741020391005,189960.9375,1.07,0,0,NORAD-16_marginal\notinsky\spectrogram97_465988000.txt,240000.0,1024,0,marginal; below; 1.0 dB on track,client_NORAD-16_marginal_notinsky,NORAD-16_marginal,NORAD-16,external,1.02
client_NORAD-16_marginal_notinsky_98,11.739889569401742,3750.0,3504.6728971962616,8471.252299822294,1.0,12.103629112243652,-5.838529912686763,189023.4375,1.07,0,0,NORAD-16_marginal\notinsky\spectrogram98_465988000.txt,240000.0,1024,0,marginal; below; 0.7 dB on track,client_NORAD-16_marginal_notinsky,NORAD-16_marginal,NORAD-16,external,0.72
client_NORAD-16_marginal_notinsky_99,11.725050843238831,12890.625,12047.31308411215,10934.132960577123,1.0,12.042855262756348,-5.804630764661739,190078.125,1.07,0,0,NORAD-16_marginal\notinsky\spectrogram99_465988000.txt,240000.0,1024,0,marginal; below; 0.6 dB on track,client_NORAD-16_marginal_notinsky,NORAD-16_marginal,NORAD-16,external,0.61
client_SARAL_pass2_detected_notinskyto3_0,11.501954796791077,113437.5,106016.3551401869,15844.787117978309,1.0,39.32823944091797,-6.102542615315275,191601.5625,1.07,0,0,SARAL_pass2_detected\notinskyto3\spectrogram0_465988000.txt,240000.0,1024,0,detected; mixed; 2.7 dB on track,client_SARAL_pass2_detected_notinskyto3,SARAL_pass2_detected,SARAL,external,2.7
client_SARAL_pass2_detected_notinskyto3_1,11.532119617462158,109921.875,102730.72429906542,17711.209450583872,1.0,8.054889678955078,-6.295078658853574,190078.125,1.07,0,0,SARAL_pass2_detected\notinskyto3\spectrogram1_465988000.txt,240000.0,1024,0,detected; mixed; 0.4 dB on track,client_SARAL_pass2_detected_notinskyto3,SARAL_pass2_detected,SARAL,external,0.36
client_SARAL_pass2_detected_notinskyto3_2,12.276856333732605,80859.375,75569.50934579439,14402.217114841962,1.0,12.960607528686523,-6.2917150686675996,189609.375,1.07,0,0,SARAL_pass2_detected\notinskyto3\spectrogram2_465988000.txt,240000.0,1024,0,detected; mixed; 0.3 dB on track,client_SARAL_pass2_detected_notinskyto3,SARAL_pass2_detected,SARAL,external,0.32
client_SARAL_pass2_detected_notinskyto3_3,13.040593969345093,28359.375,26504.088785046726,13639.61771865211,1.0,13.329835891723633,-6.277222660891546,191250.0,1.07,0,0,SARAL_pass2_detected\notinskyto3\spectrogram3_465988000.txt,240000.0,1024,0,detected; mixed; 0.5 dB on track,client_SARAL_pass2_detected_notinskyto3,SARAL_pass2_detected,SARAL,external,0.54
client_SARAL_pass2_detected_notinskyto3_4,11.55545416355133,58828.125,54979.556074766355,16381.40858095361,1.0,9.428123474121094,-6.302093676899387,191250.0,1.07,0,0,SARAL_pass2_detected\notinskyto3\spectrogram4_465988000.txt,240000.0,1024,0,detected; mixed; 1.0 dB on track,client_SARAL_pass2_detected_notinskyto3,SARAL_pass2_detected,SARAL,external,1.0
client_SARAL_pass2_detected_notinskyto3_5,11.57636194229126,10546.875,9856.892523364486,14935.685991369995,1.0,8.380708694458008,-6.2804602933144515,192421.875,1.07,0,0,SARAL_pass2_detected\notinskyto3\spectrogram5_465988000.txt,240000.0,1024,0,detected; mixed; 0.9 dB on track,client_SARAL_pass2_detected_notinskyto3,SARAL_pass2_detected,SARAL,external,0.91
client_SARAL_pass2_detected_notinskyto3_6,11.523220672607422,151875.0,141939.25233644858,15449.41087674184,1.0,8.517779350280762,-6.28860986828538,192421.875,1.07,0,0,SARAL_pass2_detected\notinskyto3\spectrogram6_465988000.txt,240000.0,1024,0,detected; mixed; 0.8 dB on track,client_SARAL_pass2_detected_notinskyto3,SARAL_pass2_detected,SARAL,external,0.83
client_SARAL_pass2_detected_notinskyto3_7,11.967829283714295,76875.0,71845.79439252336,17021.877531645372,1.0,11.7023344039917,-6.292552153281096,191250.0,1.07,0,0,SARAL_pass2_detected\notinskyto3\spectrogram7_465988000.txt,240000.0,1024,0,detected; mixed; 0.7 dB on track,client_SARAL_pass2_detected_notinskyto3,SARAL_pass2_detected,SARAL,external,0.7
client_SARAL_pass2_detected_notinskyto3_8,12.359891131401062,131718.75,123101.63551401868,11811.059162154821,1.0,12.101009368896484,-6.275084734108999,190312.5,1.07,0,0,SARAL_pass2_detected\notinskyto3\spectrogram8_465988000.txt,240000.0,1024,0,detected; mixed; 0.7 dB on track,client_SARAL_pass2_detected_notinskyto3,SARAL_pass2_detected,SARAL,external,0.69
client_SARAL_pass2_detected_notinskyto3_9,11.485105966567993,44765.625,41837.03271028037,13060.959516168721,1.0,8.831375122070312,-6.306120185468238,190078.125,1.07,0,0,SARAL_pass2_detected\notinskyto3\spectrogram9_465988000.txt,240000.0,1024,0,detected; mixed; 0.7 dB on track,client_SARAL_pass2_detected_notinskyto3,SARAL_pass2_detected,SARAL,external,0.66
client_SARAL_pass2_detected_notinskyto3_10,11.534368310928345,149296.875,139529.78971962616,17159.217850500547,1.0,9.306427955627441,-6.309831749216305,191015.625,1.07,0,0,SARAL_pass2_detected\notinskyto3\spectrogram10_465988000.txt,240000.0,1024,0,detected; mixed; 0.7 dB on track,client_SARAL_pass2_detected_notinskyto3,SARAL_pass2_detected,SARAL,external,0.69
client_SARAL_pass2_detected_notinskyto3_11,11.49072922706604,85078.125,79512.26635514018,16896.89509454077,1.0,9.66980266571045,-6.285418791558891,189375.0,1.07,0,0,SARAL_pass2_detected\notinskyto3\spectrogram11_465988000.txt,240000.0,1024,0,detected; mixed; 1.2 dB on track,client_SARAL_pass2_detected_notinskyto3,SARAL_pass2_detected,SARAL,external,1.16
client_SARAL_pass2_detected_notinskyto3_12,11.564244462013244,38437.5,35922.89719626168,14571.092749504569,1.0,8.656682968139648,-6.309267408416747,192773.4375,1.07,0,0,SARAL_pass2_detected\notinskyto3\spectrogram12_465988000.txt,240000.0,1024,0,detected; mixed; 0.6 dB on track,client_SARAL_pass2_detected_notinskyto3,SARAL_pass2_detected,SARAL,external,0.56
client_SARAL_pass2_detected_notinskyto3_13,12.31286477470398,64218.75,60017.523364485976,15640.733489306867,1.0,11.566864013671875,-6.319916304092266,191015.625,1.07,0,0,SARAL_pass2_detected\notinskyto3\spectrogram13_465988000.txt,240000.0,1024,0,detected; mixed; 0.6 dB on track,client_SARAL_pass2_detected_notinskyto3,SARAL_pass2_detected,SARAL,external,0.57
client_SARAL_pass2_detected_notinskyto3_14,12.83360951423645,22500.0,21028.03738317757,12204.295330016543,1.0,13.818039894104004,-6.305823837892911,191015.625,1.07,0,0,SARAL_pass2_detected\notinskyto3\spectrogram14_465988000.txt,240000.0,1024,0,detected; mixed; 0.5 dB on track,client_SARAL_pass2_detected_notinskyto3,SARAL_pass2_detected,SARAL,external,0.52
client_SARAL_pass2_detected_notinskyto3_15,11.536866552352905,33515.625,31323.01401869159,15680.517490219863,1.0,8.310608863830566,-6.319585992248456,191835.9375,1.07,0,0,SARAL_pass2_detected\notinskyto3\spectrogram15_465988000.txt,240000.0,1024,0,detected; mixed; 0.8 dB on track,client_SARAL_pass2_detected_notinskyto3,SARAL_pass2_detected,SARAL,external,0.76
client_SARAL_pass2_detected_notinskyto3_16,11.442031703948974,58359.375,54541.47196261682,15187.275140571024,1.0,8.9633207321167,-6.364716137583383,189375.0,1.07,0,0,SARAL_pass2_detected\notinskyto3\spectrogram16_465988000.txt,240000.0,1024,0,detected; mixed; 0.5 dB on track,client_SARAL_pass2_detected_notinskyto3,SARAL_pass2_detected,SARAL,external,0.53
client_SARAL_pass2_detected_notinskyto3_17,11.479169360160828,7500.0,7009.345794392523,18302.969987617795,1.0,9.38984489440918,-6.279116577722822,190781.25,1.07,0,0,SARAL_pass2_detected\notinskyto3\spectrogram17_465988000.txt,240000.0,1024,0,detected; mixed; 1.2 dB on track,client_SARAL_pass2_detected_notinskyto3,SARAL_pass2_detected,SARAL,external,1.22
client_SARAL_pass2_detected_notinskyto3_18,11.524425547599792,57421.875,53665.30373831775,14614.631063226707,1.0,9.17896556854248,-6.357684925701855,191015.625,1.07,0,0,SARAL_pass2_detected\notinskyto3\spectrogram18_465988000.txt,240000.0,1024,0,detected; mixed; 1.3 dB on track,client_SARAL_pass2_detected_notinskyto3,SARAL_pass2_detected,SARAL,external,1.32
client_SARAL_pass2_detected_notinskyto3_19,11.50657453918457,27890.625,26066.004672897194,15375.814176407912,1.0,8.628069877624512,-6.354744038743777,191367.1875,1.07,0,0,SARAL_pass2_detected\notinskyto3\spectrogram19_465988000.txt,240000.0,1024,0,detected; mixed; 0.8 dB on track,client_SARAL_pass2_detected_notinskyto3,SARAL_pass2_detected,SARAL,external,0.76
client_SARAL_pass2_detected_notinskyto3_20,11.60532882785797,60937.5,56950.93457943925,13512.595588374093,1.0,9.93032455444336,-6.371243988749773,189843.75,1.07,0,0,SARAL_pass2_detected\notinskyto3\spectrogram20_465988000.txt,240000.0,1024,0,detected; mixed; 0.8 dB on track,client_SARAL_pass2_detected_notinskyto3,SARAL_pass2_detected,SARAL,external,0.82
client_SARAL_pass2_detected_notinskyto3_21,12.074994692802429,47578.125,44465.537383177565,13977.557069844135,1.0,12.39269733428955,-6.308303424889796,192656.25,1.07,0,0,SARAL_pass2_detected\notinskyto3\spectrogram21_465988000.txt,240000.0,1024,0,detected; mixed; 1.0 dB on track,client_SARAL_pass2_detected_notinskyto3,SARAL_pass2_detected,SARAL,external,1.04
client_SARAL_pass2_detected_notinskyto3_22,11.594635374069213,55781.25,52132.00934579439,14887.39408104739,1.0,11.13239574432373,-6.338184699321296,191953.125,1.07,0,0,SARAL_pass2_detected\notinskyto3\spectrogram22_465988000.txt,240000.0,1024,0,detected; mixed; 0.3 dB on track,client_SARAL_pass2_detected_notinskyto3,SARAL_pass2_detected,SARAL,external,0.29
client_SARAL_pass2_detected_notinskyto3_23,11.434357142448425,6796.875,6352.219626168224,12505.16079538124,1.0,9.107779502868652,-6.306581749101407,191484.375,1.07,0,0,SARAL_pass2_detected\notinskyto3\spectrogram23_465988000.txt,240000.0,1024,0,detected; mixed; 1.0 dB on track,client_SARAL_pass2_detected_notinskyto3,SARAL_pass2_detected,SARAL,external,1.04
client_SARAL_pass2_detected_notinskyto3_24,11.4421693649292,7031.25,6571.26168224299,14780.001319918669,1.0,7.903674602508545,-6.3393382380133225,190898.4375,1.07,0,0,SARAL_pass2_detected\notinskyto3\spectrogram24_465988000.txt,240000.0,1024,0,detected; mixed; 0.7 dB on track,client_SARAL_pass2_detected_notinskyto3,SARAL_pass2_detected,SARAL,external,0.66
client_SARAL_pass2_detected_notinskyto3_25,18.170777173995972,59531.25,55636.68224299065,13850.584645562194,1.0,30.826345443725586,-6.132609354971777,189023.4375,1.07,0,0,SARAL_pass2_detected\notinskyto3\spectrogram25_465988000.txt,240000.0,1024,0,detected; mixed; 0.4 dB on track,client_SARAL_pass2_detected_notinskyto3,SARAL_pass2_detected,SARAL,external,0.41
client_SARAL_pass2_detected_notinskyto3_26,11.48500350189209,17109.375,15990.070093457944,13350.030075446906,1.0,8.839217185974121,-6.346440373617876,190898.4375,1.07,0,0,SARAL_pass2_detected\notinskyto3\spectrogram26_465988000.txt,240000.0,1024,0,detected; mixed; 0.7 dB on track,client_SARAL_pass2_detected_notinskyto3,SARAL_pass2_detected,SARAL,external,0.66
client_SARAL_pass2_detected_notinskyto3_27,11.538436244010926,3984.375,3723.7149532710278,14401.151356436721,1.0,8.368640899658203,-6.365598319888583,192421.875,1.07,0,0,SARAL_pass2_detected\notinskyto3\spectrogram27_465988000.txt,240000.0,1024,0,detected; mixed; 1.1 dB on track,client_SARAL_pass2_detected_notinskyto3,SARAL_pass2_detected,SARAL,external,1.07
client_SARAL_pass2_detected_notinskyto3_28,11.507277478218079,13593.75,12704.439252336448,13044.396108902476,1.0,8.915751457214355,-6.3346803702809185,190664.0625,1.07,0,0,SARAL_pass2_detected\notinskyto3\spectrogram28_465988000.txt,240000.0,1024,0,detected; mixed; 1.0 dB on track,client_SARAL_pass2_detected_notinskyto3,SARAL_pass2_detected,SARAL,external,1.02
client_SARAL_pass2_detected_notinskyto3_29,11.468337260246276,32578.125,30446.84579439252,15666.079791879334,1.0,8.464384078979492,-6.34027102629351,191601.5625,1.07,0,0,SARAL_pass2_detected\notinskyto3\spectrogram29_465988000.txt,240000.0,1024,0,detected; mixed; 0.6 dB on track,client_SARAL_pass2_detected_notinskyto3,SARAL_pass2_detected,SARAL,external,0.57
client_SARAL_pass2_detected_notinskyto3_30,11.451448013305663,39140.625,36580.023364485976,15358.363580627674,1.0,8.463301658630371,-6.369997385142508,191367.1875,1.07,0,0,SARAL_pass2_detected\notinskyto3\spectrogram30_465988000.txt,240000.0,1024,0,detected; mixed; 0.9 dB on track,client_SARAL_pass2_detected_notinskyto3,SARAL_pass2_detected,SARAL,external,0.91
client_SARAL_pass2_detected_notinskyto3_31,11.455196181297302,1171.875,1095.2102803738317,12325.67012597612,1.0,9.264972686767578,-6.326227474813321,191015.625,1.07,0,0,SARAL_pass2_detected\notinskyto3\spectrogram31_465988000.txt,240000.0,1024,0,detected; mixed; 0.8 dB on track,client_SARAL_pass2_detected_notinskyto3,SARAL_pass2_detected,SARAL,external,0.84
client_SARAL_pass2_detected_notinskyto3_32,11.60515309906006,41953.125,39208.52803738318,12814.167089648678,1.0,9.008606910705566,-6.3316096065198115,192421.875,1.07,0,0,SARAL_pass2_detected\notinskyto3\spectrogram32_465988000.txt,240000.0,1024,0,detected; mixed; 0.6 dB on track,client_SARAL_pass2_detected_notinskyto3,SARAL_pass2_detected,SARAL,external,0.61
client_SARAL_pass2_detected_notinskyto3_33,11.490851194381714,29765.625,27818.341121495327,18256.653310985304,1.0,8.870795249938965,-6.3797573539667605,190429.6875,1.07,0,0,SARAL_pass2_detected\notinskyto3\spectrogram33_465988000.txt,240000.0,1024,0,detected; mixed; 0.7 dB on track,client_SARAL_pass2_detected_notinskyto3,SARAL_pass2_detected,SARAL,external,0.68
client_SARAL_pass2_detected_notinskyto3_34,11.430328670501709,24609.375,22999.415887850468,14142.177660637844,1.0,8.192193031311035,-6.359016252493508,192890.625,1.07,0,0,SARAL_pass2_detected\notinskyto3\spectrogram34_465988000.txt,240000.0,1024,0,detected; mixed; 0.9 dB on track,client_SARAL_pass2_detected_notinskyto3,SARAL_pass2_detected,SARAL,external,0.89
client_SARAL_pass2_detected_notinskyto3_35,11.526568090438843,70078.125,65493.57476635514,16276.189235190126,1.0,8.67101764678955,-6.373289978575324,190898.4375,1.07,0,0,SARAL_pass2_detected\notinskyto3\spectrogram35_465988000.txt,240000.0,1024,0,detected; mixed; 0.7 dB on track,client_SARAL_pass2_detected_notinskyto3,SARAL_pass2_detected,SARAL,external,0.73
client_SARAL_pass2_detected_notinskyto3_36,11.371908537864686,47578.125,44465.537383177565,16033.452065027917,1.0,8.949073791503906,-6.3555437821878105,190429.6875,1.07,0,0,SARAL_pass2_detected\notinskyto3\spectrogram36_465988000.txt,240000.0,1024,0,detected; mixed; 0.9 dB on track,client_SARAL_pass2_detected_notinskyto3,SARAL_pass2_detected,SARAL,external,0.88
client_SARAL_pass2_detected_notinskyto3_37,11.53496071434021,120234.375,112368.57476635513,15771.247727605634,1.0,8.386088371276855,-6.396404871532598,189726.5625,1.07,0,0,SARAL_pass2_detected\notinskyto3\spectrogram37_465988000.txt,240000.0,1024,0,detected; mixed; 0.8 dB on track,client_SARAL_pass2_detected_notinskyto3,SARAL_pass2_detected,SARAL,external,0.81
client_SARAL_pass2_detected_notinskyto3_38,11.526816501617432,50625.0,47313.08411214953,16859.24362260941,1.0,8.847352981567383,-6.357279050346913,191132.8125,1.07,0,0,SARAL_pass2_detected\notinskyto3\spectrogram38_465988000.txt,240000.0,1024,0,detected; mixed; 0.5 dB on track,client_SARAL_pass2_detected_notinskyto3,SARAL_pass2_detected,SARAL,external,0.54
client_SARAL_pass2_detected_notinskyto3_39,11.395972826004028,31171.875,29132.593457943924,14882.084001115405,1.0,8.641304969787598,-6.335548835804351,190781.25,1.07,0,0,SARAL_pass2_detected\notinskyto3\spectrogram39_465988000.txt,240000.0,1024,0,detected; mixed; 0.3 dB on track,client_SARAL_pass2_detected_notinskyto3,SARAL_pass2_detected,SARAL,external,0.34
client_SARAL_pass2_detected_notinskyto3_40,11.49610564994812,92109.375,86083.52803738318,17641.137829172483,1.0,8.053736686706543,-6.356658046470544,190195.3125,1.07,0,0,SARAL_pass2_detected\notinskyto3\spectrogram40_465988000.txt,240000.0,1024,0,detected; mixed; 1.1 dB on track,client_SARAL_pass2_detected_notinskyto3,SARAL_pass2_detected,SARAL,external,1.13
client_SARAL_pass2_detected_notinskyto3_41,11.57487317943573,85781.25,80169.39252336448,15303.978393117064,1.0,8.769270896911621,-6.400941348189232,190078.125,1.07,0,0,SARAL_pass2_detected\notinskyto3\spectrogram41_465988000.txt,240000.0,1024,0,detected; mixed; 0.5 dB on track,client_SARAL_pass2_detected_notinskyto3,SARAL_pass2_detected,SARAL,external,0.52
client_SARAL_pass2_detected_notinskyto3_42,11.616558976173401,43828.125,40960.86448598131,14108.160076650951,1.0,8.98912525177002,-6.398549214689265,191015.625,1.07,0,0,SARAL_pass2_detected\notinskyto3\spectrogram42_465988000.txt,240000.0,1024,0,detected; mixed; 0.4 dB on track,client_SARAL_pass2_detected_notinskyto3,SARAL_pass2_detected,SARAL,external,0.38
client_SARAL_pass2_detected_notinskyto3_43,11.546427520751953,3515.625,3285.630841121495,14783.028866901139,1.0,9.118194580078125,-6.35379485536989,190781.25,1.07,0,0,SARAL_pass2_detected\notinskyto3\spectrogram43_465988000.txt,240000.0,1024,0,detected; mixed; 1.2 dB on track,client_SARAL_pass2_detected_notinskyto3,SARAL_pass2_detected,SARAL,external,1.24
client_SARAL_pass2_detected_notinskyto3_44,11.482693786621093,50390.625,47094.042056074766,15066.398696423254,1.0,8.6806640625,-6.36632834197832,192070.3125,1.07,0,0,SARAL_pass2_detected\notinskyto3\spectrogram44_465988000.txt,240000.0,1024,0,detected; mixed; 0.3 dB on track,client_SARAL_pass2_detected_notinskyto3,SARAL_pass2_detected,SARAL,external,0.34
client_SARAL_pass2_detected_notinskyto3_45,11.526687887191773,8203.125,7666.471962616822,14810.074556944299,1.0,8.728109359741211,-6.393836339216073,191484.375,1.07,0,0,SARAL_pass2_detected\notinskyto3\spectrogram45_465988000.txt,240000.0,1024,0,detected; mixed; 0.9 dB on track,client_SARAL_pass2_detected_notinskyto3,SARAL_pass2_detected,SARAL,external,0.86
client_SARAL_pass2_detected_notinskyto3_46,11.39381422996521,7500.0,7009.345794392523,16015.681619634806,1.0,8.153422355651855,-6.3936306467062725,191718.75,1.07,0,0,SARAL_pass2_detected\notinskyto3\spectrogram46_465988000.txt,240000.0,1024,0,detected; mixed; 1.4 dB on track,client_SARAL_pass2_detected_notinskyto3,SARAL_pass2_detected,SARAL,external,1.35
client_SARAL_pass2_detected_notinskyto3_47,11.431766055107117,10546.875,9856.892523364486,13269.120420121842,1.0,8.430819511413574,-6.378260867448962,192187.5,1.07,0,0,SARAL_pass2_detected\notinskyto3\spectrogram47_465988000.txt,240000.0,1024,0,detected; mixed; 0.6 dB on track,client_SARAL_pass2_detected_notinskyto3,SARAL_pass2_detected,SARAL,external,0.62
client_SARAL_pass2_detected_notinskyto3_48,11.42429592704773,12187.5,11390.186915887849,16864.362578192726,1.0,8.579619407653809,-6.376517001933574,190781.25,1.07,0,0,SARAL_pass2_detected\notinskyto3\spectrogram48_465988000.txt,240000.0,1024,0,detected; mixed; 0.9 dB on track,client_SARAL_pass2_detected_notinskyto3,SARAL_pass2_detected,SARAL,external,0.85
client_SARAL_pass2_detected_notinskyto3_49,11.417669919013978,2578.125,2409.46261682243,12918.605944455645,1.0,8.609539031982422,-6.421082544641914,189960.9375,1.07,0,0,SARAL_pass2_detected\notinskyto3\spectrogram49_465988000.txt,240000.0,1024,0,detected; mixed; 0.8 dB on track,client_SARAL_pass2_detected_notinskyto3,SARAL_pass2_detected,SARAL,external,0.81
client_SARAL_pass2_detected_notinskyto3_50,11.479362644195557,6562.5,6133.177570093458,15660.597050542921,1.0,8.623910903930664,-6.42313809444437,191484.375,1.07,0,0,SARAL_pass2_detected\notinskyto3\spectrogram50_465988000.txt,240000.0,1024,0,detected; mixed; 0.5 dB on track,client_SARAL_pass2_detected_notinskyto3,SARAL_pass2_detected,SARAL,external,0.51
client_SARAL_pass2_detected_notinskyto3_51,11.448309631347657,17109.375,15990.070093457944,13081.49185291157,1.0,8.577104568481445,-6.4080825494189035,191367.1875,1.07,0,0,SARAL_pass2_detected\notinskyto3\spectrogram51_465988000.txt,240000.0,1024,0,detected; mixed; 0.7 dB on track,client_SARAL_pass2_detected_notinskyto3,SARAL_pass2_detected,SARAL,external,0.73
client_SARAL_pass2_detected_notinskyto3_52,11.496094799041748,25312.5,23656.542056074766,17082.367464029856,1.0,8.8501558303833,-6.404994932878974,190898.4375,1.07,0,0,SARAL_pass2_detected\notinskyto3\spectrogram52_465988000.txt,240000.0,1024,0,detected; mixed; 0.7 dB on track,client_SARAL_pass2_detected_notinskyto3,SARAL_pass2_detected,SARAL,external,0.72
client_SARAL_pass2_detected_notinskyto3_53,11.590917756080627,97265.625,90902.45327102803,15817.712186827184,1.0,9.13023853302002,-6.413007454968031,191015.625,1.07,0,0,SARAL_pass2_detected\notinskyto3\spectrogram53_465988000.txt,240000.0,1024,0,detected; mixed; 0.6 dB on track,client_SARAL_pass2_detected_notinskyto3,SARAL_pass2_detected,SARAL,external,0.57
client_SARAL_pass2_detected_notinskyto3_54,11.483711407661438,39375.0,36799.06542056074,13803.46780153535,1.0,9.59698486328125,-6.480880920975351,190078.125,1.07,0,0,SARAL_pass2_detected\notinskyto3\spectrogram54_465988000.txt,240000.0,1024,0,detected; mixed; 0.5 dB on track,client_SARAL_pass2_detected_notinskyto3,SARAL_pass2_detected,SARAL,external,0.49
client_SARAL_pass2_detected_notinskyto3_55,11.42725844669342,41953.125,39208.52803738318,15549.135678290033,1.0,9.33829402923584,-6.602071351981364,189843.75,1.07,0,0,SARAL_pass2_detected\notinskyto3\spectrogram55_465988000.txt,240000.0,1024,0,detected; mixed; 0.3 dB on track,client_SARAL_pass2_detected_notinskyto3,SARAL_pass2_detected,SARAL,external,0.26
client_SARAL_pass2_detected_notinskyto3_56,11.489744089126587,2109.375,1971.3785046728972,12765.338539114222,1.0,7.911333084106445,-6.570344266989116,191132.8125,1.07,0,0,SARAL_pass2_detected\notinskyto3\spectrogram56_465988000.txt,240000.0,1024,0,detected; mixed; 0.7 dB on track,client_SARAL_pass2_detected_notinskyto3,SARAL_pass2_detected,SARAL,external,0.7
client_SARAL_pass2_detected_notinskyto3_57,11.418862229347228,79218.75,74036.21495327102,13335.923428617722,1.0,10.896913528442383,-6.570292977577343,191250.0,1.07,0,0,SARAL_pass2_detected\notinskyto3\spectrogram57_465988000.txt,240000.0,1024,0,detected; mixed; 0.6 dB on track,client_SARAL_pass2_detected_notinskyto3,SARAL_pass2_detected,SARAL,external,0.56
client_SARAL_pass2_detected_notinskyto3_58,11.38493996334076,75468.75,70531.54205607476,15115.664970097363,1.0,8.431914329528809,-6.587582266306629,190195.3125,1.07,0,0,SARAL_pass2_detected\notinskyto3\spectrogram58_465988000.txt,240000.0,1024,0,detected; mixed; 0.4 dB on track,client_SARAL_pass2_detected_notinskyto3,SARAL_pass2_detected,SARAL,external,0.39
client_SARAL_pass2_detected_notinskyto3_59,11.457022426605224,15937.5,14894.859813084111,15886.392003974806,1.0,9.238058090209961,-6.608364131714648,191367.1875,1.07,0,0,SARAL_pass2_detected\notinskyto3\spectrogram59_465988000.txt,240000.0,1024,0,detected; mixed; 0.2 dB on track,client_SARAL_pass2_detected_notinskyto3,SARAL_pass2_detected,SARAL,external,0.16
client_SARAL_pass2_detected_notinskyto3_60,11.404512763977051,70781.25,66150.70093457944,12428.184481047916,1.0,8.27877426147461,-6.597404991579562,188671.875,1.07,0,0,SARAL_pass2_detected\notinskyto3\spectrogram60_465988000.txt,240000.0,1024,0,detected; mixed; 0.6 dB on track,client_SARAL_pass2_detected_notinskyto3,SARAL_pass2_detected,SARAL,external,0.61
client_SARAL_pass2_detected_notinskyto3_61,11.538148607254028,29531.25,27599.29906542056,13760.533649177645,1.0,9.599079132080078,-6.589415942149066,191718.75,1.07,0,0,SARAL_pass2_detected\notinskyto3\spectrogram61_465988000.txt,240000.0,1024,0,detected; mixed; 0.4 dB on track,client_SARAL_pass2_detected_notinskyto3,SARAL_pass2_detected,SARAL,external,0.45
client_SARAL_pass2_detected_notinskyto3_62,11.363761848449707,29531.25,27599.29906542056,11750.448853733908,1.0,8.073386192321777,-6.585408786672637,191367.1875,1.07,0,0,SARAL_pass2_detected\notinskyto3\spectrogram62_465988000.txt,240000.0,1024,0,detected; mixed; 0.4 dB on track,client_SARAL_pass2_detected_notinskyto3,SARAL_pass2_detected,SARAL,external,0.36
client_SARAL_pass2_detected_notinskyto3_63,11.413459607124329,32812.5,30665.887850467287,13476.52186299336,1.0,8.515774726867676,-6.576967748253142,191601.5625,1.07,0,0,SARAL_pass2_detected\notinskyto3\spectrogram63_465988000.txt,240000.0,1024,0,detected; mixed; 0.5 dB on track,client_SARAL_pass2_detected_notinskyto3,SARAL_pass2_detected,SARAL,external,0.55
client_SARAL_pass2_detected_notinskyto3_64,11.368510964393616,14062.5,13142.52336448598,14053.316075576322,1.0,9.18873119354248,-6.590873275745812,191367.1875,1.07,0,0,SARAL_pass2_detected\notinskyto3\spectrogram64_465988000.txt,240000.0,1024,0,detected; mixed; 0.2 dB on track,client_SARAL_pass2_detected_notinskyto3,SARAL_pass2_detected,SARAL,external,0.17
client_SARAL_pass2_detected_notinskyto3_65,11.466130108833314,21093.75,19713.78504672897,14321.577065967616,1.0,8.714680671691895,-6.5715714487854875,190195.3125,1.07,0,0,SARAL_pass2_detected\notinskyto3\spectrogram65_465988000.txt,240000.0,1024,0,detected; mixed; 0.5 dB on track,client_SARAL_pass2_detected_notinskyto3,SARAL_pass2_detected,SARAL,external,0.51
client_SARAL_pass2_detected_notinskyto3_66,11.524085565567017,49921.875,46655.957943925234,14902.444162886119,1.0,8.146048545837402,-6.580687929316291,190078.125,1.07,0,0,SARAL_pass2_detected\notinskyto3\spectrogram66_465988000.txt,240000.0,1024,0,detected; mixed; 0.7 dB on track,client_SARAL_pass2_detected_notinskyto3,SARAL_pass2_detected,SARAL,external,0.68
client_SARAL_pass2_detected_notinskyto3_67,11.339153840065002,76171.875,71188.66822429906,13738.749444815876,1.0,8.92443561553955,-6.58419125165446,191015.625,1.07,0,0,SARAL_pass2_detected\notinskyto3\spectrogram67_465988000.txt,240000.0,1024,0,detected; mixed; 0.1 dB on track,client_SARAL_pass2_detected_notinskyto3,SARAL_pass2_detected,SARAL,external,0.14
client_SARAL_pass2_detected_notinskyto3_68,11.406935132980347,45000.0,42056.07476635514,12603.183453234808,1.0,8.493504524230957,-6.629981058452731,190078.125,1.07,0,0,SARAL_pass2_detected\notinskyto3\spectrogram68_465988000.txt,240000.0,1024,0,detected; mixed; 0.5 dB on track,client_SARAL_pass2_detected_notinskyto3,SARAL_pass2_detected,SARAL,external,0.46
client_SARAL_pass2_detected_notinskyto3_69,11.398576152801514,39609.375,37018.10747663551,14031.531987721562,1.0,8.38390827178955,-6.653817582646443,190898.4375,1.07,0,0,SARAL_pass2_detected\notinskyto3\spectrogram69_465988000.txt,240000.0,1024,0,detected; mixed; 0.3 dB on track,client_SARAL_pass2_detected_notinskyto3,SARAL_pass2_detected,SARAL,external,0.34
client_SARAL_pass2_detected_notinskyto3_70,11.43139760017395,60000.0,56074.766355140186,15382.28850817373,1.0,8.593549728393555,-6.633604290090447,189843.75,1.07,0,0,SARAL_pass2_detected\notinskyto3\spectrogram70_465988000.txt,240000.0,1024,0,detected; mixed; 0.2 dB on track,client_SARAL_pass2_detected_notinskyto3,SARAL_pass2_detected,SARAL,external,0.21
client_SARAL_pass2_detected_notinskyto3_71,11.363179702758789,5625.0,5257.009345794392,16688.43282277619,1.0,9.399609565734863,-6.640619288555834,190429.6875,1.07,0,0,SARAL_pass2_detected\notinskyto3\spectrogram71_465988000.txt,240000.0,1024,0,detected; mixed; 0.4 dB on track,client_SARAL_pass2_detected_notinskyto3,SARAL_pass2_detected,SARAL,external,0.39
client_SARAL_pass2_detected_notinskyto3_72,11.372973644256591,1171.875,1095.2102803738317,10861.784434893885,1.0,7.908453941345215,-6.650578919119359,190664.0625,1.07,0,0,SARAL_pass2_detected\notinskyto3\spectrogram72_465988000.txt,240000.0,1024,0,detected; mixed; 0.3 dB on track,client_SARAL_pass2_detected_notinskyto3,SARAL_pass2_detected,SARAL,external,0.3
client_SARAL_pass2_detected_notinskyto3_73,11.496509713172912,23906.25,22342.289719626166,14201.855764372021,1.0,7.986894130706787,-6.6150060115688465,189726.5625,1.07,0,0,SARAL_pass2_detected\notinskyto3\spectrogram73_465988000.txt,240000.0,1024,0,detected; mixed; 0.4 dB on track,client_SARAL_pass2_detected_notinskyto3,SARAL_pass2_detected,SARAL,external,0.4
client_SARAL_pass2_detected_notinskyto3_74,11.426030365943909,28359.375,26504.088785046726,13471.02795929733,1.0,8.770342826843262,-6.5835682060516625,191367.1875,1.07,0,0,SARAL_pass2_detected\notinskyto3\spectrogram74_465988000.txt,240000.0,1024,0,detected; mixed; 0.4 dB on track,client_SARAL_pass2_detected_notinskyto3,SARAL_pass2_detected,SARAL,external,0.4
client_SARAL_pass2_detected_notinskyto3_75,11.438634587287902,23906.25,22342.289719626166,16267.595412732118,1.0,8.441935539245605,-6.56344757152558,190195.3125,1.07,0,0,SARAL_pass2_detected\notinskyto3\spectrogram75_465988000.txt,240000.0,1024,0,detected; mixed; 0.3 dB on track,client_SARAL_pass2_detected_notinskyto3,SARAL_pass2_detected,SARAL,external,0.26
client_SARAL_pass2_detected_notinskyto3_76,11.374256947517395,47343.75,44246.4953271028,13955.558863184664,1.0,7.846723556518555,-6.603137687789888,190781.25,1.07,0,0,SARAL_pass2_detected\notinskyto3\spectrogram76_465988000.txt,240000.0,1024,0,detected; mixed; 0.7 dB on track,client_SARAL_pass2_detected_notinskyto3,SARAL_pass2_detected,SARAL,external,0.75
client_SARAL_pass2_detected_notinskyto3_77,11.391527031898498,5156.25,4818.92523364486,12966.754389125506,1.0,8.222766876220703,-6.571788136969119,191132.8125,1.07,0,0,SARAL_pass2_detected\notinskyto3\spectrogram77_465988000.txt,240000.0,1024,0,detected; mixed; 0.6 dB on track,client_SARAL_pass2_detected_notinskyto3,SARAL_pass2_detected,SARAL,external,0.57
client_SARAL_pass2_detected_notinskyto3_78,11.383000337600707,7265.625,6790.303738317757,12309.51739833418,1.0,8.510451316833496,-6.555766810701447,191484.375,1.07,0,0,SARAL_pass2_detected\notinskyto3\spectrogram78_465988000.txt,240000.0,1024,0,detected; mixed; 0.2 dB on track,client_SARAL_pass2_detected_notinskyto3,SARAL_pass2_detected,SARAL,external,0.2
client_SARAL_pass2_detected_notinskyto3_79,11.436753170013429,69375.0,64836.44859813084,11868.323766133652,1.0,7.80301570892334,-6.60071895239512,189609.375,1.07,0,0,SARAL_pass2_detected\notinskyto3\spectrogram79_465988000.txt,240000.0,1024,0,detected; mixed; 0.3 dB on track,client_SARAL_pass2_detected_notinskyto3,SARAL_pass2_detected,SARAL,external,0.29
client_SARAL_pass2_detected_notinskyto3_80,11.337675979614257,19453.125,18180.490654205605,13830.632153935878,1.0,7.974438190460205,-6.585324241284987,189843.75,1.07,0,0,SARAL_pass2_detected\notinskyto3\spectrogram80_465988000.txt,240000.0,1024,0,detected; mixed; 0.5 dB on track,client_SARAL_pass2_detected_notinskyto3,SARAL_pass2_detected,SARAL,external,0.54
client_SARAL_pass2_detected_notinskyto3_81,11.42891863822937,21562.5,20151.869158878504,13969.635708912774,1.0,9.427083015441895,-6.593076769957798,189726.5625,1.07,0,0,SARAL_pass2_detected\notinskyto3\spectrogram81_465988000.txt,240000.0,1024,0,detected; mixed; 0.3 dB on track,client_SARAL_pass2_detected_notinskyto3,SARAL_pass2_detected,SARAL,external,0.34
client_SARAL_pass2_detected_notinskyto3_82,11.39662695980072,16406.25,15332.943925233643,14448.657024347745,1.0,8.45701789855957,-6.5885956738361635,192656.25,1.07,0,0,SARAL_pass2_detected\notinskyto3\spectrogram82_465988000.txt,240000.0,1024,0,detected; mixed; 0.3 dB on track,client_SARAL_pass2_detected_notinskyto3,SARAL_pass2_detected,SARAL,external,0.29
client_SARAL_pass2_detected_notinskyto3_83,11.423799555778503,41484.375,38770.443925233645,14533.56639562832,1.0,8.352836608886719,-6.595956093566148,191601.5625,1.07,0,0,SARAL_pass2_detected\notinskyto3\spectrogram83_465988000.txt,240000.0,1024,0,detected; mixed; 0.5 dB on track,client_SARAL_pass2_detected_notinskyto3,SARAL_pass2_detected,SARAL,external,0.5
client_SARAL_pass2_detected_notinskyto3_84,11.385128681182861,63281.25,59141.35514018691,16570.746640611083,1.0,8.04188346862793,-6.5758893061640125,190312.5,1.07,0,0,SARAL_pass2_detected\notinskyto3\spectrogram84_465988000.txt,240000.0,1024,0,detected; mixed; 0.4 dB on track,client_SARAL_pass2_detected_notinskyto3,SARAL_pass2_detected,SARAL,external,0.41
client_SARAL_pass2_detected_notinskyto3_85,11.387103835105895,57421.875,53665.30373831775,14848.083663196277,1.0,8.813868522644043,-6.559890442098552,192421.875,1.07,0,0,SARAL_pass2_detected\notinskyto3\spectrogram85_465988000.txt,240000.0,1024,0,detected; mixed; 0.3 dB on track,client_SARAL_pass2_detected_notinskyto3,SARAL_pass2_detected,SARAL,external,0.28
client_SARAL_pass2_detected_notinskyto3_86,11.290818969726562,55078.125,51474.88317757009,15746.869512292558,1.0,8.155268669128418,-6.579617254525291,190195.3125,1.07,0,0,SARAL_pass2_detected\notinskyto3\spectrogram86_465988000.txt,240000.0,1024,0,detected; mixed; 0.4 dB on track,client_SARAL_pass2_detected_notinskyto3,SARAL_pass2_detected,SARAL,external,0.4
client_SARAL_pass2_detected_notinskyto3_87,11.348312272071839,82968.75,77540.88785046729,15299.29779331319,1.0,8.47691822052002,-6.581082434999411,189843.75,1.07,0,0,SARAL_pass2_detected\notinskyto3\spectrogram87_465988000.txt,240000.0,1024,0,detected; mixed; 0.5 dB on track,client_SARAL_pass2_detected_notinskyto3,SARAL_pass2_detected,SARAL,external,0.54
client_SARAL_pass2_detected_notinskyto3_88,11.394549894332886,9375.0,8761.682242990653,16167.62220289961,1.0,8.053150177001953,-6.556143704100231,191250.0,1.07,0,0,SARAL_pass2_detected\notinskyto3\spectrogram88_465988000.txt,240000.0,1024,0,detected; mixed; 0.1 dB on track,client_SARAL_pass2_detected_notinskyto3,SARAL_pass2_detected,SARAL,external,0.12
client_SARAL_pass2_detected_notinskyto3_89,11.371804615020752,40546.875,37894.27570093458,14613.928124909946,1.0,8.48815631866455,-6.572577873395602,191132.8125,1.07,0,0,SARAL_pass2_detected\notinskyto3\spectrogram89_465988000.txt,240000.0,1024,0,detected; mixed; 0.3 dB on track,client_SARAL_pass2_detected_notinskyto3,SARAL_pass2_detected,SARAL,external,0.3
client_SARAL_pass2_detected_notinskyto3_90,11.367631567955018,1640.625,1533.2943925233644,15164.894581764422,1.0,8.000517845153809,-6.587113264806953,190312.5,1.07,0,0,SARAL_pass2_detected\notinskyto3\spectrogram90_465988000.txt,240000.0,1024,0,detected; mixed; 0.4 dB on track,client_SARAL_pass2_detected_notinskyto3,SARAL_pass2_detected,SARAL,external,0.42
client_SARAL_pass2_detected_notinskyto3_91,11.465381212234497,9609.375,8980.72429906542,14843.434789247813,1.0,9.699159622192383,-6.59079073842666,191132.8125,1.07,0,0,SARAL_pass2_detected\notinskyto3\spectrogram91_465988000.txt,240000.0,1024,0,detected; mixed; 0.2 dB on track,client_SARAL_pass2_detected_notinskyto3,SARAL_pass2_detected,SARAL,external,0.23
client_SARAL_pass2_detected_notinskyto3_92,11.356876135826111,9140.625,8542.640186915887,14678.967744449403,1.0,8.122525215148926,-6.5761245271658515,192070.3125,1.07,0,0,SARAL_pass2_detected\notinskyto3\spectrogram92_465988000.txt,240000.0,1024,0,detected; mixed; 0.6 dB on track,client_SARAL_pass2_detected_notinskyto3,SARAL_pass2_detected,SARAL,external,0.61
client_SARAL_pass2_detected_notinskyto3_93,11.438912177085877,4921.875,4599.883177570093,14580.27423180417,1.0,9.13924789428711,-6.6251925836831305,191718.75,1.07,0,0,SARAL_pass2_detected\notinskyto3\spectrogram93_465988000.txt,240000.0,1024,0,detected; mixed; 0.3 dB on track,client_SARAL_pass2_detected_notinskyto3,SARAL_pass2_detected,SARAL,external,0.33
client_SARAL_pass2_detected_notinskyto3_94,11.355141570091247,97968.75,91559.57943925232,15578.264281036021,1.0,8.133718490600586,-6.571182750854779,191953.125,1.07,0,0,SARAL_pass2_detected\notinskyto3\spectrogram94_465988000.txt,240000.0,1024,0,detected; mixed; 0.3 dB on track,client_SARAL_pass2_detected_notinskyto3,SARAL_pass2_detected,SARAL,external,0.28
client_SARAL_pass2_detected_notinskyto3_95,11.413561570167541,12421.875,11609.228971962617,14759.040046505661,1.0,8.190472602844238,-6.598939833282519,189609.375,1.07,0,0,SARAL_pass2_detected\notinskyto3\spectrogram95_465988000.txt,240000.0,1024,0,detected; mixed; 0.2 dB on track,client_SARAL_pass2_detected_notinskyto3,SARAL_pass2_detected,SARAL,external,0.17
client_SARAL_pass2_detected_notinskyto3_96,12.71175816345215,61406.25,57389.01869158878,18012.928934833864,1.0,11.695000648498535,-6.559501207886538,192773.4375,1.07,0,0,SARAL_pass2_detected\notinskyto3\spectrogram96_465988000.txt,240000.0,1024,0,detected; mixed; 0.2 dB on track,client_SARAL_pass2_detected_notinskyto3,SARAL_pass2_detected,SARAL,external,0.23
client_SARAL_pass2_detected_notinskyto3_97,15.771434127807618,0.0,0.0,8542.529449397603,1.0,14.98387336730957,-6.515306702391826,191601.5625,1.07,0,0,SARAL_pass2_detected\notinskyto3\spectrogram97_465988000.txt,240000.0,1024,0,detected; mixed; 0.4 dB on track,client_SARAL_pass2_detected_notinskyto3,SARAL_pass2_detected,SARAL,external,0.39
client_SARAL_pass2_detected_notinskyto3_98,11.4720578956604,75703.125,70750.58411214953,14910.400519712908,1.0,10.306281089782715,-6.6099613132549955,190078.125,1.07,0,0,SARAL_pass2_detected\notinskyto3\spectrogram98_465988000.txt,240000.0,1024,0,detected; mixed; 0.2 dB on track,client_SARAL_pass2_detected_notinskyto3,SARAL_pass2_detected,SARAL,external,0.25
client_SARAL_pass2_detected_notinskyto3_99,11.460697299957275,60703.125,56731.892523364484,17666.2487248264,1.0,8.548142433166504,-6.5995751891137235,191953.125,1.07,0,0,SARAL_pass2_detected\notinskyto3\spectrogram99_465988000.txt,240000.0,1024,0,detected; mixed; 0.7 dB on track,client_SARAL_pass2_detected_notinskyto3,SARAL_pass2_detected,SARAL,external,0.71
client_SARAL_pass2_detected_3to19_20,14.970004240989685,0.0,0.0,0.0,1.0,12.654361724853516,-6.500713306503688,189140.625,1.07,1,0,SARAL_pass2_detected\3to19\spectrogram20_465988000.txt,240000.0,1024,0,detected; above; 11.9 dB on track,client_SARAL_pass2_detected_3to19,SARAL_pass2_detected,SARAL,external,11.93
client_SARAL_pass2_detected_3to19_21,14.210006352424621,0.0,0.0,0.0,1.0,12.297284126281738,-6.5744744060984495,190078.125,1.07,1,0,SARAL_pass2_detected\3to19\spectrogram21_465988000.txt,240000.0,1024,0,detected; above; 11.1 dB on track,client_SARAL_pass2_detected_3to19,SARAL_pass2_detected,SARAL,external,11.09
client_SARAL_pass2_detected_3to19_22,18.44904818534851,72890.625,68122.07943925234,4609.97072443086,1.0,16.142728805541992,-6.533736568337003,189960.9375,1.07,1,0,SARAL_pass2_detected\3to19\spectrogram22_465988000.txt,240000.0,1024,0,detected; above; 12.5 dB on track,client_SARAL_pass2_detected_3to19,SARAL_pass2_detected,SARAL,external,12.47
client_SARAL_pass2_detected_3to19_23,17.273594326019285,72890.625,68122.07943925234,7995.428441727265,1.0,15.70681095123291,-6.5133607275390695,190546.875,1.07,1,0,SARAL_pass2_detected\3to19\spectrogram23_465988000.txt,240000.0,1024,0,detected; above; 11.3 dB on track,client_SARAL_pass2_detected_3to19,SARAL_pass2_detected,SARAL,external,11.31
client_SARAL_pass2_detected_3to19_24,14.552728578567505,0.0,0.0,0.0,1.0,12.91810131072998,-6.561431597432868,189843.75,1.07,1,0,SARAL_pass2_detected\3to19\spectrogram24_465988000.txt,240000.0,1024,0,detected; above; 11.6 dB on track,client_SARAL_pass2_detected_3to19,SARAL_pass2_detected,SARAL,external,11.56
client_SARAL_pass2_detected_3to19_25,15.036009324073792,234.375,219.04205607476635,14.8230569917391,1.0,13.215889930725098,-6.570401372235155,190312.5,1.07,1,0,SARAL_pass2_detected\3to19\spectrogram25_465988000.txt,240000.0,1024,0,detected; above; 12.0 dB on track,client_SARAL_pass2_detected_3to19,SARAL_pass2_detected,SARAL,external,12.0
client_SARAL_pass2_detected_3to19_26,14.584195587158202,0.0,0.0,21489.86957394917,1.0,12.188897132873535,-6.568202464180423,194531.25,1.07,1,0,SARAL_pass2_detected\3to19\spectrogram26_465988000.txt,240000.0,1024,0,detected; above; 11.2 dB on track,client_SARAL_pass2_detected_3to19,SARAL_pass2_detected,SARAL,external,11.17
client_SARAL_pass2_detected_3to19_27,14.832768022537232,97968.75,91559.57943925232,6196.037822546947,1.0,12.341330528259277,-6.577268475392319,192421.875,1.07,1,0,SARAL_pass2_detected\3to19\spectrogram27_465988000.txt,240000.0,1024,0,detected; above; 11.8 dB on track,client_SARAL_pass2_detected_3to19,SARAL_pass2_detected,SARAL,external,11.79
client_SARAL_pass2_detected_3to19_28,12.58826315689087,65625.0,61331.77570093457,12861.242359705677,1.0,12.121991157531738,-6.623730067260743,192070.3125,1.07,1,0,SARAL_pass2_detected\3to19\spectrogram28_465988000.txt,240000.0,1024,0,detected; above; 8.1 dB on track,client_SARAL_pass2_detected_3to19,SARAL_pass2_detected,SARAL,external,8.11
client_SARAL_pass2_detected_3to19_30,12.491883179664612,27187.5,25408.878504672895,9196.339315339092,1.0,12.662145614624023,-6.63206580985183,189375.0,1.07,1,0,SARAL_pass2_detected\3to19\spectrogram30_465988000.txt,240000.0,1024,0,detected; above; 8.0 dB on track,client_SARAL_pass2_detected_3to19,SARAL_pass2_detected,SARAL,external,7.99
client_SARAL_pass2_detected_3to19_31,14.416309659004211,234.375,219.04205607476635,25.708773124524974,1.0,13.224482536315918,-6.56960111499216,191250.0,1.07,1,0,SARAL_pass2_detected\3to19\spectrogram31_465988000.txt,240000.0,1024,0,detected; above; 11.4 dB on track,client_SARAL_pass2_detected_3to19,SARAL_pass2_detected,SARAL,external,11.4
client_SARAL_pass2_detected_3to19_32,15.573068233489991,25546.875,23875.584112149532,1615.849746031503,1.0,13.707683563232422,-6.583483326568684,190078.125,1.07,1,0,SARAL_pass2_detected\3to19\spectrogram32_465988000.txt,240000.0,1024,0,detected; above; 12.4 dB on track,client_SARAL_pass2_detected_3to19,SARAL_pass2_detected,SARAL,external,12.44
client_SARAL_pass2_detected_3to19_33,15.228915001869202,234.375,219.04205607476635,25.708773124524967,1.0,12.81813907623291,-6.564065009604047,191132.8125,1.07,1,0,SARAL_pass2_detected\3to19\spectrogram33_465988000.txt,240000.0,1024,0,detected; above; 12.0 dB on track,client_SARAL_pass2_detected_3to19,SARAL_pass2_detected,SARAL,external,12.01
client_SARAL_pass2_detected_3to19_34,15.270423665046692,0.0,0.0,29.705824243334902,1.0,13.508562088012695,-6.551523367038236,189140.625,1.07,1,0,SARAL_pass2_detected\3to19\spectrogram34_465988000.txt,240000.0,1024,0,detected; above; 12.1 dB on track,client_SARAL_pass2_detected_3to19,SARAL_pass2_detected,SARAL,external,12.14
client_SARAL_pass2_detected_3to19_35,15.095765352249146,0.0,0.0,0.0,1.0,13.353426933288574,-6.581084275531947,188554.6875,1.07,1,0,SARAL_pass2_detected\3to19\spectrogram35_465988000.txt,240000.0,1024,0,detected; above; 12.0 dB on track,client_SARAL_pass2_detected_3to19,SARAL_pass2_detected,SARAL,external,11.96
client_SARAL_pass2_detected_3to19_36,15.139351297378541,468.75,438.0841121495327,29.646113983478198,1.0,13.188172340393066,-6.567378035845755,188671.875,1.07,1,0,SARAL_pass2_detected\3to19\spectrogram36_465988000.txt,240000.0,1024,0,detected; above; 11.9 dB on track,client_SARAL_pass2_detected_3to19,SARAL_pass2_detected,SARAL,external,11.88
client_SARAL_pass2_detected_3to19_37,13.50361506843567,71953.125,67245.91121495327,4847.115143171339,1.0,12.252206802368164,-6.57381795444349,190781.25,1.07,1,0,SARAL_pass2_detected\3to19\spectrogram37_465988000.txt,240000.0,1024,0,detected; above; 10.1 dB on track,client_SARAL_pass2_detected_3to19,SARAL_pass2_detected,SARAL,external,10.1
client_SARAL_pass2_detected_3to19_38,12.76866249370575,61640.625,57608.06074766355,4550.696018694661,1.0,11.859575271606445,-6.600297515285799,191015.625,1.07,1,0,SARAL_pass2_detected\3to19\spectrogram38_465988000.txt,240000.0,1024,0,detected; above; 9.1 dB on track,client_SARAL_pass2_detected_3to19,SARAL_pass2_detected,SARAL,external,9.08
client_SARAL_pass2_detected_3to19_39,12.319024536132812,937.5,876.1682242990654,7402.8609048261815,1.0,11.293390274047852,-6.578999513500599,190781.25,1.07,1,0,SARAL_pass2_detected\3to19\spectrogram39_465988000.txt,240000.0,1024,0,detected; above; 8.2 dB on track,client_SARAL_pass2_detected_3to19,SARAL_pass2_detected,SARAL,external,8.18
client_SARAL_pass2_detected_3to19_40,11.653397210121154,17578.125,16428.154205607476,13668.911654205072,1.0,9.463602066040039,-6.589248087063206,190546.875,1.07,1,0,SARAL_pass2_detected\3to19\spectrogram40_465988000.txt,240000.0,1024,0,detected; above; 6.4 dB on track,client_SARAL_pass2_detected_3to19,SARAL_pass2_detected,SARAL,external,6.42
client_SARAL_pass2_detected_3to19_42,14.02149202799797,83437.5,77978.97196261682,9745.310422791246,1.0,32.6229133605957,-6.4704636242725675,190195.3125,1.07,1,0,SARAL_pass2_detected\3to19\spectrogram42_465988000.txt,240000.0,1024,0,detected; above; 6.3 dB on track,client_SARAL_pass2_detected_3to19,SARAL_pass2_detected,SARAL,external,6.27
client_SARAL_pass2_detected_3to19_43,12.27424577331543,2812.5,2628.504672897196,12349.420906737649,1.0,31.738367080688477,-6.60134618913435,190078.125,1.07,1,0,SARAL_pass2_detected\3to19\spectrogram43_465988000.txt,240000.0,1024,0,detected; above; 6.9 dB on track,client_SARAL_pass2_detected_3to19,SARAL_pass2_detected,SARAL,external,6.87
client_SARAL_pass2_detected_3to19_45,12.142001554489136,54843.75,51255.84112149532,17904.396057759426,1.0,10.523969650268555,-6.554434337523111,190078.125,1.07,1,0,SARAL_pass2_detected\3to19\spectrogram45_465988000.txt,240000.0,1024,0,detected; above; 7.4 dB on track,client_SARAL_pass2_detected_3to19,SARAL_pass2_detected,SARAL,external,7.45
client_SARAL_pass2_detected_3to19_46,11.982612895011902,28125.0,26285.04672897196,13115.989073065395,1.0,10.588815689086914,-6.592273657055561,191953.125,1.07,1,0,SARAL_pass2_detected\3to19\spectrogram46_465988000.txt,240000.0,1024,0,detected; above; 6.8 dB on track,client_SARAL_pass2_detected_3to19,SARAL_pass2_detected,SARAL,external,6.8
client_SARAL_pass2_detected_3to19_48,12.026893010139466,2578.125,2409.46261682243,9622.950781401321,1.0,10.373615264892578,-6.5209473894979535,191015.625,1.07,1,0,SARAL_pass2_detected\3to19\spectrogram48_465988000.txt,240000.0,1024,0,detected; above; 6.8 dB on track,client_SARAL_pass2_detected_3to19,SARAL_pass2_detected,SARAL,external,6.85
client_SARAL_pass2_detected_3to19_49,12.953533020019531,4921.875,4599.883177570093,9916.265426488615,1.0,12.437628746032715,-6.567347625726658,189960.9375,1.07,1,0,SARAL_pass2_detected\3to19\spectrogram49_465988000.txt,240000.0,1024,0,detected; above; 8.0 dB on track,client_SARAL_pass2_detected_3to19,SARAL_pass2_detected,SARAL,external,7.98
client_SARAL_pass2_detected_3to19_50,15.2942012424469,0.0,0.0,91.55949946767448,1.0,13.42369556427002,-6.633626950498261,190781.25,1.07,1,0,SARAL_pass2_detected\3to19\spectrogram50_465988000.txt,240000.0,1024,0,detected; above; 10.9 dB on track,client_SARAL_pass2_detected_3to19,SARAL_pass2_detected,SARAL,external,10.92
client_SARAL_pass2_detected_3to19_51,15.068521445274353,234.375,219.04205607476635,101.82208478175664,1.0,13.295360565185547,-6.576036210550476,189843.75,1.07,1,0,SARAL_pass2_detected\3to19\spectrogram51_465988000.txt,240000.0,1024,0,detected; above; 10.2 dB on track,client_SARAL_pass2_detected_3to19,SARAL_pass2_detected,SARAL,external,10.22
client_SARAL_pass2_detected_3to19_52,15.950575019836426,234.375,219.04205607476635,108.12673554799986,1.0,14.268097877502441,-6.605038759455606,190546.875,1.07,1,0,SARAL_pass2_detected\3to19\spectrogram52_465988000.txt,240000.0,1024,0,detected; above; 11.1 dB on track,client_SARAL_pass2_detected_3to19,SARAL_pass2_detected,SARAL,external,11.1
client_SARAL_pass2_detected_3to19_53,15.296442295074463,468.75,438.0841121495327,109.12993172828514,1.0,13.413448333740234,-6.615863311043259,189843.75,1.07,1,0,SARAL_pass2_detected\3to19\spectrogram53_465988000.txt,240000.0,1024,0,detected; above; 10.3 dB on track,client_SARAL_pass2_detected_3to19,SARAL_pass2_detected,SARAL,external,10.33
client_SARAL_pass2_detected_3to19_54,16.021591017723082,468.75,438.0841121495327,107.08932720879437,1.0,13.768354415893555,-6.589117505927853,189843.75,1.07,1,0,SARAL_pass2_detected\3to19\spectrogram54_465988000.txt,240000.0,1024,0,detected; above; 11.2 dB on track,client_SARAL_pass2_detected_3to19,SARAL_pass2_detected,SARAL,external,11.24
client_SARAL_pass2_detected_3to19_55,14.774130577087403,234.375,219.04205607476635,110.14812271325847,1.0,12.925971031188965,-6.5669232637301995,189023.4375,1.07,1,0,SARAL_pass2_detected\3to19\spectrogram55_465988000.txt,240000.0,1024,0,detected; above; 10.4 dB on track,client_SARAL_pass2_detected_3to19,SARAL_pass2_detected,SARAL,external,10.36
client_SARAL_pass2_detected_3to19_56,16.850319358825683,703.125,657.126168224299,3154.2411526800865,1.0,30.286846160888672,-6.47680367668203,188789.0625,1.07,1,0,SARAL_pass2_detected\3to19\spectrogram56_465988000.txt,240000.0,1024,0,detected; above; 8.4 dB on track,client_SARAL_pass2_detected_3to19,SARAL_pass2_detected,SARAL,external,8.38
client_SARAL_pass2_detected_3to19_57,12.534504124641419,13125.0,12266.355140186915,8896.08107869458,1.0,10.89848804473877,-6.611478874411712,191132.8125,1.07,1,0,SARAL_pass2_detected\3to19\spectrogram57_465988000.txt,240000.0,1024,0,detected; above; 7.9 dB on track,client_SARAL_pass2_detected_3to19,SARAL_pass2_detected,SARAL,external,7.86
client_SARAL_pass2_detected_3to19_60,11.877453037261963,16406.25,15332.943925233643,13730.393171042304,1.0,9.831034660339355,-6.602896834024908,190546.875,1.07,1,0,SARAL_pass2_detected\3to19\spectrogram60_465988000.txt,240000.0,1024,0,detected; above; 6.1 dB on track,client_SARAL_pass2_detected_3to19,SARAL_pass2_detected,SARAL,external,6.09
client_SARAL_pass2_detected_3to19_61,12.800861368179321,73125.0,68341.1214953271,8116.149010399789,1.0,11.464866638183594,-6.582469215765326,191367.1875,1.07,1,0,SARAL_pass2_detected\3to19\spectrogram61_465988000.txt,240000.0,1024,0,detected; above; 8.9 dB on track,client_SARAL_pass2_detected_3to19,SARAL_pass2_detected,SARAL,external,8.86
client_SARAL_pass2_detected_3to19_62,13.906114461898804,0.0,0.0,78.59422343805761,1.0,12.292576789855957,-6.611871648685374,191835.9375,1.07,1,0,SARAL_pass2_detected\3to19\spectrogram62_465988000.txt,240000.0,1024,0,detected; above; 10.5 dB on track,client_SARAL_pass2_detected_3to19,SARAL_pass2_detected,SARAL,external,10.47
client_SARAL_pass2_detected_3to19_63,13.646140991210938,74531.25,69655.3738317757,4643.759578551491,1.0,12.344910621643066,-6.692468833540755,191484.375,1.07,1,0,SARAL_pass2_detected\3to19\spectrogram63_465988000.txt,240000.0,1024,0,detected; above; 10.1 dB on track,client_SARAL_pass2_detected_3to19,SARAL_pass2_detected,SARAL,external,10.15
client_SARAL_pass2_detected_3to19_64,13.211404710769653,71718.75,67026.8691588785,4536.730815436927,1.0,11.47192668914795,-6.660046161163713,191132.8125,1.07,1,0,SARAL_pass2_detected\3to19\spectrogram64_465988000.txt,240000.0,1024,0,detected; above; 9.7 dB on track,client_SARAL_pass2_detected_3to19,SARAL_pass2_detected,SARAL,external,9.72
client_SARAL_pass2_detected_3to19_65,12.375062301635742,0.0,0.0,9484.581703896676,1.0,11.30240249633789,-6.690919492924785,191250.0,1.07,1,0,SARAL_pass2_detected\3to19\spectrogram65_465988000.txt,240000.0,1024,0,detected; above; 8.4 dB on track,client_SARAL_pass2_detected_3to19,SARAL_pass2_detected,SARAL,external,8.44
client_SARAL_pass2_detected_3to19_66,12.068404693603515,3515.625,3285.630841121495,12196.801366094707,1.0,9.980783462524414,-6.72348878278094,191015.625,1.07,1,0,SARAL_pass2_detected\3to19\spectrogram66_465988000.txt,240000.0,1024,0,detected; above; 7.8 dB on track,client_SARAL_pass2_detected_3to19,SARAL_pass2_detected,SARAL,external,7.82
client_SARAL_pass2_detected_3to19_67,12.002845615386963,9609.375,8980.72429906542,10409.3617407146,1.0,10.497047424316406,-6.676050060532029,190312.5,1.07,1,0,SARAL_pass2_detected\3to19\spectrogram67_465988000.txt,240000.0,1024,0,detected; above; 7.5 dB on track,client_SARAL_pass2_detected_3to19,SARAL_pass2_detected,SARAL,external,7.54
client_SARAL_pass2_detected_3to19_70,11.951314270019532,30937.5,28913.551401869157,9811.942390609902,1.0,11.096684455871582,-6.568968410421137,189140.625,1.07,1,0,SARAL_pass2_detected\3to19\spectrogram70_465988000.txt,240000.0,1024,0,detected; above; 6.8 dB on track,client_SARAL_pass2_detected_3to19,SARAL_pass2_detected,SARAL,external,6.78
client_SARAL_pass2_detected_3to19_72,11.922253301620483,26484.375,24751.752336448597,12808.927161685473,1.0,9.836933135986328,-6.608531686372865,190312.5,1.07,1,0,SARAL_pass2_detected\3to19\spectrogram72_465988000.txt,240000.0,1024,0,detected; above; 7.3 dB on track,client_SARAL_pass2_detected_3to19,SARAL_pass2_detected,SARAL,external,7.29
client_SARAL_pass2_detected_3to19_73,11.738036473274231,60234.375,56293.80841121495,15179.310986679953,1.0,9.848827362060547,-6.626536191291593,190664.0625,1.07,1,0,SARAL_pass2_detected\3to19\spectrogram73_465988000.txt,240000.0,1024,0,detected; above; 6.6 dB on track,client_SARAL_pass2_detected_3to19,SARAL_pass2_detected,SARAL,external,6.64
client_SARAL_pass2_detected_3to19_74,11.738569621086121,41718.75,38989.48598130841,14123.883622446538,1.0,9.008556365966797,-6.570324522428201,189843.75,1.07,1,0,SARAL_pass2_detected\3to19\spectrogram74_465988000.txt,240000.0,1024,0,detected; above; 6.7 dB on track,client_SARAL_pass2_detected_3to19,SARAL_pass2_detected,SARAL,external,6.66
client_SARAL_pass2_detected_3to19_75,11.769568641662598,69140.625,64617.40654205607,16628.122039693917,1.0,9.601377487182617,-6.669192603250278,191015.625,1.07,1,0,SARAL_pass2_detected\3to19\spectrogram75_465988000.txt,240000.0,1024,0,detected; above; 6.2 dB on track,client_SARAL_pass2_detected_3to19,SARAL_pass2_detected,SARAL,external,6.19
client_SARAL_pass2_detected_3to19_81,11.701144783973694,34921.875,32637.266355140186,15530.60605830349,1.0,9.466699600219727,-6.749413037258947,191015.625,1.07,1,0,SARAL_pass2_detected\3to19\spectrogram81_465988000.txt,240000.0,1024,0,detected; above; 6.2 dB on track,client_SARAL_pass2_detected_3to19,SARAL_pass2_detected,SARAL,external,6.23
client_SARAL_pass2_detected_3to19_82,12.533407461166382,88828.125,83016.93925233644,6613.635496665797,1.0,10.273159980773926,-6.7406311570638335,190546.875,1.07,1,0,SARAL_pass2_detected\3to19\spectrogram82_465988000.txt,240000.0,1024,0,detected; above; 8.2 dB on track,client_SARAL_pass2_detected_3to19,SARAL_pass2_detected,SARAL,external,8.23
client_SARAL_pass2_detected_3to19_83,13.366509833335876,0.0,0.0,142.46412833217275,1.0,11.845572471618652,-6.71055868539008,189023.4375,1.07,1,0,SARAL_pass2_detected\3to19\spectrogram83_465988000.txt,240000.0,1024,0,detected; above; 9.0 dB on track,client_SARAL_pass2_detected_3to19,SARAL_pass2_detected,SARAL,external,9.02
client_SARAL_pass2_detected_3to19_84,13.920040038108827,44531.25,41617.990654205605,2759.166605866377,1.0,11.785767555236816,-6.715896464781363,190546.875,1.07,1,0,SARAL_pass2_detected\3to19\spectrogram84_465988000.txt,240000.0,1024,0,detected; above; 9.4 dB on track,client_SARAL_pass2_detected_3to19,SARAL_pass2_detected,SARAL,external,9.38
client_SARAL_pass2_detected_3to19_85,14.156761736869813,234.375,219.04205607476635,108.12673554799986,1.0,12.557385444641113,-6.729869967112502,191015.625,1.07,1,0,SARAL_pass2_detected\3to19\spectrogram85_465988000.txt,240000.0,1024,0,detected; above; 9.6 dB on track,client_SARAL_pass2_detected_3to19,SARAL_pass2_detected,SARAL,external,9.64
client_SARAL_pass2_detected_3to19_86,13.14944771194458,60468.75,56512.85046728972,2708.475449869756,1.0,11.086182594299316,-6.717698338937473,190781.25,1.07,1,0,SARAL_pass2_detected\3to19\spectrogram86_465988000.txt,240000.0,1024,0,detected; above; 7.8 dB on track,client_SARAL_pass2_detected_3to19,SARAL_pass2_detected,SARAL,external,7.82
client_SARAL_pass2_detected_3to19_87,13.069029353141785,78515.625,73379.08878504673,4486.766975572265,1.0,11.390105247497559,-6.718946878551956,188085.9375,1.07,1,0,SARAL_pass2_detected\3to19\spectrogram87_465988000.txt,240000.0,1024,0,detected; above; 8.2 dB on track,client_SARAL_pass2_detected_3to19,SARAL_pass2_detected,SARAL,external,8.17
client_SARAL_pass2_detected_3to19_88,12.528096850395203,468.75,438.0841121495327,7824.397716638872,1.0,10.34956169128418,-6.734554694123817,191367.1875,1.07,1,0,SARAL_pass2_detected\3to19\spectrogram88_465988000.txt,240000.0,1024,0,detected; above; 7.6 dB on track,client_SARAL_pass2_detected_3to19,SARAL_pass2_detected,SARAL,external,7.62
client_SARAL_pass2_detected_3to19_89,12.226397688865662,49687.5,46436.91588785047,11430.254419678553,1.0,10.394118309020996,-6.746606197076987,190312.5,1.07,1,0,SARAL_pass2_detected\3to19\spectrogram89_465988000.txt,240000.0,1024,0,detected; above; 7.3 dB on track,client_SARAL_pass2_detected_3to19,SARAL_pass2_detected,SARAL,external,7.34
client_SARAL_pass2_detected_3to19_90,12.018395351409913,49453.125,46217.8738317757,13386.933904131634,1.0,10.544795989990234,-6.764575272838295,191367.1875,1.07,1,0,SARAL_pass2_detected\3to19\spectrogram90_465988000.txt,240000.0,1024,0,detected; above; 6.9 dB on track,client_SARAL_pass2_detected_3to19,SARAL_pass2_detected,SARAL,external,6.87
client_SARAL_pass2_detected_3to19_95,11.764553813934326,10781.25,10075.934579439252,12817.310184082373,1.0,9.672690391540527,-6.686892787081761,190078.125,1.07,1,0,SARAL_pass2_detected\3to19\spectrogram95_465988000.txt,240000.0,1024,0,detected; above; 6.3 dB on track,client_SARAL_pass2_detected_3to19,SARAL_pass2_detected,SARAL,external,6.28
client_SARAL_pass2_detected_3to19_96,12.042904769897461,82968.75,77540.88785046729,10677.443578501938,1.0,10.178509712219238,-6.697460967444163,192187.5,1.07,1,0,SARAL_pass2_detected\3to19\spectrogram96_465988000.txt,240000.0,1024,0,detected; above; 7.6 dB on track,client_SARAL_pass2_detected_3to19,SARAL_pass2_detected,SARAL,external,7.61
client_SARAL_pass2_detected_3to19_97,13.17816408252716,57187.5,53446.261682242985,4101.526183100663,1.0,11.151810646057129,-6.681573573617032,191484.375,1.07,1,0,SARAL_pass2_detected\3to19\spectrogram97_465988000.txt,240000.0,1024,0,detected; above; 9.7 dB on track,client_SARAL_pass2_detected_3to19,SARAL_pass2_detected,SARAL,external,9.73
client_SARAL_pass2_detected_3to19_98,12.58178326702118,0.0,0.0,8912.217602806502,1.0,11.223347663879395,-6.697371532920397,191835.9375,1.07,1,0,SARAL_pass2_detected\3to19\spectrogram98_465988000.txt,240000.0,1024,0,detected; above; 9.0 dB on track,client_SARAL_pass2_detected_3to19,SARAL_pass2_detected,SARAL,external,8.99
client_SARAL_pass2_detected_3to19_99,12.91296595811844,8203.125,7666.471962616822,8406.723072823168,1.0,11.024497985839844,-6.643762509485216,191484.375,1.07,1,0,SARAL_pass2_detected\3to19\spectrogram99_465988000.txt,240000.0,1024,0,detected; above; 9.5 dB on track,client_SARAL_pass2_detected_3to19,SARAL_pass2_detected,SARAL,external,9.48
client_SARAL_pass2_detected_21to62_0,12.287704102516175,30468.75,28475.467289719625,13479.000389385892,1.0,10.78617000579834,-6.674085251656594,190781.25,1.07,1,0,SARAL_pass2_detected\21to62\spectrogram0_465988000.txt,240000.0,1024,0,detected; above; 8.2 dB on track,client_SARAL_pass2_detected_21to62,SARAL_pass2_detected,SARAL,external,8.18
client_SARAL_pass2_detected_21to62_1,12.394132860183715,5390.625,5037.967289719626,11710.811274689397,1.0,10.654417037963867,-6.646177214925593,191367.1875,1.07,1,0,SARAL_pass2_detected\21to62\spectrogram1_465988000.txt,240000.0,1024,0,detected; above; 8.1 dB on track,client_SARAL_pass2_detected_21to62,SARAL_pass2_detected,SARAL,external,8.08
client_SARAL_pass2_detected_21to62_2,12.317302760124207,41484.375,38770.443925233645,6918.86177628224,1.0,9.936059951782227,-6.681980362195044,192187.5,1.07,1,0,SARAL_pass2_detected\21to62\spectrogram2_465988000.txt,240000.0,1024,0,detected; above; 8.4 dB on track,client_SARAL_pass2_detected_21to62,SARAL_pass2_detected,SARAL,external,8.4
client_SARAL_pass2_detected_21to62_3,13.203689658164977,234.375,219.04205607476635,71.22584492617702,1.0,11.865097999572754,-6.657072503070687,189140.625,1.07,1,0,SARAL_pass2_detected\21to62\spectrogram3_465988000.txt,240000.0,1024,0,detected; above; 9.5 dB on track,client_SARAL_pass2_detected_21to62,SARAL_pass2_detected,SARAL,external,9.48
client_SARAL_pass2_detected_21to62_4,14.03926425933838,0.0,0.0,42.0103795263957,1.0,11.521349906921387,-6.630621730979913,190312.5,1.07,1,0,SARAL_pass2_detected\21to62\spectrogram4_465988000.txt,240000.0,1024,0,detected; above; 10.2 dB on track,client_SARAL_pass2_detected_21to62,SARAL_pass2_detected,SARAL,external,10.24
client_SARAL_pass2_detected_21to62_5,13.760416278839111,234.375,219.04205607476635,77.17225524386157,1.0,12.50726318359375,-6.626283430524696,190546.875,1.07,1,0,SARAL_pass2_detected\21to62\spectrogram5_465988000.txt,240000.0,1024,0,detected; above; 9.5 dB on track,client_SARAL_pass2_detected_21to62,SARAL_pass2_detected,SARAL,external,9.5
client_SARAL_pass2_detected_21to62_6,14.407365418434143,468.75,438.0841121495327,111.13307336705905,1.0,12.435860633850098,-6.597160782157095,189726.5625,1.07,1,0,SARAL_pass2_detected\21to62\spectrogram6_465988000.txt,240000.0,1024,0,detected; above; 9.3 dB on track,client_SARAL_pass2_detected_21to62,SARAL_pass2_detected,SARAL,external,9.3
client_SARAL_pass2_detected_21to62_7,15.077519557952881,234.375,219.04205607476635,97.3925097496072,1.0,13.733169555664062,-6.574627360794324,189843.75,1.07,1,0,SARAL_pass2_detected\21to62\spectrogram7_465988000.txt,240000.0,1024,0,detected; above; 10.6 dB on track,client_SARAL_pass2_detected_21to62,SARAL_pass2_detected,SARAL,external,10.6
client_SARAL_pass2_detected_21to62_8,16.650852349281312,0.0,0.0,89.1174727300047,1.0,14.763932228088379,-6.607674009081286,191718.75,1.07,1,0,SARAL_pass2_detected\21to62\spectrogram8_465988000.txt,240000.0,1024,0,detected; above; 12.8 dB on track,client_SARAL_pass2_detected_21to62,SARAL_pass2_detected,SARAL,external,12.83
client_SARAL_pass2_detected_21to62_9,15.982803666114807,0.0,0.0,21.00518976319785,1.0,13.897658348083496,-6.610642998514505,191367.1875,1.07,1,0,SARAL_pass2_detected\21to62\spectrogram9_465988000.txt,240000.0,1024,0,detected; above; 12.7 dB on track,client_SARAL_pass2_detected_21to62,SARAL_pass2_detected,SARAL,external,12.71
client_SARAL_pass2_detected_21to62_10,18.003648255348207,0.0,0.0,0.0,1.0,15.885078430175781,-6.624419524464739,190898.4375,1.07,1,0,SARAL_pass2_detected\21to62\spectrogram10_465988000.txt,240000.0,1024,0,detected; above; 14.8 dB on track,client_SARAL_pass2_detected_21to62,SARAL_pass2_detected,SARAL,external,14.78
client_SARAL_pass2_detected_21to62_11,18.308659193992614,0.0,0.0,0.0,1.0,16.05960464477539,-6.589715722383823,191484.375,1.07,1,0,SARAL_pass2_detected\21to62\spectrogram11_465988000.txt,240000.0,1024,0,detected; above; 15.1 dB on track,client_SARAL_pass2_detected_21to62,SARAL_pass2_detected,SARAL,external,15.1
client_SARAL_pass2_detected_21to62_12,18.412558569908143,0.0,0.0,0.0,1.0,15.504057884216309,-6.590892715506134,190078.125,1.07,1,0,SARAL_pass2_detected\21to62\spectrogram12_465988000.txt,240000.0,1024,0,detected; above; 15.2 dB on track,client_SARAL_pass2_detected_21to62,SARAL_pass2_detected,SARAL,external,15.22
client_SARAL_pass2_detected_21to62_13,18.88227132987976,0.0,0.0,0.0,1.0,15.794553756713867,-6.521832199991855,189023.4375,1.07,1,0,SARAL_pass2_detected\21to62\spectrogram13_465988000.txt,240000.0,1024,0,detected; above; 15.7 dB on track,client_SARAL_pass2_detected_21to62,SARAL_pass2_detected,SARAL,external,15.69
client_SARAL_pass2_detected_21to62_14,19.277407342910767,468.75,438.0841121495327,29.646113983478216,1.0,16.284013748168945,-6.556865298073287,189140.625,1.07,1,0,SARAL_pass2_detected\21to62\spectrogram14_465988000.txt,240000.0,1024,0,detected; above; 16.0 dB on track,client_SARAL_pass2_detected_21to62,SARAL_pass2_detected,SARAL,external,16.02
client_SARAL_pass2_detected_21to62_15,19.702701043128968,0.0,0.0,21.00518976319785,1.0,16.7476749420166,-6.582362101178773,190312.5,1.07,1,0,SARAL_pass2_detected\21to62\spectrogram15_465988000.txt,240000.0,1024,0,detected; above; 16.4 dB on track,client_SARAL_pass2_detected_21to62,SARAL_pass2_detected,SARAL,external,16.42
client_SARAL_pass2_detected_21to62_16,18.865351932525634,234.375,219.04205607476635,61.23289144311218,1.0,16.30124282836914,-6.548263584027722,191132.8125,1.07,1,0,SARAL_pass2_detected\21to62\spectrogram16_465988000.txt,240000.0,1024,0,detected; above; 15.2 dB on track,client_SARAL_pass2_detected_21to62,SARAL_pass2_detected,SARAL,external,15.19
client_SARAL_pass2_detected_21to62_17,18.17031854915619,234.375,219.04205607476635,108.12673554799984,1.0,15.78737735748291,-6.572713274216097,190429.6875,1.07,1,0,SARAL_pass2_detected\21to62\spectrogram17_465988000.txt,240000.0,1024,0,detected; above; 13.4 dB on track,client_SARAL_pass2_detected_21to62,SARAL_pass2_detected,SARAL,external,13.42
client_SARAL_pass2_detected_21to62_18,18.032462649345398,703.125,657.126168224299,114.05243132841098,1.0,16.078575134277344,-6.578858653793699,189492.1875,1.07,1,0,SARAL_pass2_detected\21to62\spectrogram18_465988000.txt,240000.0,1024,0,detected; above; 13.8 dB on track,client_SARAL_pass2_detected_21to62,SARAL_pass2_detected,SARAL,external,13.76
client_SARAL_pass2_detected_21to62_19,18.30491704940796,0.0,0.0,42.0103795263957,1.0,16.283231735229492,-6.5372622897347705,190312.5,1.07,1,0,SARAL_pass2_detected\21to62\spectrogram19_465988000.txt,240000.0,1024,0,detected; above; 14.7 dB on track,client_SARAL_pass2_detected_21to62,SARAL_pass2_detected,SARAL,external,14.68
client_SARAL_pass2_detected_21to62_20,18.552198425292968,0.0,0.0,21.00518976319785,1.0,16.43610382080078,-6.568518307616283,191484.375,1.07,1,0,SARAL_pass2_detected\21to62\spectrogram20_465988000.txt,240000.0,1024,0,detected; above; 15.2 dB on track,client_SARAL_pass2_detected_21to62,SARAL_pass2_detected,SARAL,external,15.23
client_SARAL_pass2_detected_21to62_21,18.856757393836975,0.0,0.0,0.0,1.0,16.79851722717285,-6.5691524838508135,191250.0,1.07,1,0,SARAL_pass2_detected\21to62\spectrogram21_465988000.txt,240000.0,1024,0,detected; above; 15.7 dB on track,client_SARAL_pass2_detected_21to62,SARAL_pass2_detected,SARAL,external,15.68
client_SARAL_pass2_detected_21to62_22,18.59311184692383,0.0,0.0,0.0,1.0,15.298280715942383,-6.601368464543524,189140.625,1.07,1,0,SARAL_pass2_detected\21to62\spectrogram22_465988000.txt,240000.0,1024,0,detected; above; 15.3 dB on track,client_SARAL_pass2_detected_21to62,SARAL_pass2_detected,SARAL,external,15.35
client_SARAL_pass2_detected_21to62_23,18.702110507011415,0.0,0.0,0.0,1.0,15.944329261779785,-6.596734013957622,191718.75,1.07,1,0,SARAL_pass2_detected\21to62\spectrogram23_465988000.txt,240000.0,1024,0,detected; above; 15.5 dB on track,client_SARAL_pass2_detected_21to62,SARAL_pass2_detected,SARAL,external,15.48
client_SARAL_pass2_detected_21to62_24,18.015956104278565,468.75,438.0841121495327,29.646113983478216,1.0,16.34718894958496,-6.559043517997668,190664.0625,1.07,1,0,SARAL_pass2_detected\21to62\spectrogram24_465988000.txt,240000.0,1024,0,detected; above; 14.9 dB on track,client_SARAL_pass2_detected_21to62,SARAL_pass2_detected,SARAL,external,14.9
client_SARAL_pass2_detected_21to62_25,17.6445210647583,468.75,438.0841121495327,66.3975605743539,1.0,14.986050605773926,-6.5647595679716515,188554.6875,1.07,1,0,SARAL_pass2_detected\21to62\spectrogram25_465988000.txt,240000.0,1024,0,detected; above; 14.0 dB on track,client_SARAL_pass2_detected_21to62,SARAL_pass2_detected,SARAL,external,14.03
client_SARAL_pass2_detected_21to62_26,18.107358793258665,0.0,0.0,102.9039937403347,1.0,16.87651252746582,-6.563442066576254,190195.3125,1.07,1,0,SARAL_pass2_detected\21to62\spectrogram26_465988000.txt,240000.0,1024,0,detected; above; 13.7 dB on track,client_SARAL_pass2_detected_21to62,SARAL_pass2_detected,SARAL,external,13.69
client_SARAL_pass2_detected_21to62_27,17.54128150844574,234.375,219.04205607476635,92.75163050508294,1.0,15.524685859680176,-6.5556345524296615,189960.9375,1.07,1,0,SARAL_pass2_detected\21to62\spectrogram27_465988000.txt,240000.0,1024,0,detected; above; 13.2 dB on track,client_SARAL_pass2_detected_21to62,SARAL_pass2_detected,SARAL,external,13.2
client_SARAL_pass2_detected_21to62_28,18.06644779396057,468.75,438.0841121495327,72.73975559624118,1.0,15.58148193359375,-6.5864244706595425,191250.0,1.07,1,0,SARAL_pass2_detected\21to62\spectrogram28_465988000.txt,240000.0,1024,0,detected; above; 14.5 dB on track,client_SARAL_pass2_detected_21to62,SARAL_pass2_detected,SARAL,external,14.52
client_SARAL_pass2_detected_21to62_29,19.462071823120116,0.0,0.0,0.0,1.0,16.79296112060547,-6.551892201246617,189257.8125,1.07,1,0,SARAL_pass2_detected\21to62\spectrogram29_465988000.txt,240000.0,1024,0,detected; above; 16.2 dB on track,client_SARAL_pass2_detected_21to62,SARAL_pass2_detected,SARAL,external,16.18
client_SARAL_pass2_detected_21to62_30,19.055733198165893,0.0,0.0,0.0,1.0,15.886201858520508,-6.569573340024761,190664.0625,1.07,1,0,SARAL_pass2_detected\21to62\spectrogram30_465988000.txt,240000.0,1024,0,detected; above; 15.9 dB on track,client_SARAL_pass2_detected_21to62,SARAL_pass2_detected,SARAL,external,15.89
client_SARAL_pass2_detected_21to62_31,17.97102423095703,0.0,0.0,0.0,1.0,14.987589836120605,-6.609082584907092,190898.4375,1.07,1,0,SARAL_pass2_detected\21to62\spectrogram31_465988000.txt,240000.0,1024,0,detected; above; 14.9 dB on track,client_SARAL_pass2_detected_21to62,SARAL_pass2_detected,SARAL,external,14.87
client_SARAL_pass2_detected_21to62_32,17.100899725914,0.0,0.0,21.00518976319785,1.0,14.719415664672852,-6.573174881171916,190781.25,1.07,1,0,SARAL_pass2_detected\21to62\spectrogram32_465988000.txt,240000.0,1024,0,detected; above; 13.8 dB on track,client_SARAL_pass2_detected_21to62,SARAL_pass2_detected,SARAL,external,13.85
client_SARAL_pass2_detected_21to62_33,17.073270303726197,468.75,438.0841121495327,66.3975605743539,1.0,14.446174621582031,-6.572560817542771,190429.6875,1.07,1,0,SARAL_pass2_detected\21to62\spectrogram33_465988000.txt,240000.0,1024,0,detected; above; 13.1 dB on track,client_SARAL_pass2_detected_21to62,SARAL_pass2_detected,SARAL,external,13.13
client_SARAL_pass2_detected_21to62_34,17.53978365421295,0.0,0.0,102.9039937403347,1.0,15.213735580444336,-6.575352686566999,190898.4375,1.07,1,0,SARAL_pass2_detected\21to62\spectrogram34_465988000.txt,240000.0,1024,0,detected; above; 12.2 dB on track,client_SARAL_pass2_detected_21to62,SARAL_pass2_detected,SARAL,external,12.19
client_SARAL_pass2_detected_21to62_35,19.805422678947448,234.375,219.04205607476635,77.17225524386157,1.0,17.774765014648438,-6.545964507024488,190078.125,1.07,1,0,SARAL_pass2_detected\21to62\spectrogram35_465988000.txt,240000.0,1024,0,detected; above; 15.8 dB on track,client_SARAL_pass2_detected_21to62,SARAL_pass2_detected,SARAL,external,15.85
client_SARAL_pass2_detected_21to62_36,20.68751578426361,234.375,219.04205607476635,25.708773124524974,1.0,17.23255157470703,-6.517343176703356,188203.125,1.07,1,0,SARAL_pass2_detected\21to62\spectrogram36_465988000.txt,240000.0,1024,0,detected; above; 17.5 dB on track,client_SARAL_pass2_detected_21to62,SARAL_pass2_detected,SARAL,external,17.5
client_SARAL_pass2_detected_21to62_37,19.086144969940186,0.0,0.0,0.0,1.0,16.063617706298828,-6.60114075023685,191132.8125,1.07,1,0,SARAL_pass2_detected\21to62\spectrogram37_465988000.txt,240000.0,1024,0,detected; above; 15.9 dB on track,client_SARAL_pass2_detected_21to62,SARAL_pass2_detected,SARAL,external,15.87
client_SARAL_pass2_detected_21to62_38,16.91853874397278,0.0,0.0,0.0,1.0,14.772750854492188,-6.589189887735629,189726.5625,1.07,1,0,SARAL_pass2_detected\21to62\spectrogram38_465988000.txt,240000.0,1024,0,detected; above; 13.8 dB on track,client_SARAL_pass2_detected_21to62,SARAL_pass2_detected,SARAL,external,13.78
client_SARAL_pass2_detected_21to62_39,13.30758646774292,468.75,438.0841121495327,1830.7070659176545,1.0,11.810785293579102,-6.631590968134786,190312.5,1.07,1,0,SARAL_pass2_detected\21to62\spectrogram39_465988000.txt,240000.0,1024,0,detected; above; 9.4 dB on track,client_SARAL_pass2_detected_21to62,SARAL_pass2_detected,SARAL,external,9.43
client_SARAL_pass2_detected_21to62_40,12.947479978561402,703.125,657.126168224299,7301.153838762244,1.0,11.287715911865234,-6.642512032759853,190078.125,1.07,1,0,SARAL_pass2_detected\21to62\spectrogram40_465988000.txt,240000.0,1024,0,detected; above; 8.0 dB on track,client_SARAL_pass2_detected_21to62,SARAL_pass2_detected,SARAL,external,8.05
client_SARAL_pass2_detected_21to62_41,13.529229080200196,468.75,438.0841121495327,4643.524520112018,1.0,12.865102767944336,-6.596083001837021,189843.75,1.07,1,0,SARAL_pass2_detected\21to62\spectrogram41_465988000.txt,240000.0,1024,0,detected; above; 9.1 dB on track,client_SARAL_pass2_detected_21to62,SARAL_pass2_detected,SARAL,external,9.11
client_SARAL_pass2_detected_21to62_42,14.532998462677002,234.375,219.04205607476635,33.19878028717696,1.0,12.817119598388672,-6.629037890460744,190429.6875,1.07,1,0,SARAL_pass2_detected\21to62\spectrogram42_465988000.txt,240000.0,1024,0,detected; above; 11.2 dB on track,client_SARAL_pass2_detected_21to62,SARAL_pass2_detected,SARAL,external,11.2
client_SARAL_pass2_detected_21to62_43,15.493147433280944,0.0,0.0,0.0,1.0,13.250988006591797,-6.63091923486546,191484.375,1.07,1,0,SARAL_pass2_detected\21to62\spectrogram43_465988000.txt,240000.0,1024,0,detected; above; 12.4 dB on track,client_SARAL_pass2_detected_21to62,SARAL_pass2_detected,SARAL,external,12.39
client_SARAL_pass2_detected_21to62_44,16.020776083946227,0.0,0.0,0.0,1.0,13.393088340759277,-6.57802217826392,191367.1875,1.07,1,0,SARAL_pass2_detected\21to62\spectrogram44_465988000.txt,240000.0,1024,0,detected; above; 12.9 dB on track,client_SARAL_pass2_detected_21to62,SARAL_pass2_detected,SARAL,external,12.85
client_SARAL_pass2_detected_21to62_45,15.724940070152282,0.0,0.0,36.38205589248435,1.0,14.465227127075195,-6.6001144756225605,191132.8125,1.07,1,0,SARAL_pass2_detected\21to62\spectrogram45_465988000.txt,240000.0,1024,0,detected; above; 12.2 dB on track,client_SARAL_pass2_detected_21to62,SARAL_pass2_detected,SARAL,external,12.24
client_SARAL_pass2_detected_21to62_46,16.806097690582277,234.375,219.04205607476635,95.10038358671002,1.0,15.327984809875488,-6.585994471788544,190195.3125,1.07,1,0,SARAL_pass2_detected\21to62\spectrogram46_465988000.txt,240000.0,1024,0,detected; above; 12.4 dB on track,client_SARAL_pass2_detected_21to62,SARAL_pass2_detected,SARAL,external,12.43
client_SARAL_pass2_detected_21to62_47,18.295261282920837,234.375,219.04205607476635,87.86597161231148,1.0,16.224895477294922,-6.576167505413665,189843.75,1.07,1,0,SARAL_pass2_detected\21to62\spectrogram47_465988000.txt,240000.0,1024,0,detected; above; 14.5 dB on track,client_SARAL_pass2_detected_21to62,SARAL_pass2_detected,SARAL,external,14.54
client_SARAL_pass2_detected_21to62_48,20.37570428085327,0.0,0.0,0.0,1.0,17.259185791015625,-6.552394439180406,188437.5,1.07,1,0,SARAL_pass2_detected\21to62\spectrogram48_465988000.txt,240000.0,1024,0,detected; above; 17.2 dB on track,client_SARAL_pass2_detected_21to62,SARAL_pass2_detected,SARAL,external,17.16
client_SARAL_pass2_detected_21to62_49,21.500248812675476,0.0,0.0,0.0,1.0,17.73675537109375,-6.562695503613171,190664.0625,1.07,1,0,SARAL_pass2_detected\21to62\spectrogram49_465988000.txt,240000.0,1024,0,detected; above; 18.1 dB on track,client_SARAL_pass2_detected_21to62,SARAL_pass2_detected,SARAL,external,18.12
client_SARAL_pass2_detected_21to62_50,21.224973887443543,0.0,0.0,21.00518976319785,1.0,18.376750946044922,-6.567362750801475,191484.375,1.07,1,0,SARAL_pass2_detected\21to62\spectrogram50_465988000.txt,240000.0,1024,0,detected; above; 17.9 dB on track,client_SARAL_pass2_detected_21to62,SARAL_pass2_detected,SARAL,external,17.91
client_SARAL_pass2_detected_21to62_51,20.670832973480223,468.75,438.0841121495327,78.57167452827261,1.0,17.904050827026367,-6.530005560779591,191015.625,1.07,1,0,SARAL_pass2_detected\21to62\spectrogram51_465988000.txt,240000.0,1024,0,detected; above; 16.8 dB on track,client_SARAL_pass2_detected_21to62,SARAL_pass2_detected,SARAL,external,16.79
client_SARAL_pass2_detected_21to62_52,19.83564269733429,234.375,219.04205607476635,95.10038358671001,1.0,17.326637268066406,-6.56463176229284,190546.875,1.07,1,0,SARAL_pass2_detected\21to62\spectrogram52_465988000.txt,240000.0,1024,0,detected; above; 15.5 dB on track,client_SARAL_pass2_detected_21to62,SARAL_pass2_detected,SARAL,external,15.52
client_SARAL_pass2_detected_21to62_53,19.175721081733705,0.0,0.0,21.00518976319785,1.0,16.72084617614746,-6.522566954051154,189609.375,1.07,1,0,SARAL_pass2_detected\21to62\spectrogram53_465988000.txt,240000.0,1024,0,detected; above; 15.9 dB on track,client_SARAL_pass2_detected_21to62,SARAL_pass2_detected,SARAL,external,15.88
client_SARAL_pass2_detected_21to62_54,21.232154299736024,0.0,0.0,0.0,1.0,17.951955795288086,-6.525370425087932,191015.625,1.07,1,0,SARAL_pass2_detected\21to62\spectrogram54_465988000.txt,240000.0,1024,0,detected; above; 18.0 dB on track,client_SARAL_pass2_detected_21to62,SARAL_pass2_detected,SARAL,external,18.04
client_SARAL_pass2_detected_21to62_55,22.21412161064148,0.0,0.0,0.0,1.0,19.91957664489746,-6.548831477464226,189960.9375,1.07,1,0,SARAL_pass2_detected\21to62\spectrogram55_465988000.txt,240000.0,1024,0,detected; above; 18.9 dB on track,client_SARAL_pass2_detected_21to62,SARAL_pass2_detected,SARAL,external,18.94
client_SARAL_pass2_detected_21to62_56,22.359594347000122,0.0,0.0,72.7641117849687,1.0,19.786483764648438,-6.514011815269415,189609.375,1.07,1,0,SARAL_pass2_detected\21to62\spectrogram56_465988000.txt,240000.0,1024,0,detected; above; 18.4 dB on track,client_SARAL_pass2_detected_21to62,SARAL_pass2_detected,SARAL,external,18.42
client_SARAL_pass2_detected_21to62_57,22.305140548706056,0.0,0.0,84.0207590527914,1.0,19.719497680664062,-6.505579166733525,190078.125,1.07,1,0,SARAL_pass2_detected\21to62\spectrogram57_465988000.txt,240000.0,1024,0,detected; above; 18.0 dB on track,client_SARAL_pass2_detected_21to62,SARAL_pass2_detected,SARAL,external,18.03
client_SARAL_pass2_detected_21to62_58,23.86923629283905,0.0,0.0,0.0,1.0,20.592079162597656,-6.543464548982618,191367.1875,1.07,1,0,SARAL_pass2_detected\21to62\spectrogram58_465988000.txt,240000.0,1024,0,detected; above; 20.6 dB on track,client_SARAL_pass2_detected_21to62,SARAL_pass2_detected,SARAL,external,20.57
client_SARAL_pass2_detected_21to62_59,24.581953782081605,0.0,0.0,0.0,1.0,20.522167205810547,-6.552081351461247,189960.9375,1.07,1,0,SARAL_pass2_detected\21to62\spectrogram59_465988000.txt,240000.0,1024,0,detected; above; 21.3 dB on track,client_SARAL_pass2_detected_21to62,SARAL_pass2_detected,SARAL,external,21.28
client_SARAL_pass2_detected_21to62_60,23.5951391992569,468.75,438.0841121495327,20.92066149368681,1.0,20.65969467163086,-6.552354648658232,190195.3125,1.07,1,0,SARAL_pass2_detected\21to62\spectrogram60_465988000.txt,240000.0,1024,0,detected; above; 20.3 dB on track,client_SARAL_pass2_detected_21to62,SARAL_pass2_detected,SARAL,external,20.3
client_SARAL_pass2_detected_21to62_61,22.660000945091248,468.75,438.0841121495327,91.5401443254082,1.0,19.7742919921875,-6.528035995228255,190898.4375,1.07,1,0,SARAL_pass2_detected\21to62\spectrogram61_465988000.txt,240000.0,1024,0,detected; above; 18.0 dB on track,client_SARAL_pass2_detected_21to62,SARAL_pass2_detected,SARAL,external,18.03
client_SARAL_pass2_detected_21to62_62,24.46450533771515,0.0,0.0,55.57450835514123,1.0,21.3653564453125,-6.519201884232582,189140.625,1.07,1,0,SARAL_pass2_detected\21to62\spectrogram62_465988000.txt,240000.0,1024,0,detected; above; 20.9 dB on track,client_SARAL_pass2_detected_21to62,SARAL_pass2_detected,SARAL,external,20.89
client_SARAL_pass2_detected_21to62_63,25.3848282995224,0.0,0.0,0.0,1.0,21.25751304626465,-6.514184342636831,189843.75,1.07,1,0,SARAL_pass2_detected\21to62\spectrogram63_465988000.txt,240000.0,1024,0,detected; above; 22.0 dB on track,client_SARAL_pass2_detected_21to62,SARAL_pass2_detected,SARAL,external,21.99
client_SARAL_pass2_detected_21to62_64,24.721260752677917,0.0,0.0,0.0,1.0,20.779794692993164,-6.522268689266472,190312.5,1.07,1,0,SARAL_pass2_detected\21to62\spectrogram64_465988000.txt,240000.0,1024,0,detected; above; 21.3 dB on track,client_SARAL_pass2_detected_21to62,SARAL_pass2_detected,SARAL,external,21.33
client_SARAL_pass2_detected_21to62_65,23.338064643859862,234.375,219.04205607476635,85.31829212066762,1.0,20.610042572021484,-6.530096641516982,189726.5625,1.07,1,0,SARAL_pass2_detected\21to62\spectrogram65_465988000.txt,240000.0,1024,0,detected; above; 19.3 dB on track,client_SARAL_pass2_detected_21to62,SARAL_pass2_detected,SARAL,external,19.25
client_SARAL_pass2_detected_21to62_66,23.07531949710846,234.375,219.04205607476635,71.22584492617702,1.0,20.355756759643555,-6.524873399062155,188554.6875,1.07,1,0,SARAL_pass2_detected\21to62\spectrogram66_465988000.txt,240000.0,1024,0,detected; above; 19.4 dB on track,client_SARAL_pass2_detected_21to62,SARAL_pass2_detected,SARAL,external,19.36
client_SARAL_pass2_detected_21to62_67,24.119054433822633,468.75,438.0841121495327,29.646113983478216,1.0,20.176965713500977,-6.530532133592968,190195.3125,1.07,1,0,SARAL_pass2_detected\21to62\spectrogram67_465988000.txt,240000.0,1024,0,detected; above; 20.8 dB on track,client_SARAL_pass2_detected_21to62,SARAL_pass2_detected,SARAL,external,20.83
client_SARAL_pass2_detected_21to62_68,24.460535140037535,0.0,0.0,0.0,1.0,20.639163970947266,-6.590994853911971,190078.125,1.07,1,0,SARAL_pass2_detected\21to62\spectrogram68_465988000.txt,240000.0,1024,0,detected; above; 21.1 dB on track,client_SARAL_pass2_detected_21to62,SARAL_pass2_detected,SARAL,external,21.06
client_SARAL_pass2_detected_21to62_69,22.126328367233278,0.0,0.0,86.60661607980755,1.0,19.648284912109375,-6.56966472681442,190312.5,1.07,1,0,SARAL_pass2_detected\21to62\spectrogram69_465988000.txt,240000.0,1024,0,detected; above; 17.9 dB on track,client_SARAL_pass2_detected_21to62,SARAL_pass2_detected,SARAL,external,17.92
client_SARAL_pass2_detected_21to62_70,22.05563070297241,0.0,0.0,42.0103795263957,1.0,19.279327392578125,-6.538312937106552,187734.375,1.07,1,0,SARAL_pass2_detected\21to62\spectrogram70_465988000.txt,240000.0,1024,0,detected; above; 18.6 dB on track,client_SARAL_pass2_detected_21to62,SARAL_pass2_detected,SARAL,external,18.64
client_SARAL_pass2_detected_21to62_71,22.670591985702515,0.0,0.0,0.0,1.0,18.718555450439453,-6.557151451515958,190078.125,1.07,1,0,SARAL_pass2_detected\21to62\spectrogram71_465988000.txt,240000.0,1024,0,detected; above; 19.4 dB on track,client_SARAL_pass2_detected_21to62,SARAL_pass2_detected,SARAL,external,19.36
client_SARAL_pass2_detected_21to62_72,22.17857534790039,0.0,0.0,29.705824243334902,1.0,19.556699752807617,-6.571989603518583,191953.125,1.07,1,0,SARAL_pass2_detected\21to62\spectrogram72_465988000.txt,240000.0,1024,0,detected; above; 18.8 dB on track,client_SARAL_pass2_detected_21to62,SARAL_pass2_detected,SARAL,external,18.78
client_SARAL_pass2_detected_21to62_73,22.11883383655548,234.375,219.04205607476635,97.39250974960721,1.0,19.684093475341797,-6.530953214528274,190781.25,1.07,1,0,SARAL_pass2_detected\21to62\spectrogram73_465988000.txt,240000.0,1024,0,detected; above; 17.6 dB on track,client_SARAL_pass2_detected_21to62,SARAL_pass2_detected,SARAL,external,17.59
client_SARAL_pass2_detected_21to62_74,22.774684818267822,468.75,438.0841121495327,29.646113983478216,1.0,19.319435119628906,-6.602687669271088,191250.0,1.07,1,0,SARAL_pass2_detected\21to62\spectrogram74_465988000.txt,240000.0,1024,0,detected; above; 19.5 dB on track,client_SARAL_pass2_detected_21to62,SARAL_pass2_detected,SARAL,external,19.54
client_SARAL_pass2_detected_21to62_75,21.6405977268219,0.0,0.0,0.0,1.0,18.414161682128906,-6.592830934857978,189609.375,1.07,1,0,SARAL_pass2_detected\21to62\spectrogram75_465988000.txt,240000.0,1024,0,detected; above; 18.4 dB on track,client_SARAL_pass2_detected_21to62,SARAL_pass2_detected,SARAL,external,18.39
client_SARAL_pass2_detected_21to62_76,20.785775910377502,0.0,0.0,91.55949946767448,1.0,18.359237670898438,-6.586210133631178,189492.1875,1.07,1,0,SARAL_pass2_detected\21to62\spectrogram76_465988000.txt,240000.0,1024,0,detected; above; 16.3 dB on track,client_SARAL_pass2_detected_21to62,SARAL_pass2_detected,SARAL,external,16.33
client_SARAL_pass2_detected_21to62_77,22.70932737350464,468.75,438.0841121495327,2837.3332601445527,1.0,29.913711547851562,-6.482684271756938,190781.25,1.07,1,0,SARAL_pass2_detected\21to62\spectrogram77_465988000.txt,240000.0,1024,0,detected; above; 16.5 dB on track,client_SARAL_pass2_detected_21to62,SARAL_pass2_detected,SARAL,external,16.5
client_SARAL_pass2_detected_21to62_78,22.04027796268463,0.0,0.0,0.0,1.0,19.118349075317383,-6.574622640657323,190664.0625,1.07,1,0,SARAL_pass2_detected\21to62\spectrogram78_465988000.txt,240000.0,1024,0,detected; above; 18.8 dB on track,client_SARAL_pass2_detected_21to62,SARAL_pass2_detected,SARAL,external,18.82
client_SARAL_pass2_detected_21to62_79,24.906505977153778,234.375,219.04205607476635,2593.991938515778,1.0,30.43185043334961,-6.386864395658455,187734.375,1.07,1,0,SARAL_pass2_detected\21to62\spectrogram79_465988000.txt,240000.0,1024,0,detected; above; 17.6 dB on track,client_SARAL_pass2_detected_21to62,SARAL_pass2_detected,SARAL,external,17.58
client_SARAL_pass2_detected_21to62_80,21.424827535629273,234.375,219.04205607476635,64.73550024114985,1.0,18.822429656982422,-6.619346318091981,189960.9375,1.07,1,0,SARAL_pass2_detected\21to62\spectrogram80_465988000.txt,240000.0,1024,0,detected; above; 17.9 dB on track,client_SARAL_pass2_detected_21to62,SARAL_pass2_detected,SARAL,external,17.88
client_SARAL_pass2_detected_21to62_81,22.23868284511566,0.0,0.0,0.0,1.0,18.668989181518555,-6.599458447896227,190429.6875,1.07,1,0,SARAL_pass2_detected\21to62\spectrogram81_465988000.txt,240000.0,1024,0,detected; above; 19.1 dB on track,client_SARAL_pass2_detected_21to62,SARAL_pass2_detected,SARAL,external,19.05
client_SARAL_pass2_detected_21to62_82,21.24975391101837,0.0,0.0,63.01556928959356,1.0,18.918811798095703,-6.598676385892238,189140.625,1.07,1,0,SARAL_pass2_detected\21to62\spectrogram82_465988000.txt,240000.0,1024,0,detected; above; 17.3 dB on track,client_SARAL_pass2_detected_21to62,SARAL_pass2_detected,SARAL,external,17.29
client_SARAL_pass2_detected_21to62_83,20.81261741065979,234.375,219.04205607476635,53.544663604397186,1.0,18.27872085571289,-6.64172133955666,191835.9375,1.07,1,0,SARAL_pass2_detected\21to62\spectrogram83_465988000.txt,240000.0,1024,0,detected; above; 17.4 dB on track,client_SARAL_pass2_detected_21to62,SARAL_pass2_detected,SARAL,external,17.41
client_SARAL_pass2_detected_21to62_84,20.535991647720337,0.0,0.0,0.0,1.0,17.35120964050293,-6.602174306073172,189492.1875,1.07,1,0,SARAL_pass2_detected\21to62\spectrogram84_465988000.txt,240000.0,1024,0,detected; above; 17.4 dB on track,client_SARAL_pass2_detected_21to62,SARAL_pass2_detected,SARAL,external,17.43
client_SARAL_pass2_detected_21to62_85,20.13816342830658,0.0,0.0,81.3527501367918,1.0,18.4263916015625,-6.6332296402518995,190429.6875,1.07,1,0,SARAL_pass2_detected\21to62\spectrogram85_465988000.txt,240000.0,1024,0,detected; above; 15.8 dB on track,client_SARAL_pass2_detected_21to62,SARAL_pass2_detected,SARAL,external,15.77
client_SARAL_pass2_detected_21to62_86,21.4338149433136,0.0,0.0,0.0,1.0,18.344058990478516,-6.627199393738234,191718.75,1.07,1,0,SARAL_pass2_detected\21to62\spectrogram86_465988000.txt,240000.0,1024,0,detected; above; 18.3 dB on track,client_SARAL_pass2_detected_21to62,SARAL_pass2_detected,SARAL,external,18.25
client_SARAL_pass2_detected_21to62_87,20.218724576950073,0.0,0.0,0.0,1.0,17.550512313842773,-6.662912152706651,191367.1875,1.07,1,0,SARAL_pass2_detected\21to62\spectrogram87_465988000.txt,240000.0,1024,0,detected; above; 17.1 dB on track,client_SARAL_pass2_detected_21to62,SARAL_pass2_detected,SARAL,external,17.08
client_SARAL_pass2_detected_21to62_88,17.440533175468445,234.375,219.04205607476635,85.31829212066762,1.0,17.350605010986328,-6.659118663766345,189609.375,1.07,1,0,SARAL_pass2_detected\21to62\spectrogram88_465988000.txt,240000.0,1024,0,detected; above; 13.5 dB on track,client_SARAL_pass2_detected_21to62,SARAL_pass2_detected,SARAL,external,13.46
client_SARAL_pass2_detected_21to62_89,16.262550382614137,0.0,0.0,98.52307310338497,1.0,14.877079963684082,-6.653150752657342,191484.375,1.07,1,0,SARAL_pass2_detected\21to62\spectrogram89_465988000.txt,240000.0,1024,0,detected; above; 11.9 dB on track,client_SARAL_pass2_detected_21to62,SARAL_pass2_detected,SARAL,external,11.89
client_SARAL_pass2_detected_21to62_90,16.123610988616942,234.375,219.04205607476635,25.708773124524974,1.0,14.982207298278809,-6.653529888452777,190898.4375,1.07,1,0,SARAL_pass2_detected\21to62\spectrogram90_465988000.txt,240000.0,1024,0,detected; above; 13.1 dB on track,client_SARAL_pass2_detected_21to62,SARAL_pass2_detected,SARAL,external,13.08
client_SARAL_pass2_detected_21to62_91,14.601022737503051,0.0,0.0,3086.619543928413,1.0,14.295001029968262,-6.688001129096369,192187.5,1.07,1,0,SARAL_pass2_detected\21to62\spectrogram91_465988000.txt,240000.0,1024,0,detected; above; 11.4 dB on track,client_SARAL_pass2_detected_21to62,SARAL_pass2_detected,SARAL,external,11.45
client_SARAL_pass2_detected_21to62_92,14.779933948516845,937.5,876.1682242990654,230.06951984114744,1.0,14.359655380249023,-6.674184551507863,191718.75,1.07,1,0,SARAL_pass2_detected\21to62\spectrogram92_465988000.txt,240000.0,1024,0,detected; above; 11.8 dB on track,client_SARAL_pass2_detected_21to62,SARAL_pass2_detected,SARAL,external,11.83
client_SARAL_pass2_detected_21to62_93,13.773175981521607,11015.625,10294.976635514018,589.6678157944032,1.0,12.840357780456543,-6.674906445889974,191250.0,1.07,1,0,SARAL_pass2_detected\21to62\spectrogram93_465988000.txt,240000.0,1024,0,detected; above; 10.5 dB on track,client_SARAL_pass2_detected_21to62,SARAL_pass2_detected,SARAL,external,10.52
client_SARAL_pass2_detected_21to62_94,12.030433012962341,55078.125,51474.88317757009,16242.372239884206,1.0,10.875661849975586,-6.674496515132934,189726.5625,1.07,1,0,SARAL_pass2_detected\21to62\spectrogram94_465988000.txt,240000.0,1024,0,detected; above; 6.6 dB on track,client_SARAL_pass2_detected_21to62,SARAL_pass2_detected,SARAL,external,6.61
client_SARAL_pass2_detected_21to62_95,13.252656610488891,31171.875,29132.593457943924,7848.438983752873,1.0,13.989255905151367,-6.616023486429203,191953.125,1.07,1,0,SARAL_pass2_detected\21to62\spectrogram95_465988000.txt,240000.0,1024,0,detected; above; 10.1 dB on track,client_SARAL_pass2_detected_21to62,SARAL_pass2_detected,SARAL,external,10.1
client_SARAL_pass2_detected_21to62_96,13.317834108352661,32343.75,30227.803738317754,3643.5836745957745,1.0,12.674704551696777,-6.637049631677008,191132.8125,1.07,1,0,SARAL_pass2_detected\21to62\spectrogram96_465988000.txt,240000.0,1024,0,detected; above; 10.2 dB on track,client_SARAL_pass2_detected_21to62,SARAL_pass2_detected,SARAL,external,10.24
client_SARAL_pass2_detected_21to62_97,12.524311237335205,62109.375,58046.14485981308,11455.293157633278,1.0,13.137077331542969,-6.635046245991945,189726.5625,1.07,1,0,SARAL_pass2_detected\21to62\spectrogram97_465988000.txt,240000.0,1024,0,detected; above; 8.6 dB on track,client_SARAL_pass2_detected_21to62,SARAL_pass2_detected,SARAL,external,8.57
client_SARAL_pass2_detected_21to62_98,11.887115992546082,14296.875,13361.565420560746,15980.78133891732,1.0,10.411247253417969,-6.682292784138039,190898.4375,1.07,1,0,SARAL_pass2_detected\21to62\spectrogram98_465988000.txt,240000.0,1024,0,detected; above; 6.4 dB on track,client_SARAL_pass2_detected_21to62,SARAL_pass2_detected,SARAL,external,6.37
client_SARAL_pass2_detected_21to62_99,13.646016743659974,66796.875,62426.985981308404,4141.773766023137,1.0,12.735273361206055,-6.6688650756263765,190312.5,1.07,1,0,SARAL_pass2_detected\21to62\spectrogram99_465988000.txt,240000.0,1024,0,detected; above; 10.3 dB on track,client_SARAL_pass2_detected_21to62,SARAL_pass2_detected,SARAL,external,10.27
client_SARAL_pass2_detected_61to40_0,12.398681964874267,78984.375,73817.17289719626,8940.477237252606,1.0,10.624551773071289,-6.670550087114862,190312.5,1.07,1,0,SARAL_pass2_detected\61to40\spectrogram0_465988000.txt,240000.0,1024,0,detected; above; 7.0 dB on track,client_SARAL_pass2_detected_61to40,SARAL_pass2_detected,SARAL,external,7.03
client_SARAL_pass2_detected_61to40_1,12.23259484577179,28593.75,26723.130841121492,12083.92095795226,1.0,10.710941314697266,-6.694695204412938,191250.0,1.07,1,0,SARAL_pass2_detected\61to40\spectrogram1_465988000.txt,240000.0,1024,0,detected; above; 6.6 dB on track,client_SARAL_pass2_detected_61to40,SARAL_pass2_detected,SARAL,external,6.65
client_SARAL_pass2_detected_61to40_2,14.644869042396545,234.375,219.04205607476635,14.823056991739108,1.0,12.929378509521484,-6.664840943945342,190078.125,1.07,1,0,SARAL_pass2_detected\61to40\spectrogram2_465988000.txt,240000.0,1024,0,detected; above; 11.6 dB on track,client_SARAL_pass2_detected_61to40,SARAL_pass2_detected,SARAL,external,11.62
client_SARAL_pass2_detected_61to40_3,12.766521300315857,7031.25,6571.26168224299,8227.258303346893,1.0,11.526994705200195,-6.724687190768258,191132.8125,1.07,1,0,SARAL_pass2_detected\61to40\spectrogram3_465988000.txt,240000.0,1024,0,detected; above; 7.5 dB on track,client_SARAL_pass2_detected_61to40,SARAL_pass2_detected,SARAL,external,7.49
client_SARAL_pass2_detected_61to40_4,11.993202613830567,25546.875,23875.584112149532,12969.639792193539,1.0,10.425410270690918,-6.720675336135143,191367.1875,1.07,1,0,SARAL_pass2_detected\61to40\spectrogram4_465988000.txt,240000.0,1024,0,detected; above; 7.3 dB on track,client_SARAL_pass2_detected_61to40,SARAL_pass2_detected,SARAL,external,7.3
client_SARAL_pass2_detected_61to40_5,12.62632991027832,7031.25,6571.26168224299,12800.421884278563,1.0,12.136055946350098,-6.662743511135362,190546.875,1.07,1,0,SARAL_pass2_detected\61to40\spectrogram5_465988000.txt,240000.0,1024,0,detected; above; 8.2 dB on track,client_SARAL_pass2_detected_61to40,SARAL_pass2_detected,SARAL,external,8.19
client_SARAL_pass2_detected_61to40_6,12.984908607482911,234.375,219.04205607476635,5169.432166939699,1.0,11.892343521118164,-6.693936335381458,189375.0,1.07,1,0,SARAL_pass2_detected\61to40\spectrogram6_465988000.txt,240000.0,1024,0,detected; above; 9.4 dB on track,client_SARAL_pass2_detected_61to40,SARAL_pass2_detected,SARAL,external,9.45
client_SARAL_pass2_detected_61to40_7,13.846367212295533,234.375,219.04205607476635,4806.403188384613,1.0,11.85726261138916,-6.678246230741627,190195.3125,1.07,1,0,SARAL_pass2_detected\61to40\spectrogram7_465988000.txt,240000.0,1024,0,detected; above; 10.4 dB on track,client_SARAL_pass2_detected_61to40,SARAL_pass2_detected,SARAL,external,10.4
client_SARAL_pass2_detected_61to40_8,11.9242669839859,21093.75,19713.78504672897,12699.417662384307,1.0,9.347517967224121,-6.706098398972106,188906.25,1.07,1,0,SARAL_pass2_detected\61to40\spectrogram8_465988000.txt,240000.0,1024,0,detected; above; 6.4 dB on track,client_SARAL_pass2_detected_61to40,SARAL_pass2_detected,SARAL,external,6.38
client_SARAL_pass2_detected_61to40_11,12.238863457679749,15234.375,14237.733644859813,14026.246190652406,1.0,10.094794273376465,-6.679253000323901,190664.0625,1.07,1,0,SARAL_pass2_detected\61to40\spectrogram11_465988000.txt,240000.0,1024,0,detected; above; 8.0 dB on track,client_SARAL_pass2_detected_61to40,SARAL_pass2_detected,SARAL,external,7.98
client_SARAL_pass2_detected_61to40_13,12.619642088890076,29765.625,27818.341121495327,8703.479845886453,1.0,10.78503704071045,-6.664486836349268,190546.875,1.07,1,0,SARAL_pass2_detected\61to40\spectrogram13_465988000.txt,240000.0,1024,0,detected; above; 8.5 dB on track,client_SARAL_pass2_detected_61to40,SARAL_pass2_detected,SARAL,external,8.51
client_SARAL_pass2_detected_61to40_14,11.645610828399658,937.5,876.1682242990654,15883.47905082688,1.0,9.472919464111328,-6.708556566064729,190664.0625,1.07,1,0,SARAL_pass2_detected\61to40\spectrogram14_465988000.txt,240000.0,1024,0,detected; above; 6.1 dB on track,client_SARAL_pass2_detected_61to40,SARAL_pass2_detected,SARAL,external,6.12
client_SARAL_pass2_detected_61to40_19,11.703730702400208,61171.875,57169.97663551402,14657.359268649414,1.0,9.264613151550293,-6.714198352074683,191015.625,1.07,1,0,SARAL_pass2_detected\61to40\spectrogram19_465988000.txt,240000.0,1024,0,detected; above; 6.3 dB on track,client_SARAL_pass2_detected_61to40,SARAL_pass2_detected,SARAL,external,6.32
client_SARAL_pass2_detected_61to40_20,11.699258905410767,34921.875,32637.266355140186,17781.980826168357,1.0,10.474640846252441,-6.677361816489303,191484.375,1.07,1,0,SARAL_pass2_detected\61to40\spectrogram20_465988000.txt,240000.0,1024,0,detected; above; 6.0 dB on track,client_SARAL_pass2_detected_61to40,SARAL_pass2_detected,SARAL,external,6.01
client_SARAL_pass2_detected_61to40_26,12.45231429386139,937.5,876.1682242990654,12335.680504030337,1.0,11.908571243286133,-6.6749595325185425,189843.75,1.07,1,0,SARAL_pass2_detected\61to40\spectrogram26_465988000.txt,240000.0,1024,0,detected; above; 8.0 dB on track,client_SARAL_pass2_detected_61to40,SARAL_pass2_detected,SARAL,external,8.02
client_SARAL_pass2_detected_61to40_27,13.852359092712403,53203.125,49722.54672897196,7587.702233000822,1.0,13.144352912902832,-6.646336639584798,188671.875,1.07,1,0,SARAL_pass2_detected\61to40\spectrogram27_465988000.txt,240000.0,1024,0,detected; above; 10.5 dB on track,client_SARAL_pass2_detected_61to40,SARAL_pass2_detected,SARAL,external,10.54
client_SARAL_pass2_detected_61to40_28,16.09242660522461,0.0,0.0,78.59422343805761,1.0,14.417606353759766,-6.639058316289301,189960.9375,1.07,1,0,SARAL_pass2_detected\61to40\spectrogram28_465988000.txt,240000.0,1024,0,detected; above; 12.1 dB on track,client_SARAL_pass2_detected_61to40,SARAL_pass2_detected,SARAL,external,12.13
client_SARAL_pass2_detected_61to40_29,15.393804489135743,234.375,219.04205607476635,14.823056991739108,1.0,15.218340873718262,-6.611731442372108,191132.8125,1.07,1,0,SARAL_pass2_detected\61to40\spectrogram29_465988000.txt,240000.0,1024,0,detected; above; 12.4 dB on track,client_SARAL_pass2_detected_61to40,SARAL_pass2_detected,SARAL,external,12.42
client_SARAL_pass2_detected_61to40_30,16.729875214576722,234.375,219.04205607476635,57.51737996028686,1.0,15.451231956481934,-6.580732247630422,190429.6875,1.07,1,0,SARAL_pass2_detected\61to40\spectrogram30_465988000.txt,240000.0,1024,0,detected; above; 12.3 dB on track,client_SARAL_pass2_detected_61to40,SARAL_pass2_detected,SARAL,external,12.34
client_SARAL_pass2_detected_61to40_31,17.40310475254059,234.375,219.04205607476635,39.28583726413631,1.0,16.088001251220703,-6.573285280323984,191484.375,1.07,1,0,SARAL_pass2_detected\61to40\spectrogram31_465988000.txt,240000.0,1024,0,detected; above; 14.2 dB on track,client_SARAL_pass2_detected_61to40,SARAL_pass2_detected,SARAL,external,14.16
client_SARAL_pass2_detected_61to40_32,15.721041674613952,468.75,438.0841121495327,20.920661493686804,1.0,13.37242317199707,-6.6196384651474665,190898.4375,1.07,1,0,SARAL_pass2_detected\61to40\spectrogram32_465988000.txt,240000.0,1024,0,detected; above; 12.7 dB on track,client_SARAL_pass2_detected_61to40,SARAL_pass2_detected,SARAL,external,12.67
client_SARAL_pass2_detected_61to40_33,17.639099239349367,468.75,438.0841121495327,72.73975559624118,1.0,15.239038467407227,-6.619172341791802,190781.25,1.07,1,0,SARAL_pass2_detected\61to40\spectrogram33_465988000.txt,240000.0,1024,0,detected; above; 13.3 dB on track,client_SARAL_pass2_detected_61to40,SARAL_pass2_detected,SARAL,external,13.29
client_SARAL_pass2_detected_61to40_34,16.607319374084472,234.375,219.04205607476635,39.28583726413631,1.0,14.681445121765137,-6.58605295570134,189609.375,1.07,1,0,SARAL_pass2_detected\61to40\spectrogram34_465988000.txt,240000.0,1024,0,detected; above; 13.5 dB on track,client_SARAL_pass2_detected_61to40,SARAL_pass2_detected,SARAL,external,13.47
client_SARAL_pass2_detected_61to40_35,16.127005803108215,234.375,219.04205607476635,44.54879354743687,1.0,14.564474105834961,-6.601733837835509,189960.9375,1.07,1,0,SARAL_pass2_detected\61to40\spectrogram35_465988000.txt,240000.0,1024,0,detected; above; 13.2 dB on track,client_SARAL_pass2_detected_61to40,SARAL_pass2_detected,SARAL,external,13.23
client_SARAL_pass2_detected_61to40_36,17.452166935920715,234.375,219.04205607476635,82.69215787122515,1.0,14.677383422851562,-6.588745730584687,190429.6875,1.07,1,0,SARAL_pass2_detected\61to40\spectrogram36_465988000.txt,240000.0,1024,0,detected; above; 12.9 dB on track,client_SARAL_pass2_detected_61to40,SARAL_pass2_detected,SARAL,external,12.88
client_SARAL_pass2_detected_61to40_37,15.093227391242982,468.75,438.0841121495327,55.54261480396059,1.0,13.316718101501465,-6.652536775320805,188906.25,1.07,1,0,SARAL_pass2_detected\61to40\spectrogram37_465988000.txt,240000.0,1024,0,detected; above; 11.9 dB on track,client_SARAL_pass2_detected_61to40,SARAL_pass2_detected,SARAL,external,11.95
client_SARAL_pass2_detected_61to40_38,17.8120648393631,66328.125,61988.90186915887,4195.08289418365,1.0,15.380865097045898,-6.674557471720035,189609.375,1.07,1,0,SARAL_pass2_detected\61to40\spectrogram38_465988000.txt,240000.0,1024,0,detected; above; 14.8 dB on track,client_SARAL_pass2_detected_61to40,SARAL_pass2_detected,SARAL,external,14.79
client_SARAL_pass2_detected_61to40_39,19.155878277778626,234.375,219.04205607476635,79.97984106268073,1.0,16.33465003967285,-6.579050518622631,191250.0,1.07,1,0,SARAL_pass2_detected\61to40\spectrogram39_465988000.txt,240000.0,1024,0,detected; above; 14.1 dB on track,client_SARAL_pass2_detected_61to40,SARAL_pass2_detected,SARAL,external,14.1
client_SARAL_pass2_detected_61to40_40,19.99077942562103,468.75,438.0841121495327,29.646113983478216,1.0,17.646373748779297,-6.600273764087657,191718.75,1.07,1,0,SARAL_pass2_detected\61to40\spectrogram40_465988000.txt,240000.0,1024,0,detected; above; 16.9 dB on track,client_SARAL_pass2_detected_61to40,SARAL_pass2_detected,SARAL,external,16.86
client_SARAL_pass2_detected_61to40_41,19.918570301055908,234.375,219.04205607476635,49.25254311728588,1.0,17.11820411682129,-6.6029175374814475,190312.5,1.07,1,0,SARAL_pass2_detected\61to40\spectrogram41_465988000.txt,240000.0,1024,0,detected; above; 16.7 dB on track,client_SARAL_pass2_detected_61to40,SARAL_pass2_detected,SARAL,external,16.66
client_SARAL_pass2_detected_61to40_42,19.219130414009093,234.375,219.04205607476635,61.23289144311218,1.0,17.00129508972168,-6.5856170258605085,189843.75,1.07,1,0,SARAL_pass2_detected\61to40\spectrogram42_465988000.txt,240000.0,1024,0,detected; above; 15.5 dB on track,client_SARAL_pass2_detected_61to40,SARAL_pass2_detected,SARAL,external,15.55
client_SARAL_pass2_detected_61to40_43,18.27980035018921,234.375,219.04205607476635,14.823056991739108,1.0,15.855655670166016,-6.667029786401814,191132.8125,1.07,1,0,SARAL_pass2_detected\61to40\spectrogram43_465988000.txt,240000.0,1024,0,detected; above; 15.3 dB on track,client_SARAL_pass2_detected_61to40,SARAL_pass2_detected,SARAL,external,15.28
client_SARAL_pass2_detected_61to40_44,18.628124444961546,234.375,219.04205607476635,82.69215787122515,1.0,17.525972366333008,-6.656591172019949,191835.9375,1.07,1,0,SARAL_pass2_detected\61to40\spectrogram44_465988000.txt,240000.0,1024,0,detected; above; 14.8 dB on track,client_SARAL_pass2_detected_61to40,SARAL_pass2_detected,SARAL,external,14.8
client_SARAL_pass2_detected_61to40_45,20.051789511680603,0.0,0.0,46.96903219079311,1.0,16.410661697387695,-6.597460414319486,189140.625,1.07,1,0,SARAL_pass2_detected\61to40\spectrogram45_465988000.txt,240000.0,1024,0,detected; above; 16.9 dB on track,client_SARAL_pass2_detected_61to40,SARAL_pass2_detected,SARAL,external,16.88
client_SARAL_pass2_detected_61to40_46,18.763721559524537,234.375,219.04205607476635,25.708773124524974,1.0,15.841493606567383,-6.643360959188831,191250.0,1.07,1,0,SARAL_pass2_detected\61to40\spectrogram46_465988000.txt,240000.0,1024,0,detected; above; 15.6 dB on track,client_SARAL_pass2_detected_61to40,SARAL_pass2_detected,SARAL,external,15.56
client_SARAL_pass2_detected_61to40_47,16.585037879943847,234.375,219.04205607476635,82.69215787122515,1.0,14.247621536254883,-6.6453128013628175,191484.375,1.07,1,0,SARAL_pass2_detected\61to40\spectrogram47_465988000.txt,240000.0,1024,0,detected; above; 12.4 dB on track,client_SARAL_pass2_detected_61to40,SARAL_pass2_detected,SARAL,external,12.44
client_SARAL_pass2_detected_61to40_48,20.24937693119049,234.375,219.04205607476635,14.823056991739108,1.0,17.082265853881836,-6.656689071474495,189375.0,1.07,1,0,SARAL_pass2_detected\61to40\spectrogram48_465988000.txt,240000.0,1024,0,detected; above; 17.2 dB on track,client_SARAL_pass2_detected_61to40,SARAL_pass2_detected,SARAL,external,17.15
client_SARAL_pass2_detected_61to40_49,20.92834612083435,234.375,219.04205607476635,79.97984106268073,1.0,18.448007583618164,-6.603985177894602,191015.625,1.07,1,0,SARAL_pass2_detected\61to40\spectrogram49_465988000.txt,240000.0,1024,0,detected; above; 16.6 dB on track,client_SARAL_pass2_detected_61to40,SARAL_pass2_detected,SARAL,external,16.6
client_SARAL_pass2_detected_61to40_50,23.06832159137726,0.0,0.0,21.00518976319785,1.0,19.828811645507812,-6.563601087126915,192421.875,1.07,1,0,SARAL_pass2_detected\61to40\spectrogram50_465988000.txt,240000.0,1024,0,detected; above; 19.9 dB on track,client_SARAL_pass2_detected_61to40,SARAL_pass2_detected,SARAL,external,19.89
client_SARAL_pass2_detected_61to40_51,24.209381691932677,234.375,219.04205607476635,68.05808540107387,1.0,21.401264190673828,-6.565482976103856,189140.625,1.07,1,0,SARAL_pass2_detected\61to40\spectrogram51_465988000.txt,240000.0,1024,0,detected; above; 20.8 dB on track,client_SARAL_pass2_detected_61to40,SARAL_pass2_detected,SARAL,external,20.75
client_SARAL_pass2_detected_61to40_52,25.49691506767273,0.0,0.0,29.705824243334902,1.0,21.970584869384766,-6.523378814864111,191250.0,1.07,1,0,SARAL_pass2_detected\61to40\spectrogram52_465988000.txt,240000.0,1024,0,detected; above; 22.2 dB on track,client_SARAL_pass2_detected_61to40,SARAL_pass2_detected,SARAL,external,22.23
client_SARAL_pass2_detected_61to40_53,24.074840467453004,234.375,219.04205607476635,79.97984106268073,1.0,21.633939743041992,-6.569554110807257,190781.25,1.07,1,0,SARAL_pass2_detected\61to40\spectrogram53_465988000.txt,240000.0,1024,0,detected; above; 20.4 dB on track,client_SARAL_pass2_detected_61to40,SARAL_pass2_detected,SARAL,external,20.42
client_SARAL_pass2_detected_61to40_54,24.513746202468873,234.375,219.04205607476635,57.51737996028685,1.0,21.01997947692871,-6.554579503929814,191484.375,1.07,1,0,SARAL_pass2_detected\61to40\spectrogram54_465988000.txt,240000.0,1024,0,detected; above; 21.1 dB on track,client_SARAL_pass2_detected_61to40,SARAL_pass2_detected,SARAL,external,21.15
client_SARAL_pass2_detected_61to40_55,26.043748847961425,234.375,219.04205607476635,39.28583726413632,1.0,22.623516082763672,-6.527498028810782,190195.3125,1.07,1,0,SARAL_pass2_detected\61to40\spectrogram55_465988000.txt,240000.0,1024,0,detected; above; 22.7 dB on track,client_SARAL_pass2_detected_61to40,SARAL_pass2_detected,SARAL,external,22.71
client_SARAL_pass2_detected_61to40_56,25.20661069393158,234.375,219.04205607476635,49.25254311728588,1.0,21.970767974853516,-6.518836909125217,188789.0625,1.07,1,0,SARAL_pass2_detected\61to40\spectrogram56_465988000.txt,240000.0,1024,0,detected; above; 21.9 dB on track,client_SARAL_pass2_detected_61to40,SARAL_pass2_detected,SARAL,external,21.87
client_SARAL_pass2_detected_61to40_57,23.54081688117981,0.0,0.0,51.45199687016735,1.0,20.768402099609375,-6.565967626647888,189140.625,1.07,1,0,SARAL_pass2_detected\61to40\spectrogram57_465988000.txt,240000.0,1024,0,detected; above; 20.2 dB on track,client_SARAL_pass2_detected_61to40,SARAL_pass2_detected,SARAL,external,20.2
client_SARAL_pass2_detected_61to40_58,21.46695504570007,234.375,219.04205607476635,44.54879354743687,1.0,18.582796096801758,-6.582370047422407,190664.0625,1.07,1,0,SARAL_pass2_detected\61to40\spectrogram58_465988000.txt,240000.0,1024,0,detected; above; 18.2 dB on track,client_SARAL_pass2_detected_61to40,SARAL_pass2_detected,SARAL,external,18.18
client_SARAL_pass2_detected_61to40_59,20.90602227973938,0.0,0.0,36.38205589248435,1.0,18.42593002319336,-6.638041777791016,190546.875,1.07,1,0,SARAL_pass2_detected\61to40\spectrogram59_465988000.txt,240000.0,1024,0,detected; above; 17.7 dB on track,client_SARAL_pass2_detected_61to40,SARAL_pass2_detected,SARAL,external,17.71
client_SARAL_pass2_detected_61to40_60,17.904556468963623,234.375,219.04205607476635,49.252543117285875,1.0,16.218687057495117,-6.624351556785065,191250.0,1.07,1,0,SARAL_pass2_detected\61to40\spectrogram60_465988000.txt,240000.0,1024,0,detected; above; 14.5 dB on track,client_SARAL_pass2_detected_61to40,SARAL_pass2_detected,SARAL,external,14.52
client_SARAL_pass2_detected_61to40_61,18.457889501571657,234.375,219.04205607476635,39.28583726413632,1.0,15.89072322845459,-6.640660365852824,190312.5,1.07,1,0,SARAL_pass2_detected\61to40\spectrogram61_465988000.txt,240000.0,1024,0,detected; above; 15.4 dB on track,client_SARAL_pass2_detected_61to40,SARAL_pass2_detected,SARAL,external,15.36
client_SARAL_pass2_detected_61to40_62,19.645615916252137,0.0,0.0,46.96903219079311,1.0,16.61142349243164,-6.643859789698112,189609.375,1.07,1,0,SARAL_pass2_detected\61to40\spectrogram62_465988000.txt,240000.0,1024,0,detected; above; 16.3 dB on track,client_SARAL_pass2_detected_61to40,SARAL_pass2_detected,SARAL,external,16.28
client_SARAL_pass2_detected_61to40_63,22.65006447505951,234.375,219.04205607476635,25.708773124524974,1.0,19.316743850708008,-6.547835041454821,191132.8125,1.07,1,0,SARAL_pass2_detected\61to40\spectrogram63_465988000.txt,240000.0,1024,0,detected; above; 19.6 dB on track,client_SARAL_pass2_detected_61to40,SARAL_pass2_detected,SARAL,external,19.57
client_SARAL_pass2_detected_61to40_64,22.72223927116394,234.375,219.04205607476635,44.54879354743687,1.0,19.417600631713867,-6.498913149312477,190312.5,1.07,1,0,SARAL_pass2_detected\61to40\spectrogram64_465988000.txt,240000.0,1024,0,detected; above; 19.3 dB on track,client_SARAL_pass2_detected_61to40,SARAL_pass2_detected,SARAL,external,19.35
client_SARAL_pass2_detected_61to40_65,25.044908319473265,234.375,219.04205607476635,61.23289144311218,1.0,21.90459442138672,-6.49409498929247,190429.6875,1.07,1,0,SARAL_pass2_detected\61to40\spectrogram65_465988000.txt,240000.0,1024,0,detected; above; 21.7 dB on track,client_SARAL_pass2_detected_61to40,SARAL_pass2_detected,SARAL,external,21.72
client_SARAL_pass2_detected_61to40_66,27.415607281684874,468.75,438.0841121495327,1869.9329084782337,1.0,29.070926666259766,-6.369174783187872,189140.625,1.07,1,0,SARAL_pass2_detected\61to40\spectrogram66_465988000.txt,240000.0,1024,0,detected; above; 22.9 dB on track,client_SARAL_pass2_detected_61to40,SARAL_pass2_detected,SARAL,external,22.95
client_SARAL_pass2_detected_61to40_67,25.301177274703978,234.375,219.04205607476635,85.31829212066762,1.0,22.037071228027344,-6.432180981856892,188203.125,1.07,1,0,SARAL_pass2_detected\61to40\spectrogram67_465988000.txt,240000.0,1024,0,detected; above; 21.2 dB on track,client_SARAL_pass2_detected_61to40,SARAL_pass2_detected,SARAL,external,21.2
client_SARAL_pass2_detected_61to40_68,26.40142646121979,0.0,0.0,0.0,1.0,22.405933380126953,-6.528923418455209,189609.375,1.07,1,0,SARAL_pass2_detected\61to40\spectrogram68_465988000.txt,240000.0,1024,0,detected; above; 23.2 dB on track,client_SARAL_pass2_detected_61to40,SARAL_pass2_detected,SARAL,external,23.16
client_SARAL_pass2_detected_61to40_69,25.232829975128173,234.375,219.04205607476635,87.86597161231148,1.0,23.421504974365234,-6.47157485271496,189492.1875,1.07,1,0,SARAL_pass2_detected\61to40\spectrogram69_465988000.txt,240000.0,1024,0,detected; above; 20.6 dB on track,client_SARAL_pass2_detected_61to40,SARAL_pass2_detected,SARAL,external,20.64
client_SARAL_pass2_detected_61to40_70,26.666134672164915,0.0,0.0,0.0,1.0,22.961938858032227,-6.539758615634616,188906.25,1.07,1,0,SARAL_pass2_detected\61to40\spectrogram70_465988000.txt,240000.0,1024,0,detected; above; 23.3 dB on track,client_SARAL_pass2_detected_61to40,SARAL_pass2_detected,SARAL,external,23.34
client_SARAL_pass2_detected_61to40_71,26.400502895355224,0.0,0.0,51.45199687016735,1.0,23.47628402709961,-6.495505022307123,189140.625,1.07,1,0,SARAL_pass2_detected\61to40\spectrogram71_465988000.txt,240000.0,1024,0,detected; above; 23.1 dB on track,client_SARAL_pass2_detected_61to40,SARAL_pass2_detected,SARAL,external,23.09
client_SARAL_pass2_detected_61to40_72,25.397374436378477,234.375,219.04205607476635,68.05808540107387,1.0,22.4725284576416,-6.531488833133047,190195.3125,1.07,1,0,SARAL_pass2_detected\61to40\spectrogram72_465988000.txt,240000.0,1024,0,detected; above; 21.6 dB on track,client_SARAL_pass2_detected_61to40,SARAL_pass2_detected,SARAL,external,21.56
client_SARAL_pass2_detected_61to40_73,25.943990635871888,0.0,0.0,0.0,1.0,21.67548942565918,-6.554872819401087,190429.6875,1.07,1,0,SARAL_pass2_detected\61to40\spectrogram73_465988000.txt,240000.0,1024,0,detected; above; 22.7 dB on track,client_SARAL_pass2_detected_61to40,SARAL_pass2_detected,SARAL,external,22.68
client_SARAL_pass2_detected_61to40_74,23.087194647789,234.375,219.04205607476635,90.34183396612822,1.0,20.905668258666992,-6.559549656945987,188437.5,1.07,1,0,SARAL_pass2_detected\61to40\spectrogram74_465988000.txt,240000.0,1024,0,detected; above; 19.0 dB on track,client_SARAL_pass2_detected_61to40,SARAL_pass2_detected,SARAL,external,19.02
client_SARAL_pass2_detected_61to40_75,22.493822021484377,0.0,0.0,21.00518976319785,1.0,18.99135971069336,-6.609841279780283,190078.125,1.07,1,0,SARAL_pass2_detected\61to40\spectrogram75_465988000.txt,240000.0,1024,0,detected; above; 19.4 dB on track,client_SARAL_pass2_detected_61to40,SARAL_pass2_detected,SARAL,external,19.44
client_SARAL_pass2_detected_61to40_76,22.562688917160035,468.75,438.0841121495327,36.33331902413175,1.0,19.31966781616211,-6.655401349863397,191250.0,1.07,1,0,SARAL_pass2_detected\61to40\spectrogram76_465988000.txt,240000.0,1024,0,detected; above; 19.4 dB on track,client_SARAL_pass2_detected_61to40,SARAL_pass2_detected,SARAL,external,19.38
client_SARAL_pass2_detected_61to40_77,21.970950617790223,0.0,0.0,96.2578720767657,1.0,19.65926170349121,-6.609616294269044,189726.5625,1.07,1,0,SARAL_pass2_detected\61to40\spectrogram77_465988000.txt,240000.0,1024,0,detected; above; 17.8 dB on track,client_SARAL_pass2_detected_61to40,SARAL_pass2_detected,SARAL,external,17.79
client_SARAL_pass2_detected_61to40_78,22.419637748718262,0.0,0.0,0.0,1.0,18.54854393005371,-6.652478109756947,190781.25,1.07,1,0,SARAL_pass2_detected\61to40\spectrogram78_465988000.txt,240000.0,1024,0,detected; above; 19.3 dB on track,client_SARAL_pass2_detected_61to40,SARAL_pass2_detected,SARAL,external,19.29
client_SARAL_pass2_detected_61to40_79,22.448776745796202,234.375,219.04205607476635,61.23289144311218,1.0,19.436092376708984,-6.612786200326634,189843.75,1.07,1,0,SARAL_pass2_detected\61to40\spectrogram79_465988000.txt,240000.0,1024,0,detected; above; 18.9 dB on track,client_SARAL_pass2_detected_61to40,SARAL_pass2_detected,SARAL,external,18.92
client_SARAL_pass2_detected_61to40_80,23.738143714904787,234.375,219.04205607476635,77.17225524386157,1.0,20.801830291748047,-6.595591468989585,189375.0,1.07,1,0,SARAL_pass2_detected\61to40\spectrogram80_465988000.txt,240000.0,1024,0,detected; above; 20.2 dB on track,client_SARAL_pass2_detected_61to40,SARAL_pass2_detected,SARAL,external,20.22
client_SARAL_pass2_detected_61to40_81,24.99353579235077,0.0,0.0,0.0,1.0,20.762226104736328,-6.552989794551022,190078.125,1.07,1,0,SARAL_pass2_detected\61to40\spectrogram81_465988000.txt,240000.0,1024,0,detected; above; 21.8 dB on track,client_SARAL_pass2_detected_61to40,SARAL_pass2_detected,SARAL,external,21.82
client_SARAL_pass2_detected_61to40_82,23.754468691825867,234.375,219.04205607476635,68.05808540107387,1.0,20.475933074951172,-6.57293066776056,189375.0,1.07,1,0,SARAL_pass2_detected\61to40\spectrogram82_465988000.txt,240000.0,1024,0,detected; above; 19.9 dB on track,client_SARAL_pass2_detected_61to40,SARAL_pass2_detected,SARAL,external,19.93
client_SARAL_pass2_detected_61to40_83,25.712678719520568,0.0,0.0,46.96903219079311,1.0,23.083337783813477,-6.533855632635788,191367.1875,1.07,1,0,SARAL_pass2_detected\61to40\spectrogram83_465988000.txt,240000.0,1024,0,detected; above; 22.4 dB on track,client_SARAL_pass2_detected_61to40,SARAL_pass2_detected,SARAL,external,22.37
client_SARAL_pass2_detected_61to40_84,27.85230313396454,0.0,0.0,0.0,1.0,23.23451805114746,-6.507379194662507,189609.375,1.07,1,0,SARAL_pass2_detected\61to40\spectrogram84_465988000.txt,240000.0,1024,0,detected; above; 24.6 dB on track,client_SARAL_pass2_detected_61to40,SARAL_pass2_detected,SARAL,external,24.57
client_SARAL_pass2_detected_61to40_85,26.741841082572936,0.0,0.0,63.01556928959356,1.0,23.639846801757812,-6.446127724118272,189140.625,1.07,1,0,SARAL_pass2_detected\61to40\spectrogram85_465988000.txt,240000.0,1024,0,detected; above; 23.0 dB on track,client_SARAL_pass2_detected_61to40,SARAL_pass2_detected,SARAL,external,23.04
client_SARAL_pass2_detected_61to40_86,27.151427381515504,234.375,219.04205607476635,77.17225524386158,1.0,24.560983657836914,-6.474149418087065,188554.6875,1.07,1,0,SARAL_pass2_detected\61to40\spectrogram86_465988000.txt,240000.0,1024,0,detected; above; 23.2 dB on track,client_SARAL_pass2_detected_61to40,SARAL_pass2_detected,SARAL,external,23.23
client_SARAL_pass2_detected_61to40_87,29.127729964256286,0.0,0.0,0.0,1.0,24.958681106567383,-6.5171446011504415,188554.6875,1.07,1,0,SARAL_pass2_detected\61to40\spectrogram87_465988000.txt,240000.0,1024,0,detected; above; 25.8 dB on track,client_SARAL_pass2_detected_61to40,SARAL_pass2_detected,SARAL,external,25.75
client_SARAL_pass2_detected_61to40_88,28.430088764190675,0.0,0.0,21.00518976319785,1.0,24.766286849975586,-6.435547218826077,189960.9375,1.07,1,0,SARAL_pass2_detected\61to40\spectrogram88_465988000.txt,240000.0,1024,0,detected; above; 25.0 dB on track,client_SARAL_pass2_detected_61to40,SARAL_pass2_detected,SARAL,external,25.04
client_SARAL_pass2_detected_61to40_89,26.864677360534667,234.375,219.04205607476635,95.10038358671002,1.0,24.230899810791016,-6.424380707183062,186679.6875,1.07,1,0,SARAL_pass2_detected\61to40\spectrogram89_465988000.txt,240000.0,1024,0,detected; above; 21.9 dB on track,client_SARAL_pass2_detected_61to40,SARAL_pass2_detected,SARAL,external,21.85
client_SARAL_pass2_detected_61to40_90,27.841656905174254,0.0,0.0,0.0,1.0,24.079727172851562,-6.440875982078185,189960.9375,1.07,1,0,SARAL_pass2_detected\61to40\spectrogram90_465988000.txt,240000.0,1024,0,detected; above; 24.5 dB on track,client_SARAL_pass2_detected_61to40,SARAL_pass2_detected,SARAL,external,24.47
client_SARAL_pass2_detected_61to40_91,28.16702538204193,0.0,0.0,0.0,1.0,24.145788192749023,-6.463249471347266,187968.75,1.07,1,0,SARAL_pass2_detected\61to40\spectrogram91_465988000.txt,240000.0,1024,0,detected; above; 24.9 dB on track,client_SARAL_pass2_detected_61to40,SARAL_pass2_detected,SARAL,external,24.92
client_SARAL_pass2_detected_61to40_92,26.308842722892763,468.75,438.0841121495327,62.9874436156687,1.0,23.531383514404297,-6.450187576222738,189609.375,1.07,1,0,SARAL_pass2_detected\61to40\spectrogram92_465988000.txt,240000.0,1024,0,detected; above; 22.8 dB on track,client_SARAL_pass2_detected_61to40,SARAL_pass2_detected,SARAL,external,22.79
client_SARAL_pass2_detected_61to40_93,25.208898131370546,468.75,438.0841121495327,83.9996668573912,1.0,22.007343292236328,-6.472386776281412,190546.875,1.07,1,0,SARAL_pass2_detected\61to40\spectrogram93_465988000.txt,240000.0,1024,0,detected; above; 21.2 dB on track,client_SARAL_pass2_detected_61to40,SARAL_pass2_detected,SARAL,external,21.21
client_SARAL_pass2_detected_61to40_94,25.5864385099411,0.0,0.0,0.0,1.0,21.854286193847656,-6.4918952568217705,189257.8125,1.07,1,0,SARAL_pass2_detected\61to40\spectrogram94_465988000.txt,240000.0,1024,0,detected; above; 22.5 dB on track,client_SARAL_pass2_detected_61to40,SARAL_pass2_detected,SARAL,external,22.48
client_SARAL_pass2_detected_61to40_95,25.320239481925963,0.0,0.0,0.0,1.0,21.596637725830078,-6.546274148309769,191250.0,1.07,1,0,SARAL_pass2_detected\61to40\spectrogram95_465988000.txt,240000.0,1024,0,detected; above; 22.2 dB on track,client_SARAL_pass2_detected_61to40,SARAL_pass2_detected,SARAL,external,22.16
client_SARAL_pass2_detected_61to40_96,24.625939555168152,468.75,438.0841121495327,78.57167452827261,1.0,22.204317092895508,-6.533732886779179,190546.875,1.07,1,0,SARAL_pass2_detected\61to40\spectrogram96_465988000.txt,240000.0,1024,0,detected; above; 20.7 dB on track,client_SARAL_pass2_detected_61to40,SARAL_pass2_detected,SARAL,external,20.73
client_SARAL_pass2_detected_61to40_97,24.576901644706727,0.0,0.0,69.66633309474146,1.0,22.558252334594727,-6.5357334686535085,189492.1875,1.07,1,0,SARAL_pass2_detected\61to40\spectrogram97_465988000.txt,240000.0,1024,0,detected; above; 21.0 dB on track,client_SARAL_pass2_detected_61to40,SARAL_pass2_detected,SARAL,external,20.98
client_SARAL_pass2_detected_61to40_98,25.693180070877077,468.75,438.0841121495327,20.920661493686804,1.0,22.07318115234375,-6.537780820556234,189609.375,1.07,1,0,SARAL_pass2_detected\61to40\spectrogram98_465988000.txt,240000.0,1024,0,detected; above; 22.5 dB on track,client_SARAL_pass2_detected_61to40,SARAL_pass2_detected,SARAL,external,22.51
client_SARAL_pass2_detected_61to40_99,25.96632895851135,0.0,0.0,0.0,1.0,22.16653823852539,-6.522159700531493,187031.25,1.07,1,0,SARAL_pass2_detected\61to40\spectrogram99_465988000.txt,240000.0,1024,0,detected; above; 22.8 dB on track,client_SARAL_pass2_detected_61to40,SARAL_pass2_detected,SARAL,external,22.77
client_SARAL_pass2_detected_40to13_0,25.85930351448059,468.75,438.0841121495327,20.920661493686804,1.0,21.767114639282227,-6.540399774994845,190078.125,1.07,1,0,SARAL_pass2_detected\40to13\spectrogram0_465988000.txt,240000.0,1024,0,detected; above; 22.7 dB on track,client_SARAL_pass2_detected_40to13,SARAL_pass2_detected,SARAL,external,22.71
client_SARAL_pass2_detected_40to13_1,23.882909965515136,468.75,438.0841121495327,36.33331902413175,1.0,20.67414665222168,-6.4775113085366325,191132.8125,1.07,1,0,SARAL_pass2_detected\40to13\spectrogram1_465988000.txt,240000.0,1024,0,detected; above; 20.7 dB on track,client_SARAL_pass2_detected_40to13,SARAL_pass2_detected,SARAL,external,20.74
client_SARAL_pass2_detected_40to13_2,23.02872589492798,234.375,219.04205607476635,103.96612403225961,1.0,20.161039352416992,-6.49043087679057,188906.25,1.07,1,0,SARAL_pass2_detected\40to13\spectrogram2_465988000.txt,240000.0,1024,0,detected; above; 18.2 dB on track,client_SARAL_pass2_detected_40to13,SARAL_pass2_detected,SARAL,external,18.23
client_SARAL_pass2_detected_40to13_3,22.574924607276916,468.75,438.0841121495327,51.417546249049934,1.0,20.123559951782227,-6.517186722495218,189492.1875,1.07,1,0,SARAL_pass2_detected\40to13\spectrogram3_465988000.txt,240000.0,1024,0,detected; above; 19.2 dB on track,client_SARAL_pass2_detected_40to13,SARAL_pass2_detected,SARAL,external,19.24
client_SARAL_pass2_detected_40to13_4,23.534343430519105,0.0,0.0,0.0,1.0,20.01520538330078,-6.520959652153147,189960.9375,1.07,1,0,SARAL_pass2_detected\40to13\spectrogram4_465988000.txt,240000.0,1024,0,detected; above; 20.4 dB on track,client_SARAL_pass2_detected_40to13,SARAL_pass2_detected,SARAL,external,20.4
client_SARAL_pass2_detected_40to13_5,23.0443729057312,0.0,0.0,0.0,1.0,19.577682495117188,-6.553500215072012,189843.75,1.07,1,0,SARAL_pass2_detected\40to13\spectrogram5_465988000.txt,240000.0,1024,0,detected; above; 20.0 dB on track,client_SARAL_pass2_detected_40to13,SARAL_pass2_detected,SARAL,external,19.99
client_SARAL_pass2_detected_40to13_6,21.365126828193663,0.0,0.0,36.38205589248435,1.0,18.803604125976562,-6.567519675441236,190078.125,1.07,1,0,SARAL_pass2_detected\40to13\spectrogram6_465988000.txt,240000.0,1024,0,detected; above; 18.3 dB on track,client_SARAL_pass2_detected_40to13,SARAL_pass2_detected,SARAL,external,18.27
client_SARAL_pass2_detected_40to13_7,18.436535605430603,0.0,0.0,86.60661607980755,1.0,16.79640007019043,-6.614227402904455,190078.125,1.07,1,0,SARAL_pass2_detected\40to13\spectrogram7_465988000.txt,240000.0,1024,0,detected; above; 14.2 dB on track,client_SARAL_pass2_detected_40to13,SARAL_pass2_detected,SARAL,external,14.16
client_SARAL_pass2_detected_40to13_8,16.74714368247986,234.375,219.04205607476635,68.05808540107387,1.0,15.514833450317383,-6.6505950881214275,190312.5,1.07,1,0,SARAL_pass2_detected\40to13\spectrogram8_465988000.txt,240000.0,1024,0,detected; above; 13.4 dB on track,client_SARAL_pass2_detected_40to13,SARAL_pass2_detected,SARAL,external,13.36
client_SARAL_pass2_detected_40to13_9,16.276862595558168,86718.75,81045.56074766355,5514.376431964754,1.0,14.2714204788208,-6.659416636890032,191132.8125,1.07,1,0,SARAL_pass2_detected\40to13\spectrogram9_465988000.txt,240000.0,1024,0,detected; above; 13.5 dB on track,client_SARAL_pass2_detected_40to13,SARAL_pass2_detected,SARAL,external,13.47
client_SARAL_pass2_detected_40to13_10,15.294489324569701,0.0,0.0,0.0,1.0,12.64666748046875,-6.712898063873258,191250.0,1.07,1,0,SARAL_pass2_detected\40to13\spectrogram10_465988000.txt,240000.0,1024,0,detected; above; 12.5 dB on track,client_SARAL_pass2_detected_40to13,SARAL_pass2_detected,SARAL,external,12.55
client_SARAL_pass2_detected_40to13_11,16.436769612312318,0.0,0.0,29.705824243334902,1.0,14.123526573181152,-6.665290476004086,190546.875,1.07,1,0,SARAL_pass2_detected\40to13\spectrogram11_465988000.txt,240000.0,1024,0,detected; above; 13.4 dB on track,client_SARAL_pass2_detected_40to13,SARAL_pass2_detected,SARAL,external,13.39
client_SARAL_pass2_detected_40to13_12,15.649329662322998,234.375,219.04205607476635,79.97984106268073,1.0,13.693587303161621,-6.601704134403188,189843.75,1.07,1,0,SARAL_pass2_detected\40to13\spectrogram12_465988000.txt,240000.0,1024,0,detected; above; 12.0 dB on track,client_SARAL_pass2_detected_40to13,SARAL_pass2_detected,SARAL,external,11.97
client_SARAL_pass2_detected_40to13_13,13.365005554199218,703.125,657.126168224299,2126.2483938425034,1.0,11.263313293457031,-6.63929287260342,191718.75,1.07,1,0,SARAL_pass2_detected\40to13\spectrogram13_465988000.txt,240000.0,1024,0,detected; above; 8.9 dB on track,client_SARAL_pass2_detected_40to13,SARAL_pass2_detected,SARAL,external,8.91
client_SARAL_pass2_detected_40to13_14,13.058617362976074,82265.625,76883.76168224298,9720.935587371152,1.0,12.017658233642578,-6.682988562295375,189843.75,1.07,1,0,SARAL_pass2_detected\40to13\spectrogram14_465988000.txt,240000.0,1024,0,detected; above; 9.4 dB on track,client_SARAL_pass2_detected_40to13,SARAL_pass2_detected,SARAL,external,9.44
client_SARAL_pass2_detected_40to13_15,13.714695652008057,0.0,0.0,6332.289599052231,1.0,12.640928268432617,-6.662504903477509,190429.6875,1.07,1,0,SARAL_pass2_detected\40to13\spectrogram15_465988000.txt,240000.0,1024,0,detected; above; 10.9 dB on track,client_SARAL_pass2_detected_40to13,SARAL_pass2_detected,SARAL,external,10.91
client_SARAL_pass2_detected_40to13_16,16.80834738445282,0.0,0.0,0.0,1.0,14.721356391906738,-6.678082701713153,191015.625,1.07,1,0,SARAL_pass2_detected\40to13\spectrogram16_465988000.txt,240000.0,1024,0,detected; above; 14.0 dB on track,client_SARAL_pass2_detected_40to13,SARAL_pass2_detected,SARAL,external,13.97
client_SARAL_pass2_detected_40to13_17,17.453265931129454,0.0,0.0,0.0,1.0,15.310306549072266,-6.664825684939577,190898.4375,1.07,1,0,SARAL_pass2_detected\40to13\spectrogram17_465988000.txt,240000.0,1024,0,detected; above; 14.6 dB on track,client_SARAL_pass2_detected_40to13,SARAL_pass2_detected,SARAL,external,14.57
client_SARAL_pass2_detected_40to13_18,15.544645531654357,37500.0,35046.72897196261,2357.60161140759,1.0,13.81021785736084,-6.66656566401746,190078.125,1.07,1,0,SARAL_pass2_detected\40to13\spectrogram18_465988000.txt,240000.0,1024,0,detected; above; 12.1 dB on track,client_SARAL_pass2_detected_40to13,SARAL_pass2_detected,SARAL,external,12.11
client_SARAL_pass2_detected_40to13_19,15.739236654281616,0.0,0.0,111.14901671028247,1.0,13.68838119506836,-6.67240559824197,190546.875,1.07,1,0,SARAL_pass2_detected\40to13\spectrogram19_465988000.txt,240000.0,1024,0,detected; above; 11.3 dB on track,client_SARAL_pass2_detected_40to13,SARAL_pass2_detected,SARAL,external,11.33
client_SARAL_pass2_detected_40to13_20,16.440927958488466,468.75,438.0841121495327,69.64089349809456,1.0,15.067161560058594,-6.624860195953285,192187.5,1.07,1,0,SARAL_pass2_detected\40to13\spectrogram20_465988000.txt,240000.0,1024,0,detected; above; 13.1 dB on track,client_SARAL_pass2_detected_40to13,SARAL_pass2_detected,SARAL,external,13.09
client_SARAL_pass2_detected_40to13_21,18.641447278022767,468.75,438.0841121495327,29.646113983478216,1.0,15.679855346679688,-6.6376066971741405,190546.875,1.07,1,0,SARAL_pass2_detected\40to13\spectrogram21_465988000.txt,240000.0,1024,0,detected; above; 15.8 dB on track,client_SARAL_pass2_detected_40to13,SARAL_pass2_detected,SARAL,external,15.78
client_SARAL_pass2_detected_40to13_22,21.066945950508117,0.0,0.0,0.0,1.0,17.84990119934082,-6.581576611023308,191601.5625,1.07,1,0,SARAL_pass2_detected\40to13\spectrogram22_465988000.txt,240000.0,1024,0,detected; above; 18.2 dB on track,client_SARAL_pass2_detected_40to13,SARAL_pass2_detected,SARAL,external,18.2
client_SARAL_pass2_detected_40to13_23,20.605834540367127,0.0,0.0,0.0,1.0,17.504779815673828,-6.607280858244435,190546.875,1.07,1,0,SARAL_pass2_detected\40to13\spectrogram23_465988000.txt,240000.0,1024,0,detected; above; 17.8 dB on track,client_SARAL_pass2_detected_40to13,SARAL_pass2_detected,SARAL,external,17.76
client_SARAL_pass2_detected_40to13_24,18.542720121383667,0.0,0.0,21.00518976319785,1.0,15.84980297088623,-6.597112435195211,190078.125,1.07,1,0,SARAL_pass2_detected\40to13\spectrogram24_465988000.txt,240000.0,1024,0,detected; above; 15.6 dB on track,client_SARAL_pass2_detected_40to13,SARAL_pass2_detected,SARAL,external,15.62
client_SARAL_pass2_detected_40to13_25,17.925287350654603,234.375,219.04205607476635,92.75163050508291,1.0,15.152368545532227,-6.588743452754553,190195.3125,1.07,1,0,SARAL_pass2_detected\40to13\spectrogram25_465988000.txt,240000.0,1024,0,detected; above; 14.3 dB on track,client_SARAL_pass2_detected_40to13,SARAL_pass2_detected,SARAL,external,14.32
client_SARAL_pass2_detected_40to13_26,18.007447627067567,468.75,438.0841121495327,96.23946184955767,1.0,15.343892097473145,-6.5981511599166875,188906.25,1.07,1,0,SARAL_pass2_detected\40to13\spectrogram26_465988000.txt,240000.0,1024,0,detected; above; 13.4 dB on track,client_SARAL_pass2_detected_40to13,SARAL_pass2_detected,SARAL,external,13.43
client_SARAL_pass2_detected_40to13_27,18.299201018333434,468.75,438.0841121495327,51.417546249049934,1.0,15.87203311920166,-6.600760104790783,189140.625,1.07,1,0,SARAL_pass2_detected\40to13\spectrogram27_465988000.txt,240000.0,1024,0,detected; above; 14.9 dB on track,client_SARAL_pass2_detected_40to13,SARAL_pass2_detected,SARAL,external,14.91
client_SARAL_pass2_detected_40to13_28,20.47380625629425,0.0,0.0,0.0,1.0,17.39206314086914,-6.601065995776671,190546.875,1.07,1,0,SARAL_pass2_detected\40to13\spectrogram28_465988000.txt,240000.0,1024,0,detected; above; 17.5 dB on track,client_SARAL_pass2_detected_40to13,SARAL_pass2_detected,SARAL,external,17.52
client_SARAL_pass2_detected_40to13_29,21.632630840301513,0.0,0.0,0.0,1.0,18.046707153320312,-6.631840805266443,191484.375,1.07,1,0,SARAL_pass2_detected\40to13\spectrogram29_465988000.txt,240000.0,1024,0,detected; above; 18.6 dB on track,client_SARAL_pass2_detected_40to13,SARAL_pass2_detected,SARAL,external,18.62
client_SARAL_pass2_detected_40to13_30,22.09760073661804,0.0,0.0,0.0,1.0,18.733171463012695,-6.603201164169323,188671.875,1.07,1,0,SARAL_pass2_detected\40to13\spectrogram30_465988000.txt,240000.0,1024,0,detected; above; 19.1 dB on track,client_SARAL_pass2_detected_40to13,SARAL_pass2_detected,SARAL,external,19.15
client_SARAL_pass2_detected_40to13_31,21.79102548503876,0.0,0.0,0.0,1.0,18.682144165039062,-6.553071641099585,189609.375,1.07,1,0,SARAL_pass2_detected\40to13\spectrogram31_465988000.txt,240000.0,1024,0,detected; above; 18.9 dB on track,client_SARAL_pass2_detected_40to13,SARAL_pass2_detected,SARAL,external,18.88
client_SARAL_pass2_detected_40to13_32,20.177588171958924,468.75,438.0841121495327,29.6461139834782,1.0,17.817245483398438,-6.571360807927926,192304.6875,1.07,1,0,SARAL_pass2_detected\40to13\spectrogram32_465988000.txt,240000.0,1024,0,detected; above; 17.3 dB on track,client_SARAL_pass2_detected_40to13,SARAL_pass2_detected,SARAL,external,17.26
client_SARAL_pass2_detected_40to13_33,19.005496593475343,0.0,0.0,55.57450835514123,1.0,16.934789657592773,-6.5689742196575995,190781.25,1.07,1,0,SARAL_pass2_detected\40to13\spectrogram33_465988000.txt,240000.0,1024,0,detected; above; 15.5 dB on track,client_SARAL_pass2_detected_40to13,SARAL_pass2_detected,SARAL,external,15.48
client_SARAL_pass2_detected_40to13_34,18.200516716957093,234.375,219.04205607476635,103.96612403225961,1.0,15.996526718139648,-6.544839110341651,190546.875,1.07,1,0,SARAL_pass2_detected\40to13\spectrogram34_465988000.txt,240000.0,1024,0,detected; above; 13.7 dB on track,client_SARAL_pass2_detected_40to13,SARAL_pass2_detected,SARAL,external,13.71
client_SARAL_pass2_detected_40to13_35,18.93524488544464,234.375,219.04205607476635,92.75163050508293,1.0,16.903200149536133,-6.538698868215615,189843.75,1.07,1,0,SARAL_pass2_detected\40to13\spectrogram35_465988000.txt,240000.0,1024,0,detected; above; 15.1 dB on track,client_SARAL_pass2_detected_40to13,SARAL_pass2_detected,SARAL,external,15.13
client_SARAL_pass2_detected_40to13_36,18.66552123069763,0.0,0.0,29.705824243334902,1.0,16.078039169311523,-6.5822590315704606,190781.25,1.07,1,0,SARAL_pass2_detected\40to13\spectrogram36_465988000.txt,240000.0,1024,0,detected; above; 15.6 dB on track,client_SARAL_pass2_detected_40to13,SARAL_pass2_detected,SARAL,external,15.61
client_SARAL_pass2_detected_40to13_37,19.765784987449646,468.75,438.0841121495327,20.920661493686804,1.0,16.84121322631836,-6.598688492324616,189140.625,1.07,1,0,SARAL_pass2_detected\40to13\spectrogram37_465988000.txt,240000.0,1024,0,detected; above; 16.9 dB on track,client_SARAL_pass2_detected_40to13,SARAL_pass2_detected,SARAL,external,16.94
client_SARAL_pass2_detected_40to13_38,22.155407894134523,16640.625,15551.98598130841,600.1670182257029,1.0,29.397424697875977,-6.489375650129662,190312.5,1.07,1,0,SARAL_pass2_detected\40to13\spectrogram38_465988000.txt,240000.0,1024,0,detected; above; 16.8 dB on track,client_SARAL_pass2_detected_40to13,SARAL_pass2_detected,SARAL,external,16.76
client_SARAL_pass2_detected_40to13_39,20.11143406677246,16171.875,15113.901869158877,1052.9740011193603,1.0,27.196426391601562,-6.559639144009925,188906.25,1.07,1,0,SARAL_pass2_detected\40to13\spectrogram39_465988000.txt,240000.0,1024,0,detected; above; 17.1 dB on track,client_SARAL_pass2_detected_40to13,SARAL_pass2_detected,SARAL,external,17.08
client_SARAL_pass2_detected_40to13_40,18.803153270721435,0.0,0.0,0.0,1.0,15.772612571716309,-6.613333103071557,189960.9375,1.07,1,0,SARAL_pass2_detected\40to13\spectrogram40_465988000.txt,240000.0,1024,0,detected; above; 16.0 dB on track,client_SARAL_pass2_detected_40to13,SARAL_pass2_detected,SARAL,external,15.96
client_SARAL_pass2_detected_40to13_41,18.35850978088379,0.0,0.0,0.0,1.0,16.364885330200195,-6.574988612798688,189960.9375,1.07,1,0,SARAL_pass2_detected\40to13\spectrogram41_465988000.txt,240000.0,1024,0,detected; above; 15.5 dB on track,client_SARAL_pass2_detected_40to13,SARAL_pass2_detected,SARAL,external,15.46
client_SARAL_pass2_detected_40to13_42,17.397214303970337,234.375,219.04205607476635,25.708773124524967,1.0,15.742469787597656,-6.6003523298670705,189843.75,1.07,1,0,SARAL_pass2_detected\40to13\spectrogram42_465988000.txt,240000.0,1024,0,detected; above; 14.3 dB on track,client_SARAL_pass2_detected_40to13,SARAL_pass2_detected,SARAL,external,14.34
client_SARAL_pass2_detected_40to13_43,18.88218013763428,0.0,0.0,1452.0953162948435,1.0,29.50535774230957,-6.591304789751998,190078.125,1.07,1,0,SARAL_pass2_detected\40to13\spectrogram43_465988000.txt,240000.0,1024,0,detected; above; 15.1 dB on track,client_SARAL_pass2_detected_40to13,SARAL_pass2_detected,SARAL,external,15.07
client_SARAL_pass2_detected_40to13_44,19.372337888717652,234.375,219.04205607476635,106.06683243728521,1.0,16.60395050048828,-6.601731664957511,191953.125,1.07,1,0,SARAL_pass2_detected\40to13\spectrogram44_465988000.txt,240000.0,1024,0,detected; above; 14.9 dB on track,client_SARAL_pass2_detected_40to13,SARAL_pass2_detected,SARAL,external,14.9
client_SARAL_pass2_detected_40to13_45,19.012274621963503,234.375,219.04205607476635,95.10038358671001,1.0,16.508705139160156,-6.542153936193354,191601.5625,1.07,1,0,SARAL_pass2_detected\40to13\spectrogram45_465988000.txt,240000.0,1024,0,detected; above; 15.0 dB on track,client_SARAL_pass2_detected_40to13,SARAL_pass2_detected,SARAL,external,14.99
client_SARAL_pass2_detected_40to13_46,18.559414829254152,0.0,0.0,69.66633309474146,1.0,16.63673973083496,-6.568938333425842,188789.0625,1.07,1,0,SARAL_pass2_detected\40to13\spectrogram46_465988000.txt,240000.0,1024,0,detected; above; 15.2 dB on track,client_SARAL_pass2_detected_40to13,SARAL_pass2_detected,SARAL,external,15.19
client_SARAL_pass2_detected_40to13_47,16.889083998680114,234.375,219.04205607476635,14.8230569917391,1.0,15.868857383728027,-6.617342807534989,190781.25,1.07,1,0,SARAL_pass2_detected\40to13\spectrogram47_465988000.txt,240000.0,1024,0,detected; above; 14.1 dB on track,client_SARAL_pass2_detected_40to13,SARAL_pass2_detected,SARAL,external,14.05
client_SARAL_pass2_detected_40to13_48,16.520124616622926,234.375,219.04205607476635,14.8230569917391,1.0,14.504447937011719,-6.694965413403582,191015.625,1.07,1,0,SARAL_pass2_detected\40to13\spectrogram48_465988000.txt,240000.0,1024,0,detected; above; 13.8 dB on track,client_SARAL_pass2_detected_40to13,SARAL_pass2_detected,SARAL,external,13.76
client_SARAL_pass2_detected_40to13_49,16.004212059020997,0.0,0.0,0.0,1.0,13.881050109863281,-6.592330149469578,191250.0,1.07,1,0,SARAL_pass2_detected\40to13\spectrogram49_465988000.txt,240000.0,1024,0,detected; above; 13.3 dB on track,client_SARAL_pass2_detected_40to13,SARAL_pass2_detected,SARAL,external,13.28
client_SARAL_pass2_detected_40to13_50,16.38613000011444,0.0,0.0,0.0,1.0,14.298431396484375,-6.674089472445596,191835.9375,1.07,1,0,SARAL_pass2_detected\40to13\spectrogram50_465988000.txt,240000.0,1024,0,detected; above; 13.6 dB on track,client_SARAL_pass2_detected_40to13,SARAL_pass2_detected,SARAL,external,13.64
client_SARAL_pass2_detected_40to13_51,17.46670521259308,0.0,0.0,0.0,1.0,14.399530410766602,-6.609434424736237,190312.5,1.07,1,0,SARAL_pass2_detected\40to13\spectrogram51_465988000.txt,240000.0,1024,0,detected; above; 14.6 dB on track,client_SARAL_pass2_detected_40to13,SARAL_pass2_detected,SARAL,external,14.65
client_SARAL_pass2_detected_40to13_52,19.175612575531005,15703.125,14675.817757009345,6179.114418303687,1.0,30.71541404724121,-6.429321332003862,189023.4375,1.07,1,0,SARAL_pass2_detected\40to13\spectrogram52_465988000.txt,240000.0,1024,0,detected; above; 12.8 dB on track,client_SARAL_pass2_detected_40to13,SARAL_pass2_detected,SARAL,external,12.85
client_SARAL_pass2_detected_40to13_53,14.74898696231842,15703.125,14675.817757009345,5128.385396164852,1.0,29.495718002319336,-6.568605141860045,190312.5,1.07,1,0,SARAL_pass2_detected\40to13\spectrogram53_465988000.txt,240000.0,1024,0,detected; above; 11.6 dB on track,client_SARAL_pass2_detected_40to13,SARAL_pass2_detected,SARAL,external,11.61
client_SARAL_pass2_detected_40to13_54,13.851914287567139,468.75,438.0841121495327,4884.101500095381,1.0,12.454505920410156,-6.621815176169994,190078.125,1.07,1,0,SARAL_pass2_detected\40to13\spectrogram54_465988000.txt,240000.0,1024,0,detected; above; 10.7 dB on track,client_SARAL_pass2_detected_40to13,SARAL_pass2_detected,SARAL,external,10.73
client_SARAL_pass2_detected_40to13_55,12.960460646629333,234.375,219.04205607476635,10948.671776552817,1.0,28.276214599609375,-6.64163116990024,189960.9375,1.07,1,0,SARAL_pass2_detected\40to13\spectrogram55_465988000.txt,240000.0,1024,0,detected; above; 8.1 dB on track,client_SARAL_pass2_detected_40to13,SARAL_pass2_detected,SARAL,external,8.08
client_SARAL_pass2_detected_40to13_56,12.526713317871094,11718.75,10952.102803738317,10359.519807286693,1.0,10.472464561462402,-6.618387197319658,189843.75,1.07,1,0,SARAL_pass2_detected\40to13\spectrogram56_465988000.txt,240000.0,1024,0,detected; above; 7.3 dB on track,client_SARAL_pass2_detected_40to13,SARAL_pass2_detected,SARAL,external,7.31
client_SARAL_pass2_detected_40to13_57,12.480532467842101,234.375,219.04205607476635,7880.880094826187,1.0,11.143054962158203,-6.668415419287977,190429.6875,1.07,1,0,SARAL_pass2_detected\40to13\spectrogram57_465988000.txt,240000.0,1024,0,detected; above; 7.4 dB on track,client_SARAL_pass2_detected_40to13,SARAL_pass2_detected,SARAL,external,7.43
client_SARAL_pass2_detected_40to13_58,12.196022756576538,79218.75,74036.21495327102,13967.102284307597,1.0,9.718514442443848,-6.607810210312918,189960.9375,1.07,1,0,SARAL_pass2_detected\40to13\spectrogram58_465988000.txt,240000.0,1024,0,detected; above; 7.0 dB on track,client_SARAL_pass2_detected_40to13,SARAL_pass2_detected,SARAL,external,7.05
client_SARAL_pass2_detected_40to13_59,14.56804815530777,10546.875,9856.892523364486,3437.5706199280717,1.0,30.321186065673828,-6.604913614906682,190546.875,1.07,1,0,SARAL_pass2_detected\40to13\spectrogram59_465988000.txt,240000.0,1024,0,detected; above; 9.1 dB on track,client_SARAL_pass2_detected_40to13,SARAL_pass2_detected,SARAL,external,9.08
client_SARAL_pass2_detected_40to13_60,13.902237296104431,11015.625,10294.976635514018,696.6836786117378,1.0,28.59478187561035,-6.669300413888325,190429.6875,1.07,1,0,SARAL_pass2_detected\40to13\spectrogram60_465988000.txt,240000.0,1024,0,detected; above; 10.1 dB on track,client_SARAL_pass2_detected_40to13,SARAL_pass2_detected,SARAL,external,10.1
client_SARAL_pass2_detected_40to13_61,14.23130470275879,0.0,0.0,8180.166344469578,1.0,12.056694984436035,-6.671921994348235,190546.875,1.07,1,0,SARAL_pass2_detected\40to13\spectrogram61_465988000.txt,240000.0,1024,0,detected; above; 11.0 dB on track,client_SARAL_pass2_detected_40to13,SARAL_pass2_detected,SARAL,external,11.04
client_SARAL_pass2_detected_40to13_62,14.782821250915527,0.0,0.0,6676.412911414694,1.0,12.539290428161621,-6.7064058947966645,189960.9375,1.07,1,0,SARAL_pass2_detected\40to13\spectrogram62_465988000.txt,240000.0,1024,0,detected; above; 11.6 dB on track,client_SARAL_pass2_detected_40to13,SARAL_pass2_detected,SARAL,external,11.64
client_SARAL_pass2_detected_40to13_63,20.284187342643737,0.0,0.0,1169.3308225928463,1.0,31.72015953063965,-6.495689925666489,189843.75,1.07,1,0,SARAL_pass2_detected\40to13\spectrogram63_465988000.txt,240000.0,1024,0,detected; above; 11.0 dB on track,client_SARAL_pass2_detected_40to13,SARAL_pass2_detected,SARAL,external,10.99
client_SARAL_pass2_detected_40to13_64,15.270059509277344,0.0,0.0,0.0,1.0,12.87325382232666,-6.713560681688826,191250.0,1.07,1,0,SARAL_pass2_detected\40to13\spectrogram64_465988000.txt,240000.0,1024,0,detected; above; 12.6 dB on track,client_SARAL_pass2_detected_40to13,SARAL_pass2_detected,SARAL,external,12.61
client_SARAL_pass2_detected_40to13_65,20.57891647529602,234.375,219.04205607476635,1148.293994593101,1.0,31.4664363861084,-6.50242450564891,190312.5,1.07,1,0,SARAL_pass2_detected\40to13\spectrogram65_465988000.txt,240000.0,1024,0,detected; above; 11.5 dB on track,client_SARAL_pass2_detected_40to13,SARAL_pass2_detected,SARAL,external,11.52
client_SARAL_pass2_detected_40to13_66,14.813898792266846,0.0,0.0,0.0,1.0,12.634957313537598,-6.691093300658093,189023.4375,1.07,1,0,SARAL_pass2_detected\40to13\spectrogram66_465988000.txt,240000.0,1024,0,detected; above; 12.1 dB on track,client_SARAL_pass2_detected_40to13,SARAL_pass2_detected,SARAL,external,12.1
client_SARAL_pass2_detected_40to13_67,12.749462056159974,93046.875,86959.69626168224,6743.386205120435,1.0,11.168251991271973,-6.675531584100246,191953.125,1.07,1,0,SARAL_pass2_detected\40to13\spectrogram67_465988000.txt,240000.0,1024,0,detected; above; 9.6 dB on track,client_SARAL_pass2_detected_40to13,SARAL_pass2_detected,SARAL,external,9.62
client_SARAL_pass2_detected_40to13_68,19.081087104320527,468.75,438.0841121495327,6519.599175862859,1.0,31.481904983520508,-6.45485321950894,188320.3125,1.07,1,0,SARAL_pass2_detected\40to13\spectrogram68_465988000.txt,240000.0,1024,0,detected; above; 9.0 dB on track,client_SARAL_pass2_detected_40to13,SARAL_pass2_detected,SARAL,external,8.96
client_SARAL_pass2_detected_40to13_69,12.909235230445862,44531.25,41617.990654205605,8936.579175820314,1.0,10.53618335723877,-6.690495773546168,191835.9375,1.07,1,0,SARAL_pass2_detected\40to13\spectrogram69_465988000.txt,240000.0,1024,0,detected; above; 9.7 dB on track,client_SARAL_pass2_detected_40to13,SARAL_pass2_detected,SARAL,external,9.72
client_SARAL_pass2_detected_40to13_70,12.572318652153015,0.0,0.0,13606.305221924455,1.0,10.87733268737793,-6.715157149203604,191132.8125,1.07,1,0,SARAL_pass2_detected\40to13\spectrogram70_465988000.txt,240000.0,1024,0,detected; above; 9.2 dB on track,client_SARAL_pass2_detected_40to13,SARAL_pass2_detected,SARAL,external,9.17
client_SARAL_pass2_detected_40to13_71,12.41292832660675,0.0,0.0,7724.885219640904,1.0,10.571968078613281,-6.700570964045774,190078.125,1.07,1,0,SARAL_pass2_detected\40to13\spectrogram71_465988000.txt,240000.0,1024,0,detected; above; 8.6 dB on track,client_SARAL_pass2_detected_40to13,SARAL_pass2_detected,SARAL,external,8.61
client_SARAL_pass2_detected_40to13_72,11.896090739250184,90468.75,84550.2336448598,18091.11293966181,1.0,10.142547607421875,-6.706386019813623,189960.9375,1.07,1,0,SARAL_pass2_detected\40to13\spectrogram72_465988000.txt,240000.0,1024,0,detected; above; 6.9 dB on track,client_SARAL_pass2_detected_40to13,SARAL_pass2_detected,SARAL,external,6.85
client_SARAL_pass2_detected_40to13_77,12.21585892009735,118359.375,110616.238317757,17167.76148226514,1.0,30.539684295654297,-6.699644133913196,191250.0,1.07,1,0,SARAL_pass2_detected\40to13\spectrogram77_465988000.txt,240000.0,1024,0,detected; above; 6.6 dB on track,client_SARAL_pass2_detected_40to13,SARAL_pass2_detected,SARAL,external,6.62
client_SARAL_pass2_detected_40to13_78,18.642268102645875,6796.875,6352.219626168224,11705.975930200364,1.0,31.20083236694336,-6.510481608328076,190664.0625,1.07,1,0,SARAL_pass2_detected\40to13\spectrogram78_465988000.txt,240000.0,1024,0,detected; above; 7.1 dB on track,client_SARAL_pass2_detected_40to13,SARAL_pass2_detected,SARAL,external,7.08
client_SARAL_pass2_detected_40to13_79,12.274455699920654,29296.875,27380.257009345794,13300.965243207376,1.0,11.699103355407715,-6.707117050889592,191953.125,1.07,1,0,SARAL_pass2_detected\40to13\spectrogram79_465988000.txt,240000.0,1024,0,detected; above; 8.1 dB on track,client_SARAL_pass2_detected_40to13,SARAL_pass2_detected,SARAL,external,8.12
client_SARAL_pass2_detected_40to13_80,12.02733422088623,29765.625,27818.341121495327,17219.107443615794,1.0,9.637027740478516,-6.735221751509042,190429.6875,1.07,1,0,SARAL_pass2_detected\40to13\spectrogram80_465988000.txt,240000.0,1024,0,detected; above; 7.6 dB on track,client_SARAL_pass2_detected_40to13,SARAL_pass2_detected,SARAL,external,7.55
client_SARAL_pass2_detected_40to13_81,11.867993501663207,31406.25,29351.63551401869,19212.54977968018,1.0,9.5242919921875,-6.723866242597376,190898.4375,1.07,1,0,SARAL_pass2_detected\40to13\spectrogram81_465988000.txt,240000.0,1024,0,detected; above; 7.6 dB on track,client_SARAL_pass2_detected_40to13,SARAL_pass2_detected,SARAL,external,7.62
client_SARAL_pass2_detected_40to13_82,12.013807081222534,5390.625,5037.967289719626,14636.147898174426,1.0,9.624746322631836,-6.683455596058029,189960.9375,1.07,1,0,SARAL_pass2_detected\40to13\spectrogram82_465988000.txt,240000.0,1024,0,detected; above; 8.2 dB on track,client_SARAL_pass2_detected_40to13,SARAL_pass2_detected,SARAL,external,8.16
client_SARAL_pass2_detected_40to13_83,12.776833640098571,65390.625,61112.73364485981,7078.7861227751055,1.0,10.410600662231445,-6.759344804182534,191601.5625,1.07,1,0,SARAL_pass2_detected\40to13\spectrogram83_465988000.txt,240000.0,1024,0,detected; above; 9.6 dB on track,client_SARAL_pass2_detected_40to13,SARAL_pass2_detected,SARAL,external,9.6
client_SARAL_pass2_detected_40to13_84,12.556596680641174,65156.25,60893.69158878504,9254.968876725257,1.0,11.146306991577148,-6.770389639284781,190429.6875,1.07,1,0,SARAL_pass2_detected\40to13\spectrogram84_465988000.txt,240000.0,1024,0,detected; above; 9.3 dB on track,client_SARAL_pass2_detected_40to13,SARAL_pass2_detected,SARAL,external,9.35
client_SARAL_pass2_detected_40to13_85,13.535442297935486,0.0,0.0,4665.091392612874,1.0,11.19953727722168,-6.773414314335935,190312.5,1.07,1,0,SARAL_pass2_detected\40to13\spectrogram85_465988000.txt,240000.0,1024,0,detected; above; 10.7 dB on track,client_SARAL_pass2_detected_40to13,SARAL_pass2_detected,SARAL,external,10.66
client_SARAL_pass2_detected_40to13_86,13.096707806587219,234.375,219.04205607476635,2523.640285687062,1.0,10.37475872039795,-6.769222043396721,191250.0,1.07,1,0,SARAL_pass2_detected\40to13\spectrogram86_465988000.txt,240000.0,1024,0,detected; above; 10.2 dB on track,client_SARAL_pass2_detected_40to13,SARAL_pass2_detected,SARAL,external,10.21
client_SARAL_pass2_detected_40to13_87,12.508693833351135,5859.375,5476.051401869158,9389.607524581577,1.0,11.395641326904297,-6.766827195578413,192421.875,1.07,1,0,SARAL_pass2_detected\40to13\spectrogram87_465988000.txt,240000.0,1024,0,detected; above; 9.3 dB on track,client_SARAL_pass2_detected_40to13,SARAL_pass2_detected,SARAL,external,9.26
client_SARAL_pass2_detected_40to13_88,12.1916020860672,61875.0,57827.102803738315,13484.727313081696,1.0,9.822933197021484,-6.784765478573141,191015.625,1.07,1,0,SARAL_pass2_detected\40to13\spectrogram88_465988000.txt,240000.0,1024,0,detected; above; 8.6 dB on track,client_SARAL_pass2_detected_40to13,SARAL_pass2_detected,SARAL,external,8.62
client_SARAL_pass2_detected_40to13_89,11.776181590080261,54140.625,50598.714953271025,15058.821822255406,1.0,8.860869407653809,-6.761867336509007,189843.75,1.07,1,0,SARAL_pass2_detected\40to13\spectrogram89_465988000.txt,240000.0,1024,0,detected; above; 7.4 dB on track,client_SARAL_pass2_detected_40to13,SARAL_pass2_detected,SARAL,external,7.39
client_SARAL_pass2_detected_11to-1_0,11.596954348564148,51328.125,47970.21028037383,17185.85518174151,1.0,8.40676498413086,-6.783811449890516,192656.25,1.07,1,0,SARAL_pass2_detected\11to-1\spectrogram0_465988000.txt,240000.0,1024,0,detected; mixed; 6.3 dB on track,client_SARAL_pass2_detected_11to-1,SARAL_pass2_detected,SARAL,external,6.26
client_SARAL_pass2_detected_11to-1_1,11.796494823455811,81562.5,76226.6355140187,14257.028947932993,1.0,9.224091529846191,-6.77074941331565,190781.25,1.07,1,0,SARAL_pass2_detected\11to-1\spectrogram1_465988000.txt,240000.0,1024,0,detected; mixed; 7.5 dB on track,client_SARAL_pass2_detected_11to-1,SARAL_pass2_detected,SARAL,external,7.53
client_SARAL_pass2_detected_11to-1_2,11.861019315719604,87187.5,81483.64485981308,17972.50386995945,1.0,8.738621711730957,-6.723916563027712,190781.25,1.07,1,0,SARAL_pass2_detected\11to-1\spectrogram2_465988000.txt,240000.0,1024,0,detected; mixed; 7.3 dB on track,client_SARAL_pass2_detected_11to-1,SARAL_pass2_detected,SARAL,external,7.28
client_SARAL_pass2_detected_11to-1_7,11.478563274383545,12656.25,11828.271028037383,14383.742071386403,1.0,8.415667533874512,-6.7159099433333305,191718.75,1.07,0,0,SARAL_pass2_detected\11to-1\spectrogram7_465988000.txt,240000.0,1024,0,detected; mixed; 2.7 dB on track,client_SARAL_pass2_detected_11to-1,SARAL_pass2_detected,SARAL,external,2.69
client_SARAL_pass2_detected_11to-1_8,11.31989320087433,28359.375,26504.088785046726,15670.393874329746,1.0,8.248730659484863,-6.769715689452351,190898.4375,1.07,0,0,SARAL_pass2_detected\11to-1\spectrogram8_465988000.txt,240000.0,1024,0,detected; mixed; 2.0 dB on track,client_SARAL_pass2_detected_11to-1,SARAL_pass2_detected,SARAL,external,2.04
client_SARAL_pass2_detected_11to-1_9,11.45655793094635,63046.875,58922.313084112146,12309.725764759822,1.0,7.9565815925598145,-6.788119455026699,192539.0625,1.07,0,0,SARAL_pass2_detected\11to-1\spectrogram9_465988000.txt,240000.0,1024,0,detected; mixed; 1.1 dB on track,client_SARAL_pass2_detected_11to-1,SARAL_pass2_detected,SARAL,external,1.06
client_SARAL_pass2_detected_11to-1_10,11.480202917099,48281.25,45122.66355140186,13979.798658920681,1.0,7.821226119995117,-6.794495136182771,192421.875,1.07,0,0,SARAL_pass2_detected\11to-1\spectrogram10_465988000.txt,240000.0,1024,0,detected; mixed; 1.1 dB on track,client_SARAL_pass2_detected_11to-1,SARAL_pass2_detected,SARAL,external,1.08
client_SARAL_pass2_detected_11to-1_11,11.370827736854553,7031.25,6571.26168224299,13639.505993255974,1.0,8.149592399597168,-6.7524634878572485,191718.75,1.07,0,0,SARAL_pass2_detected\11to-1\spectrogram11_465988000.txt,240000.0,1024,0,detected; mixed; 2.5 dB on track,client_SARAL_pass2_detected_11to-1,SARAL_pass2_detected,SARAL,external,2.51
client_SARAL_pass2_detected_11to-1_15,11.475120261192322,2109.375,1971.3785046728972,19333.00751748305,1.0,8.519558906555176,-6.782374455066111,192187.5,1.07,0,0,SARAL_pass2_detected\11to-1\spectrogram15_465988000.txt,240000.0,1024,0,detected; mixed; 2.7 dB on track,client_SARAL_pass2_detected_11to-1,SARAL_pass2_detected,SARAL,external,2.71
client_SARAL_pass2_detected_11to-1_16,11.40421360874176,27187.5,25408.878504672895,16578.391496340617,1.0,8.169585227966309,-6.704184233880185,191718.75,1.07,0,0,SARAL_pass2_detected\11to-1\spectrogram16_465988000.txt,240000.0,1024,0,detected; mixed; 2.6 dB on track,client_SARAL_pass2_detected_11to-1,SARAL_pass2_detected,SARAL,external,2.56
client_SARAL_pass2_detected_11to-1_17,11.412233563423158,50625.0,47313.08411214953,11096.195294619249,1.0,8.292071342468262,-6.698620616826141,190312.5,1.07,0,0,SARAL_pass2_detected\11to-1\spectrogram17_465988000.txt,240000.0,1024,0,detected; mixed; 2.2 dB on track,client_SARAL_pass2_detected_11to-1,SARAL_pass2_detected,SARAL,external,2.18
client_SARAL_pass2_detected_11to-1_18,11.313462905883789,2812.5,2628.504672897196,16314.552678571188,1.0,7.7581305503845215,-6.725004967332661,190781.25,1.07,0,0,SARAL_pass2_detected\11to-1\spectrogram18_465988000.txt,240000.0,1024,0,detected; mixed; 1.5 dB on track,client_SARAL_pass2_detected_11to-1,SARAL_pass2_detected,SARAL,external,1.49
client_SARAL_pass2_detected_11to-1_19,11.306357427597046,10078.125,9418.808411214954,13662.657507300943,1.0,8.34145736694336,-6.7514981427597265,190312.5,1.07,0,0,SARAL_pass2_detected\11to-1\spectrogram19_465988000.txt,240000.0,1024,0,detected; mixed; 1.3 dB on track,client_SARAL_pass2_detected_11to-1,SARAL_pass2_detected,SARAL,external,1.32
client_SARAL_pass2_detected_11to-1_20,11.345094909667969,48281.25,45122.66355140186,15044.801833023239,1.0,7.74241828918457,-6.701177021712044,191250.0,1.07,0,0,SARAL_pass2_detected\11to-1\spectrogram20_465988000.txt,240000.0,1024,0,detected; mixed; 2.4 dB on track,client_SARAL_pass2_detected_11to-1,SARAL_pass2_detected,SARAL,external,2.39
client_SARAL_pass2_detected_11to-1_21,11.443596656799317,5390.625,5037.967289719626,18704.015025747285,1.0,7.954246520996094,-6.742336795070425,191015.625,1.07,0,0,SARAL_pass2_detected\11to-1\spectrogram21_465988000.txt,240000.0,1024,0,detected; mixed; 1.9 dB on track,client_SARAL_pass2_detected_11to-1,SARAL_pass2_detected,SARAL,external,1.91
client_SARAL_pass2_detected_11to-1_22,11.326021590232848,39140.625,36580.023364485976,16927.374614125318,1.0,7.852457046508789,-6.751883172742815,193359.375,1.07,0,0,SARAL_pass2_detected\11to-1\spectrogram22_465988000.txt,240000.0,1024,0,detected; mixed; 1.8 dB on track,client_SARAL_pass2_detected_11to-1,SARAL_pass2_detected,SARAL,external,1.85
client_SARAL_pass2_detected_11to-1_24,11.382812549591064,64218.75,60017.523364485976,15574.894884189605,1.0,8.194416999816895,-6.747525398843778,190429.6875,1.07,0,0,SARAL_pass2_detected\11to-1\spectrogram24_465988000.txt,240000.0,1024,0,detected; mixed; 1.8 dB on track,client_SARAL_pass2_detected_11to-1,SARAL_pass2_detected,SARAL,external,1.77
client_SARAL_pass2_detected_11to-1_25,11.27967481803894,36796.875,34389.602803738315,13214.117697218218,1.0,7.709969520568848,-6.731156228947549,191015.625,1.07,0,0,SARAL_pass2_detected\11to-1\spectrogram25_465988000.txt,240000.0,1024,0,detected; mixed; 0.7 dB on track,client_SARAL_pass2_detected_11to-1,SARAL_pass2_detected,SARAL,external,0.75
client_SARAL_pass2_detected_11to-1_26,11.344680620193481,3750.0,3504.6728971962616,18678.592446471604,1.0,8.431535720825195,-6.742874766906728,191367.1875,1.07,0,0,SARAL_pass2_detected\11to-1\spectrogram26_465988000.txt,240000.0,1024,0,detected; mixed; 1.4 dB on track,client_SARAL_pass2_detected_11to-1,SARAL_pass2_detected,SARAL,external,1.37
client_SARAL_pass2_detected_11to-1_27,11.410920384407044,11718.75,10952.102803738317,15536.316189895198,1.0,7.61881160736084,-6.747478277074349,193242.1875,1.07,0,0,SARAL_pass2_detected\11to-1\spectrogram27_465988000.txt,240000.0,1024,0,detected; mixed; 0.5 dB on track,client_SARAL_pass2_detected_11to-1,SARAL_pass2_detected,SARAL,external,0.5
client_SARAL_pass2_detected_11to-1_28,11.339872367858886,135937.5,127044.39252336448,15360.690387813387,1.0,8.878702163696289,-6.74273381271204,190898.4375,1.07,0,0,SARAL_pass2_detected\11to-1\spectrogram28_465988000.txt,240000.0,1024,0,detected; mixed; 0.8 dB on track,client_SARAL_pass2_detected_11to-1,SARAL_pass2_detected,SARAL,external,0.77
client_SARAL_pass2_detected_11to-1_29,11.428692713737489,13125.0,12266.355140186915,12612.312573713478,1.0,8.408612251281738,-6.734883901268039,191250.0,1.07,0,0,SARAL_pass2_detected\11to-1\spectrogram29_465988000.txt,240000.0,1024,0,detected; mixed; 0.4 dB on track,client_SARAL_pass2_detected_11to-1,SARAL_pass2_detected,SARAL,external,0.44
client_SARAL_pass2_detected_11to-1_30,11.435825007438659,14296.875,13361.565420560746,16405.80663278457,1.0,9.040454864501953,-6.755637142948614,188789.0625,1.07,0,0,SARAL_pass2_detected\11to-1\spectrogram30_465988000.txt,240000.0,1024,0,detected; mixed; 0.5 dB on track,client_SARAL_pass2_detected_11to-1,SARAL_pass2_detected,SARAL,external,0.53
client_SARAL_pass2_detected_11to-1_31,11.364679466247559,46875.0,43808.41121495327,12594.878510739678,1.0,7.78434944152832,-6.80069182323484,189960.9375,1.07,0,0,SARAL_pass2_detected\11to-1\spectrogram31_465988000.txt,240000.0,1024,0,detected; mixed; 0.4 dB on track,client_SARAL_pass2_detected_11to-1,SARAL_pass2_detected,SARAL,external,0.36
client_SARAL_pass2_detected_11to-1_32,11.32249796962738,76406.25,71407.71028037382,13188.041010731356,1.0,8.90269660949707,-6.824387690257403,190781.25,1.07,0,0,SARAL_pass2_detected\11to-1\spectrogram32_465988000.txt,240000.0,1024,0,detected; mixed; 0.2 dB on track,client_SARAL_pass2_detected_11to-1,SARAL_pass2_detected,SARAL,external,0.2
client_SARAL_pass2_detected_11to-1_33,11.425956242561341,1406.25,1314.252336448598,11927.710174861359,1.0,7.472999572753906,-6.8723135282407535,191250.0,1.07,0,0,SARAL_pass2_detected\11to-1\spectrogram33_465988000.txt,240000.0,1024,0,detected; mixed; 0.2 dB on track,client_SARAL_pass2_detected_11to-1,SARAL_pass2_detected,SARAL,external,0.23
client_SARAL_pass2_detected_11to-1_34,11.27058014202118,68437.5,63960.280373831774,12495.648017858235,1.0,8.34340763092041,-6.849129407384511,191132.8125,1.07,0,0,SARAL_pass2_detected\11to-1\spectrogram34_465988000.txt,240000.0,1024,0,detected; mixed; 0.7 dB on track,client_SARAL_pass2_detected_11to-1,SARAL_pass2_detected,SARAL,external,0.73
client_SARAL_pass2_detected_11to-1_35,11.329417880058289,26250.0,24532.71028037383,16033.893185276274,1.0,8.103193283081055,-6.837195470016361,191718.75,1.07,0,0,SARAL_pass2_detected\11to-1\spectrogram35_465988000.txt,240000.0,1024,0,detected; mixed; 0.5 dB on track,client_SARAL_pass2_detected_11to-1,SARAL_pass2_detected,SARAL,external,0.5
client_SARAL_pass2_detected_11to-1_36,11.71732775402069,24843.75,23218.457943925234,11203.870460099646,1.0,9.566367149353027,-6.778437026115801,191484.375,1.07,0,0,SARAL_pass2_detected\11to-1\spectrogram36_465988000.txt,240000.0,1024,0,detected; mixed; 0.7 dB on track,client_SARAL_pass2_detected_11to-1,SARAL_pass2_detected,SARAL,external,0.71
client_SARAL_pass2_detected_11to-1_37,11.326525977134704,85781.25,80169.39252336448,15986.798809052909,1.0,7.499190330505371,-6.777419068850964,190078.125,1.07,0,0,SARAL_pass2_detected\11to-1\spectrogram37_465988000.txt,240000.0,1024,0,detected; mixed; 0.2 dB on track,client_SARAL_pass2_detected_11to-1,SARAL_pass2_detected,SARAL,external,0.25
client_SARAL_pass2_detected_11to-1_38,11.333051825523377,19921.875,18618.574766355137,12516.978162260813,1.0,7.579978942871094,-6.771749497380265,191718.75,1.07,0,0,SARAL_pass2_detected\11to-1\spectrogram38_465988000.txt,240000.0,1024,0,detected; mixed; 0.7 dB on track,client_SARAL_pass2_detected_11to-1,SARAL_pass2_detected,SARAL,external,0.72
client_SARAL_pass2_detected_11to-1_39,11.33053347682953,75000.0,70093.45794392523,14394.968229337514,1.0,8.566699981689453,-6.72032833576024,192187.5,1.07,0,0,SARAL_pass2_detected\11to-1\spectrogram39_465988000.txt,240000.0,1024,0,detected; mixed; 0.7 dB on track,client_SARAL_pass2_detected_11to-1,SARAL_pass2_detected,SARAL,external,0.68
client_SARAL_pass2_detected_11to-1_40,11.27458043193817,11015.625,10294.976635514018,13495.962157621128,1.0,8.105026245117188,-6.675525422976303,191718.75,1.07,0,0,SARAL_pass2_detected\11to-1\spectrogram40_465988000.txt,240000.0,1024,0,detected; mixed; 0.5 dB on track,client_SARAL_pass2_detected_11to-1,SARAL_pass2_detected,SARAL,external,0.47
client_SARAL_pass2_detected_11to-1_41,11.336569822311402,33984.375,31761.09813084112,13534.308675388518,1.0,7.861066818237305,-6.597007655317301,190898.4375,1.07,0,0,SARAL_pass2_detected\11to-1\spectrogram41_465988000.txt,240000.0,1024,0,detected; mixed; 0.9 dB on track,client_SARAL_pass2_detected_11to-1,SARAL_pass2_detected,SARAL,external,0.91
client_SARAL_pass2_detected_11to-1_42,12.924529114723205,46640.625,43589.3691588785,11684.53174235783,1.0,15.05624771118164,-6.559408337592895,191953.125,1.07,0,0,SARAL_pass2_detected\11to-1\spectrogram42_465988000.txt,240000.0,1024,0,detected; mixed; 0.4 dB on track,client_SARAL_pass2_detected_11to-1,SARAL_pass2_detected,SARAL,external,0.35
client_SARAL_pass2_detected_11to-1_43,12.107686995506286,22031.25,20589.953271028036,10629.12948995184,1.0,11.555707931518555,-6.671250952992607,191132.8125,1.07,0,0,SARAL_pass2_detected\11to-1\spectrogram43_465988000.txt,240000.0,1024,0,detected; mixed; 0.8 dB on track,client_SARAL_pass2_detected_11to-1,SARAL_pass2_detected,SARAL,external,0.84
client_SARAL_pass2_detected_11to-1_44,15.756242408752442,47109.375,44027.45327102803,9257.389480907928,1.0,17.11069107055664,-6.5593619728796995,188671.875,1.07,0,0,SARAL_pass2_detected\11to-1\spectrogram44_465988000.txt,240000.0,1024,0,detected; mixed; -0.1 dB on track,client_SARAL_pass2_detected_11to-1,SARAL_pass2_detected,SARAL,external,-0.15
client_SARAL_pass2_detected_11to-1_45,11.667331937789918,65859.375,61550.81775700934,13234.76889925961,1.0,9.740469932556152,-6.678371129232633,191484.375,1.07,0,0,SARAL_pass2_detected\11to-1\spectrogram45_465988000.txt,240000.0,1024,0,detected; mixed; 0.8 dB on track,client_SARAL_pass2_detected_11to-1,SARAL_pass2_detected,SARAL,external,0.85
client_SARAL_pass2_detected_11to-1_46,11.469481452941894,52968.75,49503.504672897194,13775.61658983518,1.0,9.251302719116211,-6.65361610338884,190546.875,1.07,0,0,SARAL_pass2_detected\11to-1\spectrogram46_465988000.txt,240000.0,1024,0,detected; mixed; 1.0 dB on track,client_SARAL_pass2_detected_11to-1,SARAL_pass2_detected,SARAL,external,0.99
client_SARAL_pass2_detected_11to-1_47,11.355747339248657,703.125,657.126168224299,15957.42688533593,1.0,8.644956588745117,-6.613869033707442,193359.375,1.07,0,0,SARAL_pass2_detected\11to-1\spectrogram47_465988000.txt,240000.0,1024,0,detected; mixed; 0.8 dB on track,client_SARAL_pass2_detected_11to-1,SARAL_pass2_detected,SARAL,external,0.79
client_SARAL_pass2_detected_11to-1_48,11.566232977867127,42656.25,39865.654205607476,13738.285125759774,1.0,9.468256950378418,-6.750383190723606,192070.3125,1.07,0,0,SARAL_pass2_detected\11to-1\spectrogram48_465988000.txt,240000.0,1024,0,detected; mixed; 1.6 dB on track,client_SARAL_pass2_detected_11to-1,SARAL_pass2_detected,SARAL,external,1.58
client_SARAL_pass2_detected_11to-1_56,18.894011815071106,56250.0,52570.09345794392,10375.69920630416,1.0,30.812570571899414,-6.341928226469613,188203.125,1.07,0,0,SARAL_pass2_detected\11to-1\spectrogram56_465988000.txt,240000.0,1024,0,detected; mixed; 2.6 dB on track,client_SARAL_pass2_detected_11to-1,SARAL_pass2_detected,SARAL,external,2.58
client_SARAL_pass2_detected_11to-1_57,11.503782546997071,6093.75,5695.0934579439245,16275.100298779556,1.0,8.605932235717773,-6.583396741816983,190312.5,1.07,0,0,SARAL_pass2_detected\11to-1\spectrogram57_465988000.txt,240000.0,1024,0,detected; mixed; 2.9 dB on track,client_SARAL_pass2_detected_11to-1,SARAL_pass2_detected,SARAL,external,2.87
client_SARAL_pass2_detected_11to-1_58,11.420364339828492,18281.25,17085.280373831774,14891.98009037789,1.0,9.237340927124023,-6.586934167166235,192539.0625,1.07,0,0,SARAL_pass2_detected\11to-1\spectrogram58_465988000.txt,240000.0,1024,0,detected; mixed; 1.9 dB on track,client_SARAL_pass2_detected_11to-1,SARAL_pass2_detected,SARAL,external,1.89
client_SARAL_pass2_detected_11to-1_59,11.389424880027772,35859.375,33513.43457943925,14374.035590069438,1.0,7.989667892456055,-6.574027429855621,190781.25,1.07,0,0,SARAL_pass2_detected\11to-1\spectrogram59_465988000.txt,240000.0,1024,0,detected; mixed; 1.5 dB on track,client_SARAL_pass2_detected_11to-1,SARAL_pass2_detected,SARAL,external,1.48
client_SARAL_pass2_detected_11to-1_60,11.459087777137757,74531.25,69655.3738317757,15402.934496613723,1.0,8.485054969787598,-6.585923489962793,192656.25,1.07,0,0,SARAL_pass2_detected\11to-1\spectrogram60_465988000.txt,240000.0,1024,0,detected; mixed; 2.1 dB on track,client_SARAL_pass2_detected_11to-1,SARAL_pass2_detected,SARAL,external,2.14
client_SARAL_pass2_detected_11to-1_61,11.314840152740478,27421.875,25627.92056074766,14931.72071644227,1.0,7.589247226715088,-6.594417047314592,190664.0625,1.07,0,0,SARAL_pass2_detected\11to-1\spectrogram61_465988000.txt,240000.0,1024,0,detected; mixed; 1.0 dB on track,client_SARAL_pass2_detected_11to-1,SARAL_pass2_detected,SARAL,external,1.0
client_SARAL_pass2_detected_11to-1_62,11.367726952552795,50625.0,47313.08411214953,14455.665885815304,1.0,8.200142860412598,-6.566200400547924,190546.875,1.07,0,0,SARAL_pass2_detected\11to-1\spectrogram62_465988000.txt,240000.0,1024,0,detected; mixed; 0.8 dB on track,client_SARAL_pass2_detected_11to-1,SARAL_pass2_detected,SARAL,external,0.79
client_SARAL_pass2_detected_11to-1_63,11.447090247154236,65859.375,61550.81775700934,14882.706051806912,1.0,8.547378540039062,-6.591012601183062,192421.875,1.07,0,0,SARAL_pass2_detected\11to-1\spectrogram63_465988000.txt,240000.0,1024,0,detected; mixed; 0.7 dB on track,client_SARAL_pass2_detected_11to-1,SARAL_pass2_detected,SARAL,external,0.74
client_SARAL_pass2_detected_11to-1_64,11.312220847129822,60234.375,56293.80841121495,15080.758919520636,1.0,7.883491039276123,-6.5481010538507025,191601.5625,1.07,0,0,SARAL_pass2_detected\11to-1\spectrogram64_465988000.txt,240000.0,1024,0,detected; mixed; 0.4 dB on track,client_SARAL_pass2_detected_11to-1,SARAL_pass2_detected,SARAL,external,0.41
client_SARAL_pass2_detected_11to-1_65,11.430710799217223,64218.75,60017.523364485976,12385.516396595365,1.0,7.786245346069336,-6.559151537066457,191132.8125,1.07,0,0,SARAL_pass2_detected\11to-1\spectrogram65_465988000.txt,240000.0,1024,0,detected; mixed; 0.9 dB on track,client_SARAL_pass2_detected_11to-1,SARAL_pass2_detected,SARAL,external,0.87
client_SARAL_pass2_detected_11to-1_66,11.399846075057983,63750.0,59579.439252336444,13061.199240078524,1.0,9.087384223937988,-6.57033988714202,191718.75,1.07,0,0,SARAL_pass2_detected\11to-1\spectrogram66_465988000.txt,240000.0,1024,0,detected; mixed; 0.7 dB on track,client_SARAL_pass2_detected_11to-1,SARAL_pass2_detected,SARAL,external,0.66
client_SARAL_pass2_detected_11to-1_67,11.375240580558778,3046.875,2847.5467289719622,12858.85084265324,1.0,9.378278732299805,-6.686112778661291,191953.125,1.07,0,0,SARAL_pass2_detected\11to-1\spectrogram67_465988000.txt,240000.0,1024,0,detected; mixed; 0.6 dB on track,client_SARAL_pass2_detected_11to-1,SARAL_pass2_detected,SARAL,external,0.64
client_SARAL_pass2_detected_11to-1_68,11.297736909866334,41484.375,38770.443925233645,19600.347544201126,1.0,7.575512886047363,-6.662085746165347,192187.5,1.07,0,0,SARAL_pass2_detected\11to-1\spectrogram68_465988000.txt,240000.0,1024,0,detected; mixed; 0.7 dB on track,client_SARAL_pass2_detected_11to-1,SARAL_pass2_detected,SARAL,external,0.67
client_SARAL_pass2_detected_11to-1_69,11.371679413795471,6562.5,6133.177570093458,16610.19731196095,1.0,8.610335350036621,-6.6710669087609755,191953.125,1.07,0,0,SARAL_pass2_detected\11to-1\spectrogram69_465988000.txt,240000.0,1024,0,detected; mixed; 0.2 dB on track,client_SARAL_pass2_detected_11to-1,SARAL_pass2_detected,SARAL,external,0.21
client_SARAL_pass2_detected_11to-1_70,11.37656083393097,28593.75,26723.130841121492,16694.621853285942,1.0,8.441695213317871,-6.660099554711897,190781.25,1.07,0,0,SARAL_pass2_detected\11to-1\spectrogram70_465988000.txt,240000.0,1024,0,detected; mixed; 0.5 dB on track,client_SARAL_pass2_detected_11to-1,SARAL_pass2_detected,SARAL,external,0.51
client_SARAL_pass2_detected_11to-1_71,11.410220240592956,24843.75,23218.457943925234,16452.07184557143,1.0,8.453973770141602,-6.59182908066069,191367.1875,1.07,0,0,SARAL_pass2_detected\11to-1\spectrogram71_465988000.txt,240000.0,1024,0,detected; mixed; 0.9 dB on track,client_SARAL_pass2_detected_11to-1,SARAL_pass2_detected,SARAL,external,0.86
client_SARAL_pass2_detected_11to-1_72,11.399038522720337,10546.875,9856.892523364486,15365.054868434074,1.0,8.353899955749512,-6.596560418983911,193945.3125,1.07,0,0,SARAL_pass2_detected\11to-1\spectrogram72_465988000.txt,240000.0,1024,0,detected; mixed; 1.2 dB on track,client_SARAL_pass2_detected_11to-1,SARAL_pass2_detected,SARAL,external,1.17
client_SARAL_pass2_detected_11to-1_73,11.440477282524109,55781.25,52132.00934579439,15385.48431384167,1.0,7.966938018798828,-6.602010034349839,192070.3125,1.07,0,0,SARAL_pass2_detected\11to-1\spectrogram73_465988000.txt,240000.0,1024,0,detected; mixed; 0.4 dB on track,client_SARAL_pass2_detected_11to-1,SARAL_pass2_detected,SARAL,external,0.42
client_SARAL_pass2_detected_11to-1_74,11.400211771965028,79453.125,74255.25700934579,13704.429318892666,1.0,8.233559608459473,-6.598918279249708,191250.0,1.07,0,0,SARAL_pass2_detected\11to-1\spectrogram74_465988000.txt,240000.0,1024,0,detected; mixed; 1.0 dB on track,client_SARAL_pass2_detected_11to-1,SARAL_pass2_detected,SARAL,external,0.97
client_SARAL_pass2_detected_11to-1_75,11.410097086906433,42890.625,40084.69626168224,15100.353970713688,1.0,8.67385196685791,-6.560956086406371,192890.625,1.07,0,0,SARAL_pass2_detected\11to-1\spectrogram75_465988000.txt,240000.0,1024,0,detected; mixed; 0.5 dB on track,client_SARAL_pass2_detected_11to-1,SARAL_pass2_detected,SARAL,external,0.49
client_SARAL_pass2_detected_11to-1_76,11.438066024780273,11250.0,10514.018691588784,14558.799512229503,1.0,8.017745018005371,-6.564485944582275,189609.375,1.07,0,0,SARAL_pass2_detected\11to-1\spectrogram76_465988000.txt,240000.0,1024,0,detected; mixed; 0.6 dB on track,client_SARAL_pass2_detected_11to-1,SARAL_pass2_detected,SARAL,external,0.56
client_SARAL_pass2_detected_11to-1_77,11.472341391563415,3515.625,3285.630841121495,14550.700646297295,1.0,8.088891983032227,-6.585524284718034,192070.3125,1.07,0,0,SARAL_pass2_detected\11to-1\spectrogram77_465988000.txt,240000.0,1024,0,detected; mixed; 0.9 dB on track,client_SARAL_pass2_detected_11to-1,SARAL_pass2_detected,SARAL,external,0.94
client_SARAL_pass2_detected_11to-1_78,11.457225825309754,15000.0,14018.691588785046,13336.290347322265,1.0,8.826162338256836,-6.579065915193284,194414.0625,1.07,0,0,SARAL_pass2_detected\11to-1\spectrogram78_465988000.txt,240000.0,1024,0,detected; mixed; 0.5 dB on track,client_SARAL_pass2_detected_11to-1,SARAL_pass2_detected,SARAL,external,0.5
client_SARAL_pass2_detected_11to-1_79,11.466754148483277,76875.0,71845.79439252336,15748.135398620441,1.0,8.337726593017578,-6.595956412682833,191484.375,1.07,0,0,SARAL_pass2_detected\11to-1\spectrogram79_465988000.txt,240000.0,1024,0,detected; mixed; 1.1 dB on track,client_SARAL_pass2_detected_11to-1,SARAL_pass2_detected,SARAL,external,1.06
client_SARAL_pass2_detected_11to-1_80,11.460388072013854,31875.0,29789.719626168222,14945.924793483347,1.0,8.83554458618164,-6.566619801345584,192773.4375,1.07,0,0,SARAL_pass2_detected\11to-1\spectrogram80_465988000.txt,240000.0,1024,0,detected; mixed; 1.0 dB on track,client_SARAL_pass2_detected_11to-1,SARAL_pass2_detected,SARAL,external,1.0
client_SARAL_pass2_detected_11to-1_81,11.38331759738922,9843.75,9199.766355140186,16246.634508952973,1.0,7.984783172607422,-6.566805367207804,192421.875,1.07,0,0,SARAL_pass2_detected\11to-1\spectrogram81_465988000.txt,240000.0,1024,0,detected; mixed; 0.6 dB on track,client_SARAL_pass2_detected_11to-1,SARAL_pass2_detected,SARAL,external,0.61
client_SARAL_pass2_detected_11to-1_82,11.441007390975953,21093.75,19713.78504672897,14619.743884266234,1.0,8.399971008300781,-6.559466499659881,191132.8125,1.07,0,0,SARAL_pass2_detected\11to-1\spectrogram82_465988000.txt,240000.0,1024,0,detected; mixed; 0.9 dB on track,client_SARAL_pass2_detected_11to-1,SARAL_pass2_detected,SARAL,external,0.91
client_SARAL_pass2_detected_11to-1_83,11.423398551940918,99609.375,93092.8738317757,16371.855071500127,1.0,7.848167419433594,-6.549940097702528,191015.625,1.07,0,0,SARAL_pass2_detected\11to-1\spectrogram83_465988000.txt,240000.0,1024,0,detected; mixed; 0.9 dB on track,client_SARAL_pass2_detected_11to-1,SARAL_pass2_detected,SARAL,external,0.93
client_SARAL_pass2_detected_11to-1_84,11.323725422859193,37734.375,35265.77102803738,15024.01905838045,1.0,8.793828964233398,-6.554124452902137,190664.0625,1.07,0,0,SARAL_pass2_detected\11to-1\spectrogram84_465988000.txt,240000.0,1024,0,detected; mixed; 0.7 dB on track,client_SARAL_pass2_detected_11to-1,SARAL_pass2_detected,SARAL,external,0.74
client_SARAL_pass2_detected_11to-1_85,11.44334370136261,72890.625,68122.07943925234,15364.478352864333,1.0,9.311540603637695,-6.567148008972824,191484.375,1.07,0,0,SARAL_pass2_detected\11to-1\spectrogram85_465988000.txt,240000.0,1024,0,detected; mixed; 1.0 dB on track,client_SARAL_pass2_detected_11to-1,SARAL_pass2_detected,SARAL,external,1.01
client_SARAL_pass2_detected_11to-1_86,11.515591673851013,90468.75,84550.2336448598,14119.92247078007,1.0,8.08763313293457,-6.562822993174268,192421.875,1.07,0,0,SARAL_pass2_detected\11to-1\spectrogram86_465988000.txt,240000.0,1024,0,detected; mixed; 0.4 dB on track,client_SARAL_pass2_detected_11to-1,SARAL_pass2_detected,SARAL,external,0.44
client_SARAL_pass2_detected_11to-1_87,11.423347534179687,5156.25,4818.92523364486,15222.692000095549,1.0,8.877123832702637,-6.537165375594867,192421.875,1.07,0,0,SARAL_pass2_detected\11to-1\spectrogram87_465988000.txt,240000.0,1024,0,detected; mixed; 0.8 dB on track,client_SARAL_pass2_detected_11to-1,SARAL_pass2_detected,SARAL,external,0.82
client_SARAL_pass2_detected_11to-1_88,11.402343101501465,42187.5,39427.57009345794,12873.987068004759,1.0,8.820554733276367,-6.549412052648532,191718.75,1.07,0,0,SARAL_pass2_detected\11to-1\spectrogram88_465988000.txt,240000.0,1024,0,detected; mixed; 0.9 dB on track,client_SARAL_pass2_detected_11to-1,SARAL_pass2_detected,SARAL,external,0.94
client_SARAL_pass2_detected_11to-1_89,11.43666501903534,42421.875,39646.61214953271,13913.39302604969,1.0,8.749938011169434,-6.472280226272472,190781.25,1.07,0,0,SARAL_pass2_detected\11to-1\spectrogram89_465988000.txt,240000.0,1024,0,detected; mixed; 0.7 dB on track,client_SARAL_pass2_detected_11to-1,SARAL_pass2_detected,SARAL,external,0.66
client_SARAL_pass2_detected_11to-1_90,11.41056307888031,57656.25,53884.34579439252,13290.484728983323,1.0,7.72096586227417,-6.523573641935736,192304.6875,1.07,0,0,SARAL_pass2_detected\11to-1\spectrogram90_465988000.txt,240000.0,1024,0,detected; mixed; 0.5 dB on track,client_SARAL_pass2_detected_11to-1,SARAL_pass2_detected,SARAL,external,0.46
client_SARAL_pass2_detected_11to-1_91,11.41809459400177,35625.0,33294.392523364484,12087.708459194118,1.0,8.346513748168945,-6.528122252959634,190429.6875,1.07,0,0,SARAL_pass2_detected\11to-1\spectrogram91_465988000.txt,240000.0,1024,0,detected; mixed; 0.9 dB on track,client_SARAL_pass2_detected_11to-1,SARAL_pass2_detected,SARAL,external,0.86
client_SARAL_pass2_detected_11to-1_92,11.439705520629882,25546.875,23875.584112149532,12930.867881859498,1.0,8.168170928955078,-6.504447110454382,190664.0625,1.07,0,0,SARAL_pass2_detected\11to-1\spectrogram92_465988000.txt,240000.0,1024,0,detected; mixed; 1.1 dB on track,client_SARAL_pass2_detected_11to-1,SARAL_pass2_detected,SARAL,external,1.09
client_SARAL_pass2_detected_11to-1_93,11.415671125411988,13359.375,12485.397196261682,12929.184454909342,1.0,8.562478065490723,-6.51637789436967,191367.1875,1.07,0,0,SARAL_pass2_detected\11to-1\spectrogram93_465988000.txt,240000.0,1024,0,detected; mixed; 0.5 dB on track,client_SARAL_pass2_detected_11to-1,SARAL_pass2_detected,SARAL,external,0.55
client_SARAL_pass2_detected_11to-1_94,11.411799289703369,12656.25,11828.271028037383,15896.72628856065,1.0,8.347664833068848,-6.514580544795844,191835.9375,1.07,0,0,SARAL_pass2_detected\11to-1\spectrogram94_465988000.txt,240000.0,1024,0,detected; mixed; 0.4 dB on track,client_SARAL_pass2_detected_11to-1,SARAL_pass2_detected,SARAL,external,0.42
client_SARAL_pass2_detected_11to-1_95,11.531988773345947,25078.125,23437.5,15939.72164651617,1.0,9.546761512756348,-6.527499826592849,192304.6875,1.07,0,0,SARAL_pass2_detected\11to-1\spectrogram95_465988000.txt,240000.0,1024,0,detected; mixed; 1.2 dB on track,client_SARAL_pass2_detected_11to-1,SARAL_pass2_detected,SARAL,external,1.24
client_SARAL_pass2_detected_11to-1_96,11.532206433296203,41250.0,38551.40186915888,14293.83947129761,1.0,10.611730575561523,-6.587687803042936,190312.5,1.07,0,0,SARAL_pass2_detected\11to-1\spectrogram96_465988000.txt,240000.0,1024,0,detected; mixed; 0.4 dB on track,client_SARAL_pass2_detected_11to-1,SARAL_pass2_detected,SARAL,external,0.44
client_SARAL_pass2_detected_11to-1_97,11.44449050426483,83671.875,78198.01401869158,14804.152831623445,1.0,9.061019897460938,-6.55043863766082,191132.8125,1.07,0,0,SARAL_pass2_detected\11to-1\spectrogram97_465988000.txt,240000.0,1024,0,detected; mixed; 0.9 dB on track,client_SARAL_pass2_detected_11to-1,SARAL_pass2_detected,SARAL,external,0.9
client_SARAL_pass2_detected_11to-1_98,11.34877132511139,3515.625,3285.630841121495,14658.974722011295,1.0,8.51699447631836,-6.5657755687178705,191718.75,1.07,0,0,SARAL_pass2_detected\11to-1\spectrogram98_465988000.txt,240000.0,1024,0,detected; mixed; 0.3 dB on track,client_SARAL_pass2_detected_11to-1,SARAL_pass2_detected,SARAL,external,0.34
client_SARAL_pass2_detected_11to-1_99,11.42773719215393,4218.75,3942.7570093457944,14651.994664445887,1.0,9.042523384094238,-6.520696210695984,190546.875,1.07,0,0,SARAL_pass2_detected\11to-1\spectrogram99_465988000.txt,240000.0,1024,0,detected; mixed; 0.7 dB on track,client_SARAL_pass2_detected_11to-1,SARAL_pass2_detected,SARAL,external,0.69
