capture_id,wf_peak_z,wf_centre_excess_z,wf_centre_active_frac,wf_any_active_frac,wf_centre_to_any_ratio,wf_profile_peak_z,wf_profile_peak_offset,wf_track_jitter,wf_active_span_frac,wf_row_burstiness,wf_vert_coherence,wf_horiz_coherence,label,is_synthetic,recording_id,source_file,satnogs_id,norad_cat_id,status,waterfall_status,label_source,transmitter_mode,observation_frequency,max_altitude,station_name,ground_station,start,waterfall_url
satnogs_15053879,44.36749987801766,-0.601736611105174,0.2578125,1.0,0.2578125,14.615449504489545,0.2549019607843137,0.0,1.0,1.4289373375984338,0.9833882242048885,0.928819151387087,1,0,station_4755,https://s3.eu-central-1.wasabisys.com/satnogs-network/data_obs/2026/9/23/21/15053879/waterfall_15053879_2026-09-23T21-42-01.png,15053879,60527,good,,,BPSK,400651000,23.0,NKUA EVRIPOS - UHF,4755.0,2026-09-23T21:42:01Z,https://s3.eu-central-1.wasabisys.com/satnogs-network/data_obs/2026/9/23/21/15053879/waterfall_15053879_2026-09-23T21-42-01.png
satnogs_15054009,2.7494373327085677,1.487196330373509,0.015625,0.015625,1.0,5.509280604564165,0.0784313725490196,0.5,0.0,4.407498166360596,0.7570640264217449,0.8034237489208398,1,0,station_4188,https://s3.eu-central-1.wasabisys.com/satnogs-network/data_obs/2026/9/23/21/15054009/waterfall_15054009_2026-09-23T21-42-01.png,15054009,55104,good,,,GMSK,437325000,85.0,ISAE Supaero V/UHF,4188.0,2026-09-23T21:42:01Z,https://s3.eu-central-1.wasabisys.com/satnogs-network/data_obs/2026/9/23/21/15054009/waterfall_15054009_2026-09-23T21-42-01.png
satnogs_15051292,5.364075123282004,1.4813379317732758,0.1015625,0.1171875,0.8666666666666667,2.622257583088318,0.09803921568627451,0.00980392156862745,0.7734375,2.1187014902121044,0.8780212103724637,0.755181161810223,1,0,station_5078,https://s3.eu-central-1.wasabisys.com/satnogs-network/data_obs/2026/9/23/21/15051292/waterfall_15051292_2026-09-23T21-38-20.png,15051292,98370,good,,,GMSK,400357500,59.0,dm43,5078.0,2026-09-23T21:38:20Z,https://s3.eu-central-1.wasabisys.com/satnogs-network/data_obs/2026/9/23/21/15051292/waterfall_15051292_2026-09-23T21-38-20.png
satnogs_15053273,6.064394596365488,1.570275182783217,0.1875,0.4375,0.42857142857142855,5.388393691696788,0.0,0.0196078431372549,0.9921875,1.7641558353176923,0.8689979319119863,0.7320421766300842,1,0,station_1466,https://s3.eu-central-1.wasabisys.com/satnogs-network/data_obs/2026/9/23/21/15053273/waterfall_15053273_2026-09-23T21-38-00.png,15053273,98518,good,,,GMSK,401496000,64.0,PE0SAT-12,1466.0,2026-09-23T21:38:00Z,https://s3.eu-central-1.wasabisys.com/satnogs-network/data_obs/2026/9/23/21/15053273/waterfall_15053273_2026-09-23T21-38-00.png
satnogs_15053254,3.985627215088972,1.483192105067626,0.140625,0.2421875,0.5806451612903226,1.8728935608294706,0.0196078431372549,0.00980392156862745,0.9765625,1.205349273469995,0.8946451829454056,0.7353596154835181,1,0,station_2173,https://s3.eu-central-1.wasabisys.com/satnogs-network/data_obs/2026/9/23/21/15053254/waterfall_15053254_2026-09-23T21-37-36.png,15053254,98429,good,,,GFSK,436320000,72.0,PE0SAT-21,2173.0,2026-09-23T21:37:36Z,https://s3.eu-central-1.wasabisys.com/satnogs-network/data_obs/2026/9/23/21/15053254/waterfall_15053254_2026-09-23T21-37-36.png
satnogs_15048439,5.726010765981277,0.23137128944480118,0.046875,0.5078125,0.09230769230769231,1.7133913210594494,0.7058823529411765,0.0,0.609375,1.7630740504788407,0.9076757271588658,0.8617515516183955,1,0,station_4151,https://s3.eu-central-1.wasabisys.com/satnogs-network/data_obs/2026/9/23/21/15048439/waterfall_15048439_2026-09-23T21-36-51.png,15048439,98518,good,,,GMSK,401496000,62.0,DEX-X,4151.0,2026-09-23T21:36:51Z,https://s3.eu-central-1.wasabisys.com/satnogs-network/data_obs/2026/9/23/21/15048439/waterfall_15048439_2026-09-23T21-36-51.png
satnogs_15053272,17.751370442588573,2.0818871908794425,0.2265625,0.328125,0.6904761904761905,32.60460227528215,0.0392156862745098,0.0,0.8828125,1.8296986615046762,0.8643266747979083,0.7858042519527015,1,0,station_1466,https://s3.eu-central-1.wasabisys.com/satnogs-network/data_obs/2026/9/23/21/15053272/waterfall_15053272_2026-09-23T21-34-38.png,15053272,60573,good,,,FSK AX.100 Mode 5,401415000,69.0,PE0SAT-12,1466.0,2026-09-23T21:34:38Z,https://s3.eu-central-1.wasabisys.com/satnogs-network/data_obs/2026/9/23/21/15053272/waterfall_15053272_2026-09-23T21-34-38.png
satnogs_15043338,4.690776645450867,1.6447137057243708,0.1328125,0.234375,0.5666666666666667,2.356946041619287,0.0392156862745098,0.06862745098039216,0.8359375,1.3410212527268899,0.8616057920032614,0.768542286525727,1,0,station_2510,https://s3.eu-central-1.wasabisys.com/satnogs-network/data_obs/2026/9/23/21/15043338/waterfall_15043338_2026-09-23T21-34-33.png,15043338,68506,good,,,GFSK,437325000,49.0,MAUSyagi,2510.0,2026-09-23T21:34:33Z,https://s3.eu-central-1.wasabisys.com/satnogs-network/data_obs/2026/9/23/21/15043338/waterfall_15043338_2026-09-23T21-34-33.png
satnogs_15043330,6.271664349937542,1.8189458395132907,0.1640625,0.296875,0.5526315789473685,4.284061308360074,0.0784313725490196,0.0392156862745098,0.75,1.3587172872846078,0.7847614500058752,0.8060560841729575,1,0,station_2134,https://s3.eu-central-1.wasabisys.com/satnogs-network/data_obs/2026/9/23/21/15043330/waterfall_15043330_2026-09-23T21-34-33.png,15043330,68506,good,,,GFSK,437325000,49.0,MAUSyagi,2134.0,2026-09-23T21:34:33Z,https://s3.eu-central-1.wasabisys.com/satnogs-network/data_obs/2026/9/23/21/15043330/waterfall_15043330_2026-09-23T21-34-33.png
satnogs_15044871,9.468967001342588,2.0526653768211722,0.1953125,0.203125,0.9615384615384616,5.4206118299602695,0.0392156862745098,0.00980392156862745,0.8515625,1.8770005751554684,0.8434412158438145,0.7764279697522946,1,0,station_4934,https://s3.eu-central-1.wasabisys.com/satnogs-network/data_obs/2026/9/23/21/15044871/waterfall_15044871_2026-09-23T21-33-15.png,15044871,63235,good,,,GFSK,400496500,77.0,Paolo IT9IPQ,4934.0,2026-09-23T21:33:15Z,https://s3.eu-central-1.wasabisys.com/satnogs-network/data_obs/2026/9/23/21/15044871/waterfall_15044871_2026-09-23T21-33-15.png
satnogs_15053995,2.6258768379873256,1.3129105218574684,0.03125,0.03125,1.0,1.652006027470947,0.0196078431372549,0.029411764705882353,0.1953125,1.6213361131639679,0.9036067660793577,0.7496213158506001,1,0,station_4595,https://s3.eu-central-1.wasabisys.com/satnogs-network/data_obs/2026/9/23/21/15053995/waterfall_15053995_2026-09-23T21-32-17.png,15053995,98518,good,,,GMSK,401496000,29.0,EA4TA,4595.0,2026-09-23T21:32:17Z,https://s3.eu-central-1.wasabisys.com/satnogs-network/data_obs/2026/9/23/21/15053995/waterfall_15053995_2026-09-23T21-32-17.png
satnogs_15048515,6.758571847221048,1.4715098027586535,0.1015625,0.109375,0.9285714285714286,3.90332803743194,0.0,0.0196078431372549,0.71875,2.243909282364043,0.8542498557405536,0.7398916943603012,1,0,station_3677,https://s3.eu-central-1.wasabisys.com/satnogs-network/data_obs/2026/9/23/21/15048515/waterfall_15048515_2026-09-23T21-30-25.png,15048515,63235,good,,,GFSK,400496500,60.0,SOBE01,3677.0,2026-09-23T21:30:25Z,https://s3.eu-central-1.wasabisys.com/satnogs-network/data_obs/2026/9/23/21/15048515/waterfall_15048515_2026-09-23T21-30-25.png
satnogs_15053364,8.6456799584399,2.005368817709713,0.4375,0.7890625,0.5544554455445545,4.424369797582792,0.0784313725490196,0.0,0.9765625,1.5626809013485845,0.829000675363117,0.7230785382449619,1,0,station_4188,https://s3.eu-central-1.wasabisys.com/satnogs-network/data_obs/2026/9/23/21/15053364/waterfall_15053364_2026-09-23T21-30-23.png,15053364,58755,good,,,GMSK,435950000,68.0,ISAE Supaero V/UHF,4188.0,2026-09-23T21:30:23Z,https://s3.eu-central-1.wasabisys.com/satnogs-network/data_obs/2026/9/23/21/15053364/waterfall_15053364_2026-09-23T21-30-23.png
satnogs_15048514,6.314076622150289,1.7361085280429456,0.1484375,0.171875,0.8636363636363636,4.9966363702845085,0.0196078431372549,0.029411764705882353,0.8671875,1.6282964892443967,0.876570361537485,0.7530603781149047,1,0,station_1190,https://s3.eu-central-1.wasabisys.com/satnogs-network/data_obs/2026/9/23/21/15048514/waterfall_15048514_2026-09-23T21-30-23.png,15048514,63235,good,,,GFSK,400496500,74.0,om3tps_home,1190.0,2026-09-23T21:30:23Z,https://s3.eu-central-1.wasabisys.com/satnogs-network/data_obs/2026/9/23/21/15048514/waterfall_15048514_2026-09-23T21-30-23.png
satnogs_15053253,17.02209397122566,2.9690949002460947,0.2578125,0.2578125,1.0,6.881122320215815,0.09803921568627451,0.0,0.5546875,1.6076522988756439,0.9315547317516175,0.7787835594067327,1,0,station_2173,https://s3.eu-central-1.wasabisys.com/satnogs-network/data_obs/2026/9/23/21/15053253/waterfall_15053253_2026-09-23T21-29-54.png,15053253,57172,good,,,GMSK USP,437625000,21.0,PE0SAT-21,2173.0,2026-09-23T21:29:54Z,https://s3.eu-central-1.wasabisys.com/satnogs-network/data_obs/2026/9/23/21/15053253/waterfall_15053253_2026-09-23T21-29-54.png
satnogs_15048516,8.89505252802434,1.9326379933580562,0.1484375,0.1484375,1.0,8.440694724163615,0.058823529411764705,0.004901960784313725,0.875,2.000391284429985,0.852630019588889,0.7785737533685608,1,0,station_3746,https://s3.eu-central-1.wasabisys.com/satnogs-network/data_obs/2026/9/23/21/15048516/waterfall_15048516_2026-09-23T21-29-40.png,15048516,63235,good,,,GFSK,400496500,56.0,SatNOGS_Pecna_1_UHF,3746.0,2026-09-23T21:29:40Z,https://s3.eu-central-1.wasabisys.com/satnogs-network/data_obs/2026/9/23/21/15048516/waterfall_15048516_2026-09-23T21-29-40.png
satnogs_15053271,9.599047362098764,1.9734006090632663,0.171875,0.171875,1.0,27.787746666361244,0.0,0.0,0.7109375,1.9587802152218232,0.8774685475915949,0.7746603153533411,1,0,station_1466,https://s3.eu-central-1.wasabisys.com/satnogs-network/data_obs/2026/9/23/21/15053271/waterfall_15053271_2026-09-23T21-29-21.png,15053271,62630,good,,,FSK AX.100 Mode 5,401415000,67.0,PE0SAT-12,1466.0,2026-09-23T21:29:21Z,https://s3.eu-central-1.wasabisys.com/satnogs-network/data_obs/2026/9/23/21/15053271/waterfall_15053271_2026-09-23T21-29-21.png
satnogs_15053878,10.209541795944066,2.6679723536670994,0.5703125,1.0,0.5703125,4.565724783384754,0.0784313725490196,0.0,1.0,0.8137984551110827,0.9629326560002306,0.9209739350367603,1,0,station_4755,https://s3.eu-central-1.wasabisys.com/satnogs-network/data_obs/2026/9/23/21/15053878/waterfall_15053878_2026-09-23T21-29-07.png,15053878,98293,good,,,GFSK,436680000,70.0,NKUA EVRIPOS - UHF,4755.0,2026-09-23T21:29:07Z,https://s3.eu-central-1.wasabisys.com/satnogs-network/data_obs/2026/9/23/21/15053878/waterfall_15053878_2026-09-23T21-29-07.png
satnogs_15053717,23.055093404479653,6.0749056337465195,0.5859375,0.5859375,1.0,9.785518112314898,0.0,0.00980392156862745,0.734375,1.104137870308484,0.9133615244995692,0.9476934668544839,1,0,station_4460,https://s3.eu-central-1.wasabisys.com/satnogs-network/data_obs/2026/9/23/21/15053717/waterfall_15053717_2026-09-23T21-28-52.png,15053717,98293,good,,,GFSK,436680000,71.0,Sofia SAT Club - Bay Ivan,4460.0,2026-09-23T21:28:52Z,https://s3.eu-central-1.wasabisys.com/satnogs-network/data_obs/2026/9/23/21/15053717/waterfall_15053717_2026-09-23T21-28-52.png
satnogs_15048518,8.690200262438246,1.6594639642491043,0.46875,0.9921875,0.47244094488188976,3.8268828153877403,0.0784313725490196,0.0,1.0,1.0242512330349076,0.880268160391757,0.6864183127528286,1,0,station_3951,https://s3.eu-central-1.wasabisys.com/satnogs-network/data_obs/2026/9/23/21/15048518/waterfall_15048518_2026-09-23T21-28-47.png,15048518,63235,good,,,GFSK,400496500,35.0,UT4UYF/M,3951.0,2026-09-23T21:28:47Z,https://s3.eu-central-1.wasabisys.com/satnogs-network/data_obs/2026/9/23/21/15048518/waterfall_15048518_2026-09-23T21-28-47.png
satnogs_15052883,2.6596013759611554,1.3425992741289152,0.0234375,0.0234375,1.0,1.1226875271669885,0.6862745098039216,0.0392156862745098,0.3515625,1.3306246510721218,0.9203488114561075,0.7651777894680382,1,0,station_3020,https://s3.eu-central-1.wasabisys.com/satnogs-network/data_obs/2026/9/23/21/15052883/waterfall_15052883_2026-09-23T21-28-47.png,15052883,60237,good,,,GFSK,436785000,58.0,Jim UHF,3020.0,2026-09-23T21:28:47Z,https://s3.eu-central-1.wasabisys.com/satnogs-network/data_obs/2026/9/23/21/15052883/waterfall_15052883_2026-09-23T21-28-47.png
satnogs_15044859,10.042492917847037,1.5433600848271323,0.1484375,0.2890625,0.5135135135135135,2.6756594666124007,0.11764705882352941,0.014705882352941176,0.9765625,2.2735045057591816,0.7988070809957744,0.7896709866221806,1,0,station_3953,https://s3.eu-central-1.wasabisys.com/satnogs-network/data_obs/2026/9/23/21/15044859/waterfall_15044859_2026-09-23T21-28-08.png,15044859,63235,good,,,GFSK,400496500,81.0,YL3CT-2,3953.0,2026-09-23T21:28:08Z,https://s3.eu-central-1.wasabisys.com/satnogs-network/data_obs/2026/9/23/21/15044859/waterfall_15044859_2026-09-23T21-28-08.png
satnogs_15044857,5.791983759578633,1.7161305118330066,0.1484375,0.1484375,1.0,5.3953607021669345,0.0196078431372549,0.00980392156862745,0.7890625,1.8848422018324307,0.8552568726440796,0.7612087793967758,1,0,station_3918,https://s3.eu-central-1.wasabisys.com/satnogs-network/data_obs/2026/9/23/21/15044857/waterfall_15044857_2026-09-23T21-27-13.png,15044857,63235,good,,,GFSK,400496500,81.0,YL3CT-1,3918.0,2026-09-23T21:27:13Z,https://s3.eu-central-1.wasabisys.com/satnogs-network/data_obs/2026/9/23/21/15044857/waterfall_15044857_2026-09-23T21-27-13.png
satnogs_15044851,5.3505585425860795,1.6264207524369523,0.1484375,0.1875,0.7916666666666666,5.345432774964701,0.0392156862745098,0.00980392156862745,0.828125,1.5490454116606138,0.8693704504146657,0.7546614847584773,1,0,station_3336,https://s3.eu-central-1.wasabisys.com/satnogs-network/data_obs/2026/9/23/21/15044851/waterfall_15044851_2026-09-23T21-27-13.png,15044851,63235,good,,,GFSK,400496500,81.0,YL3CT,3336.0,2026-09-23T21:27:13Z,https://s3.eu-central-1.wasabisys.com/satnogs-network/data_obs/2026/9/23/21/15044851/waterfall_15044851_2026-09-23T21-27-13.png
satnogs_15048517,13.134820052965274,1.742610654420309,0.5625,1.0,0.5625,9.019062542385416,0.0392156862745098,0.0,1.0,1.1583417784841066,0.8760527537974057,0.719660383255894,1,0,station_1864,https://s3.eu-central-1.wasabisys.com/satnogs-network/data_obs/2026/9/23/21/15048517/waterfall_15048517_2026-09-23T21-26-35.png,15048517,63235,good,,,GFSK,400496500,51.0,SA2KNG Omni UHF/VHF,1864.0,2026-09-23T21:26:35Z,https://s3.eu-central-1.wasabisys.com/satnogs-network/data_obs/2026/9/23/21/15048517/waterfall_15048517_2026-09-23T21-26-35.png
satnogs_15041861,5.338257115877518,1.1360470179573245,0.2734375,0.765625,0.35714285714285715,2.490538480407693,0.6078431372549019,0.0,1.0,0.5396164758486384,0.8808380799053881,0.5938613694344598,1,0,station_3804,https://s3.eu-central-1.wasabisys.com/satnogs-network/data_obs/2026/9/23/21/15041861/waterfall_15041861_2026-09-23T21-23-42.png,15041861,69015,good,,,FSK AX.100 Mode 5,436150000,72.0,DP0GVN-UHF,3804.0,2026-09-23T21:23:42Z,https://s3.eu-central-1.wasabisys.com/satnogs-network/data_obs/2026/9/23/21/15041861/waterfall_15041861_2026-09-23T21-23-42.png
satnogs_15043276,6.028871207803975,2.578256250974062,0.3828125,0.4140625,0.9245283018867925,10.310018526454689,0.0,0.024509803921568627,0.921875,0.7173262061384278,0.8218067909101682,0.8194869960251897,1,0,station_2051,https://s3.eu-central-1.wasabisys.com/satnogs-network/data_obs/2026/9/23/21/15043276/waterfall_15043276_2026-09-23T21-21-21.png,15043276,68460,good,,,GMSK,401200000,16.0,MAUSyagi-AK,2051.0,2026-09-23T21:21:21Z,https://s3.eu-central-1.wasabisys.com/satnogs-network/data_obs/2026/9/23/21/15043276/waterfall_15043276_2026-09-23T21-21-21.png
satnogs_15053077,3.6294026581359646,1.4353224174466765,0.03125,0.046875,0.6666666666666666,1.2235406863728298,0.19607843137254902,0.049019607843137254,0.4765625,1.4448566793175288,0.8982280691422814,0.7494933154605896,1,0,station_2173,https://s3.eu-central-1.wasabisys.com/satnogs-network/data_obs/2026/9/23/21/15053077/waterfall_15053077_2026-09-23T21-16-07.png,15053077,98914,good,,,FSK,435141000,62.0,PE0SAT-21,2173.0,2026-09-23T21:16:07Z,https://s3.eu-central-1.wasabisys.com/satnogs-network/data_obs/2026/9/23/21/15053077/waterfall_15053077_2026-09-23T21-16-07.png
satnogs_15048463,3.6850226859209103,1.429695720960947,0.0390625,0.1171875,0.3333333333333333,0.9378993198220882,0.1568627450980392,0.10784313725490197,0.8984375,1.1461577130019927,0.9005843801925142,0.7681990126774878,1,0,station_3106,https://s3.eu-central-1.wasabisys.com/satnogs-network/data_obs/2026/9/23/21/15048463/waterfall_15048463_2026-09-23T21-15-45.png,15048463,98914,good,,,FSK,435141000,62.0,DEX-ONE,3106.0,2026-09-23T21:15:45Z,https://s3.eu-central-1.wasabisys.com/satnogs-network/data_obs/2026/9/23/21/15048463/waterfall_15048463_2026-09-23T21-15-45.png
satnogs_15053715,3.063788534571653,0.8316593370435033,0.0234375,0.03125,0.75,0.9900017950922445,0.45098039215686275,0.049019607843137254,0.28125,1.6229226789973916,0.9060841609805473,0.7793581560474242,1,0,station_4460,https://s3.eu-central-1.wasabisys.com/satnogs-network/data_obs/2026/9/23/21/15053715/waterfall_15053715_2026-09-23T21-15-33.png,15053715,63213,good,,,BPSK,436400000,59.0,Sofia SAT Club - Bay Ivan,4460.0,2026-09-23T21:15:33Z,https://s3.eu-central-1.wasabisys.com/satnogs-network/data_obs/2026/9/23/21/15053715/waterfall_15053715_2026-09-23T21-15-33.png
satnogs_15045318,4.132754770148543,1.1663744424430145,0.015625,0.546875,0.02857142857142857,2.1385160943515156,0.27450980392156865,0.00980392156862745,1.0,1.234082455134985,0.9033979101164061,0.730468107805505,1,0,station_3806,https://s3.eu-central-1.wasabisys.com/satnogs-network/data_obs/2026/9/23/21/15045318/waterfall_15045318_2026-09-23T21-15-02.png,15045318,98914,good,,,FSK,435141000,79.0,DK6RS,3806.0,2026-09-23T21:15:02Z,https://s3.eu-central-1.wasabisys.com/satnogs-network/data_obs/2026/9/23/21/15045318/waterfall_15045318_2026-09-23T21-15-02.png
satnogs_15051172,7.228995233598643,3.127675800313043,0.40625,0.5078125,0.8,8.178609340054953,0.0196078431372549,0.029411764705882353,0.9765625,0.840354951609259,0.9036544557446856,0.8050073133685713,1,0,station_5078,https://s3.eu-central-1.wasabisys.com/satnogs-network/data_obs/2026/9/23/21/15051172/waterfall_15051172_2026-09-23T21-13-34.png,15051172,68460,good,,,GMSK,401200000,27.0,dm43,5078.0,2026-09-23T21:13:34Z,https://s3.eu-central-1.wasabisys.com/satnogs-network/data_obs/2026/9/23/21/15051172/waterfall_15051172_2026-09-23T21-13-34.png
satnogs_15050383,2.1171515505793126,1.280521602329947,0.0,0.0,0.0,1.5531571856019801,0.5686274509803921,0.5,0.0,0.7188134075358283,0.9208002833679857,0.7719569932771887,1,0,station_733,https://s3.eu-central-1.wasabisys.com/satnogs-network/data_obs/2026/9/23/21/15050383/waterfall_15050383_2026-09-23T21-13-08.png,15050383,98914,good,,,FSK,435141000,49.0,VAUBAN-IEPER  ON7XX,733.0,2026-09-23T21:13:08Z,https://s3.eu-central-1.wasabisys.com/satnogs-network/data_obs/2026/9/23/21/15050383/waterfall_15050383_2026-09-23T21-13-08.png
satnogs_15050384,4.910579069406374,1.7212661696246194,0.2265625,0.53125,0.4264705882352941,1.5740142306921172,0.47058823529411764,0.00980392156862745,0.9296875,1.4008546382309193,0.8550192950001193,0.762961386122948,1,0,station_4702,https://s3.eu-central-1.wasabisys.com/satnogs-network/data_obs/2026/9/23/21/15050384/waterfall_15050384_2026-09-23T21-12-57.png,15050384,98914,good,,,FSK,435141000,71.0,DUS-NORD-UHF,4702.0,2026-09-23T21:12:57Z,https://s3.eu-central-1.wasabisys.com/satnogs-network/data_obs/2026/9/23/21/15050384/waterfall_15050384_2026-09-23T21-12-57.png
satnogs_15043298,11.060572140374449,3.36061565093761,0.3203125,0.375,0.8541666666666666,9.93350826577547,0.0392156862745098,0.029411764705882353,0.71875,1.1467441510787109,0.8811326348658624,0.8597709761855775,1,0,station_2510,https://s3.eu-central-1.wasabisys.com/satnogs-network/data_obs/2026/9/23/21/15043298/waterfall_15043298_2026-09-23T21-12-03.png,15043298,68460,good,,,GMSK,401200000,84.0,MAUSyagi,2510.0,2026-09-23T21:12:03Z,https://s3.eu-central-1.wasabisys.com/satnogs-network/data_obs/2026/9/23/21/15043298/waterfall_15043298_2026-09-23T21-12-03.png
satnogs_15043288,10.0694725482261,3.3626340054435375,0.4296875,0.4921875,0.873015873015873,9.273454254489721,0.0392156862745098,0.029411764705882353,0.8671875,0.9490070210309715,0.88139331956161,0.855946639902235,1,0,station_2134,https://s3.eu-central-1.wasabisys.com/satnogs-network/data_obs/2026/9/23/21/15043288/waterfall_15043288_2026-09-23T21-12-03.png,15043288,68460,good,,,GMSK,401200000,84.0,MAUSyagi,2134.0,2026-09-23T21:12:03Z,https://s3.eu-central-1.wasabisys.com/satnogs-network/data_obs/2026/9/23/21/15043288/waterfall_15043288_2026-09-23T21-12-03.png
satnogs_15050368,6.549910586737789,1.0405154925339062,0.0078125,0.515625,0.015151515151515152,6.372091088519236,0.43137254901960786,0.0,0.5703125,0.7081567497556436,0.8949833068120119,0.7234486322900814,1,0,station_4222,https://s3.eu-central-1.wasabisys.com/satnogs-network/data_obs/2026/9/23/21/15050368/waterfall_15050368_2026-09-23T21-12-02.png,15050368,98914,good,,,FSK,435141000,80.0,DH1OK-UHF-SatRX,4222.0,2026-09-23T21:12:02Z,https://s3.eu-central-1.wasabisys.com/satnogs-network/data_obs/2026/9/23/21/15050368/waterfall_15050368_2026-09-23T21-12-02.png
satnogs_15050379,3.54995136566629,1.5177950839647028,0.0703125,0.1328125,0.5294117647058824,1.2161440044026997,0.0,0.04411764705882353,0.53125,1.4267699198294357,0.8972830321581733,0.7611407157803702,1,0,station_1585,https://s3.eu-central-1.wasabisys.com/satnogs-network/data_obs/2026/9/23/21/15050379/waterfall_15050379_2026-09-23T21-11-49.png,15050379,98914,good,,,FSK,435141000,35.0,Malyi UHF,1585.0,2026-09-23T21:11:49Z,https://s3.eu-central-1.wasabisys.com/satnogs-network/data_obs/2026/9/23/21/15050379/waterfall_15050379_2026-09-23T21-11-49.png
satnogs_15050374,4.112748533393873,1.696309180757911,0.1484375,0.1484375,1.0,1.998986892679184,0.0,0.05392156862745098,0.6953125,1.4008220903275534,0.8706635693438903,0.7692378921853205,1,0,station_4188,https://s3.eu-central-1.wasabisys.com/satnogs-network/data_obs/2026/9/23/21/15050374/waterfall_15050374_2026-09-23T21-11-39.png,15050374,98914,good,,,FSK,435141000,31.0,ISAE Supaero V/UHF,4188.0,2026-09-23T21:11:39Z,https://s3.eu-central-1.wasabisys.com/satnogs-network/data_obs/2026/9/23/21/15050374/waterfall_15050374_2026-09-23T21-11-39.png
satnogs_15044296,2.714825306893296,1.1708753526198015,0.0,0.0,0.0,2.4920209631971764,0.4117647058823529,0.5,0.0,0.7141170788035068,0.9237461563096776,0.7557289832490038,1,0,station_2694,https://s3.eu-central-1.wasabisys.com/satnogs-network/data_obs/2026/9/23/21/15044296/waterfall_15044296_2026-09-23T21-11-33.png,15044296,99416,good,,,GFSK,437395000,61.0,OE6ISP_High_Gain_LimeSDR,2694.0,2026-09-23T21:11:33Z,https://s3.eu-central-1.wasabisys.com/satnogs-network/data_obs/2026/9/23/21/15044296/waterfall_15044296_2026-09-23T21-11-33.png
satnogs_15050353,2.0116391072108977,0.8886548444237294,0.0,0.0,0.0,1.176927069144006,0.7254901960784313,0.5,0.0,0.7310732041943201,0.9148715984986442,0.7014853044491837,1,0,station_3991,https://s3.eu-central-1.wasabisys.com/satnogs-network/data_obs/2026/9/23/21/15050353/waterfall_15050353_2026-09-23T21-11-23.png,15050353,98914,good,,,FSK,435141000,38.0,CSUM - F4KJX,3991.0,2026-09-23T21:11:23Z,https://s3.eu-central-1.wasabisys.com/satnogs-network/data_obs/2026/9/23/21/15050353/waterfall_15050353_2026-09-23T21-11-23.png
satnogs_15053020,7.889030484112161,3.4822352936111463,0.4609375,0.4609375,1.0,9.075052540939069,0.0,0.029411764705882353,0.84375,0.793262416987085,0.9014957994281281,0.8274149935604261,1,0,station_2416,https://s3.eu-central-1.wasabisys.com/satnogs-network/data_obs/2026/9/23/21/15053020/waterfall_15053020_2026-09-23T21-11-12.png,15053020,68460,good,,,GMSK,401200000,60.0,N5ZKK-UHF-HELICAL,2416.0,2026-09-23T21:11:12Z,https://s3.eu-central-1.wasabisys.com/satnogs-network/data_obs/2026/9/23/21/15053020/waterfall_15053020_2026-09-23T21-11-12.png
satnogs_15050335,2.187537598302471,1.2194969194323468,0.0,0.0078125,0.0,2.0115247770541904,0.6274509803921569,0.5,0.0,0.6937698780063385,0.9206808827214669,0.7622019923732412,1,0,station_4111,https://s3.eu-central-1.wasabisys.com/satnogs-network/data_obs/2026/9/23/21/15050335/waterfall_15050335_2026-09-23T21-10-23.png,15050335,98914,good,,,FSK,435141000,30.0,Plyachka,4111.0,2026-09-23T21:10:23Z,https://s3.eu-central-1.wasabisys.com/satnogs-network/data_obs/2026/9/23/21/15050335/waterfall_15050335_2026-09-23T21-10-23.png
satnogs_15049299,1.0871508268925687,0.7285336165610339,0.0,0.0,0.0,0.7119177526933753,0.5490196078431373,0.5,0.0,0.19632247449718937,0.9862903088064361,0.9057306529832083,1,0,station_3315,https://s3.eu-central-1.wasabisys.com/satnogs-network/data_obs/2026/9/23/21/15049299/waterfall_15049299_2026-09-23T21-09-04.png,15049299,66681,good,,,FSK,400550000,70.0,PARSEC 2,3315.0,2026-09-23T21:09:04Z,https://s3.eu-central-1.wasabisys.com/satnogs-network/data_obs/2026/9/23/21/15049299/waterfall_15049299_2026-09-23T21-09-04.png
satnogs_15053356,8.665543782050198,-0.22317097748407907,0.0,0.4765625,0.0,2.403424681944759,0.7647058823529411,0.0,0.9453125,1.1797870792414165,0.8592289729410437,0.8500895704706538,1,0,station_4791,https://s3.eu-central-1.wasabisys.com/satnogs-network/data_obs/2026/9/23/21/15053356/waterfall_15053356_2026-09-23T21-07-51.png,15053356,62715,good,,,GMSK,401530000,62.0,MEGANISI_1,4791.0,2026-09-23T21:07:51Z,https://s3.eu-central-1.wasabisys.com/satnogs-network/data_obs/2026/9/23/21/15053356/waterfall_15053356_2026-09-23T21-07-51.png
satnogs_15048834,5.774943894632286,1.2307075241247674,0.5859375,0.8671875,0.6756756756756757,33.72858289592557,0.0784313725490196,0.0,0.9921875,0.4494625780176869,0.8972968118519464,0.6690665988565275,1,0,station_4803,https://s3.eu-central-1.wasabisys.com/satnogs-network/data_obs/2026/9/23/21/15048834/waterfall_15048834_2026-09-23T21-07-37.png,15048834,27844,good,,,CW,436835820,22.0,KC1OCA  UC-4364-531R (UHF),4803.0,2026-09-23T21:07:37Z,https://s3.eu-central-1.wasabisys.com/satnogs-network/data_obs/2026/9/23/21/15048834/waterfall_15048834_2026-09-23T21-07-37.png
satnogs_15053076,4.937432952406659,1.4144379423157365,0.0546875,0.0625,0.875,1.5111470142030186,0.0784313725490196,0.029411764705882353,0.7421875,1.8452789961824623,0.8868622349384413,0.7502619453224104,1,0,station_2173,https://s3.eu-central-1.wasabisys.com/satnogs-network/data_obs/2026/9/23/21/15053076/waterfall_15053076_2026-09-23T21-07-20.png,15053076,67291,good,,,GMSK,436950000,45.0,PE0SAT-21,2173.0,2026-09-23T21:07:20Z,https://s3.eu-central-1.wasabisys.com/satnogs-network/data_obs/2026/9/23/21/15053076/waterfall_15053076_2026-09-23T21-07-20.png
satnogs_15048124,3.0236710757063014,1.6070414486056834,0.171875,0.171875,1.0,11.514805337718062,0.0,0.0,0.828125,1.055079667623167,0.9081756105090534,0.7474014829075605,1,0,station_5049,https://s3.eu-central-1.wasabisys.com/satnogs-network/data_obs/2026/9/23/21/15048124/waterfall_15048124_2026-09-23T21-06-32.png,15048124,62391,good,,,GFSK,436925000,22.0,"JF6FYI Nishikazu, KitaKyushu, 3-ele Yagi(UHF)",5049.0,2026-09-23T21:06:32Z,https://s3.eu-central-1.wasabisys.com/satnogs-network/data_obs/2026/9/23/21/15048124/waterfall_15048124_2026-09-23T21-06-32.png
satnogs_15048143,3.3387292594091464,1.6291555574070988,0.1953125,0.1953125,1.0,11.965486763015399,0.0,0.0,0.453125,1.0561924471674773,0.912947249382296,0.7332350026766091,1,0,station_4394,https://s3.eu-central-1.wasabisys.com/satnogs-network/data_obs/2026/9/23/21/15048143/waterfall_15048143_2026-09-23T21-06-32.png,15048143,62391,good,,,GFSK,436925000,22.0,"JF6FYI Nishikazu, KitaKyushu, QFH (UHF)",4394.0,2026-09-23T21:06:32Z,https://s3.eu-central-1.wasabisys.com/satnogs-network/data_obs/2026/9/23/21/15048143/waterfall_15048143_2026-09-23T21-06-32.png
satnogs_15048462,6.600735194927842,1.7817001977844962,0.1171875,0.1171875,1.0,2.6256417939444425,0.0196078431372549,0.014705882352941176,0.6640625,1.9603923866110418,0.8377050470192965,0.7853666484181047,1,0,station_3106,https://s3.eu-central-1.wasabisys.com/satnogs-network/data_obs/2026/9/23/21/15048462/waterfall_15048462_2026-09-23T21-06-06.png,15048462,64875,good,,,GFSK,450060000,82.0,DEX-ONE,3106.0,2026-09-23T21:06:06Z,https://s3.eu-central-1.wasabisys.com/satnogs-network/data_obs/2026/9/23/21/15048462/waterfall_15048462_2026-09-23T21-06-06.png
satnogs_15048437,3.810198300283296,1.3792889677117306,0.0625,0.203125,0.3076923076923077,1.4907601020889196,0.0392156862745098,0.0,0.875,1.2279745545802787,0.9155794503273366,0.7751922883264133,1,0,station_4151,https://s3.eu-central-1.wasabisys.com/satnogs-network/data_obs/2026/9/23/21/15048437/waterfall_15048437_2026-09-23T21-06-06.png,15048437,64875,good,,,GFSK,450060000,82.0,DEX-X,4151.0,2026-09-23T21:06:06Z,https://s3.eu-central-1.wasabisys.com/satnogs-network/data_obs/2026/9/23/21/15048437/waterfall_15048437_2026-09-23T21-06-06.png
satnogs_15045236,6.436749629030089,1.75787914315868,0.125,0.3125,0.4,2.18670935832111,0.1568627450980392,0.0196078431372549,0.9609375,1.9786679471219597,0.885529079552383,0.7777393474389174,1,0,station_5196,https://s3.eu-central-1.wasabisys.com/satnogs-network/data_obs/2026/9/23/21/15045236/waterfall_15045236_2026-09-23T21-06-02.png,15045236,98515,good,,,GFSK,401021500,61.0,PA5TJ,5196.0,2026-09-23T21:06:02Z,https://s3.eu-central-1.wasabisys.com/satnogs-network/data_obs/2026/9/23/21/15045236/waterfall_15045236_2026-09-23T21-06-02.png
satnogs_15051178,4.387891410277929,1.3351599622091634,0.125,0.2421875,0.5161290322580645,2.539387110557616,0.0196078431372549,0.06372549019607843,0.9765625,1.5819588021744644,0.8709209227960246,0.7338735447845338,1,0,station_5078,https://s3.eu-central-1.wasabisys.com/satnogs-network/data_obs/2026/9/23/21/15051178/waterfall_15051178_2026-09-23T21-05-10.png,15051178,68481,good,,,GFSK,401577500,25.0,dm43,5078.0,2026-09-23T21:05:10Z,https://s3.eu-central-1.wasabisys.com/satnogs-network/data_obs/2026/9/23/21/15051178/waterfall_15051178_2026-09-23T21-05-10.png
satnogs_15053714,3.7313792372473418,1.3911165268751504,0.0859375,0.0859375,1.0,4.642038118363496,0.058823529411764705,0.00980392156862745,0.6015625,1.3380802941118417,0.8929243615286123,0.7428005873948823,1,0,station_4460,https://s3.eu-central-1.wasabisys.com/satnogs-network/data_obs/2026/9/23/21/15053714/waterfall_15053714_2026-09-23T21-04-09.png,15053714,63216,good,,,GMSK,401357500,69.0,Sofia SAT Club - Bay Ivan,4460.0,2026-09-23T21:04:09Z,https://s3.eu-central-1.wasabisys.com/satnogs-network/data_obs/2026/9/23/21/15053714/waterfall_15053714_2026-09-23T21-04-09.png
satnogs_15051395,2.236469360369763,1.206128604714586,0.0078125,0.0078125,1.0,2.0266488440160204,0.21568627450980393,0.5,0.0,1.0212501829592315,0.916583917237543,0.7586383947255416,1,0,station_4073,https://s3.eu-central-1.wasabisys.com/satnogs-network/data_obs/2026/9/23/21/15051395/waterfall_15051395_2026-09-23T21-03-05.png,15051395,61746,good,,,GFSK,436835000,87.0,Eldrún,4073.0,2026-09-23T21:03:05Z,https://s3.eu-central-1.wasabisys.com/satnogs-network/data_obs/2026/9/23/21/15051395/waterfall_15051395_2026-09-23T21-03-05.png
satnogs_15045321,7.409635987986977,1.4483720001344806,0.125,0.828125,0.1509433962264151,6.771629223215158,0.0196078431372549,0.00980392156862745,1.0,2.3803312164197568,0.7931904355529195,0.7593705921670099,1,0,station_3806,https://s3.eu-central-1.wasabisys.com/satnogs-network/data_obs/2026/9/23/20/15045321/waterfall_15045321_2026-09-23T20-59-17.png,15045321,67290,good,,,SSTV,437350000,73.0,DK6RS,3806.0,2026-09-23T20:59:17Z,https://s3.eu-central-1.wasabisys.com/satnogs-network/data_obs/2026/9/23/20/15045321/waterfall_15045321_2026-09-23T20-59-17.png
satnogs_15048833,9.307972480777014,1.4771182316174818,0.796875,1.0,0.796875,8.812163579028653,0.09803921568627451,0.1568627450980392,1.0,0.5303083368989056,0.8630688078106432,0.6067347968138121,1,0,station_4803,https://s3.eu-central-1.wasabisys.com/satnogs-network/data_obs/2026/9/23/20/15048833/waterfall_15048833_2026-09-23T20-58-01.png,15048833,68795,good,,,AFSK,437505000,51.0,KC1OCA  UC-4364-531R (UHF),4803.0,2026-09-23T20:58:01Z,https://s3.eu-central-1.wasabisys.com/satnogs-network/data_obs/2026/9/23/20/15048833/waterfall_15048833_2026-09-23T20-58-01.png
satnogs_15053075,2.9573825607819946,1.1622757623424178,0.0390625,0.1484375,0.2631578947368421,2.1118219966798986,0.5882352941176471,0.00980392156862745,0.9609375,1.1767968134617695,0.9160775130973887,0.7438224732696497,1,0,station_2173,https://s3.eu-central-1.wasabisys.com/satnogs-network/data_obs/2026/9/23/20/15053075/waterfall_15053075_2026-09-23T20-57-37.png,15053075,43804,good,,,MSK AX.100 Mode 5,437775000,51.0,PE0SAT-21,2173.0,2026-09-23T20:57:37Z,https://s3.eu-central-1.wasabisys.com/satnogs-network/data_obs/2026/9/23/20/15053075/waterfall_15053075_2026-09-23T20-57-37.png
satnogs_15053084,4.306364079735185,1.7167754550065832,0.296875,0.3671875,0.8085106382978723,5.009949015586828,0.0784313725490196,0.00980392156862745,0.96875,0.9420645803885662,0.9113163296234948,0.7648564398655964,1,0,station_1696,https://s3.eu-central-1.wasabisys.com/satnogs-network/data_obs/2026/9/23/20/15053084/waterfall_15053084_2026-09-23T20-57-37.png,15053084,43804,good,,,MSK AX.100 Mode 5,437775000,51.0,PE0SAT-31,1696.0,2026-09-23T20:57:37Z,https://s3.eu-central-1.wasabisys.com/satnogs-network/data_obs/2026/9/23/20/15053084/waterfall_15053084_2026-09-23T20-57-37.png
satnogs_15053363,14.400377714825417,2.4018108285964685,0.1953125,0.1953125,1.0,21.034910360095918,0.0392156862745098,0.0,0.921875,1.807638049668949,0.678239464169547,0.8272142479582048,1,0,station_4188,https://s3.eu-central-1.wasabisys.com/satnogs-network/data_obs/2026/9/23/20/15053363/waterfall_15053363_2026-09-23T20-56-29.png,15053363,67290,good,,,SSTV,437350000,18.0,ISAE Supaero V/UHF,4188.0,2026-09-23T20:56:29Z,https://s3.eu-central-1.wasabisys.com/satnogs-network/data_obs/2026/9/23/20/15053363/waterfall_15053363_2026-09-23T20-56-29.png
satnogs_15048946,4.85323797923872,0.3026804835878324,0.0,0.546875,0.0,3.709371308776201,0.6078431372549019,0.00980392156862745,0.9140625,1.4837829359599544,0.9131400122067598,0.8050189386416035,1,0,station_4806,https://s3.eu-central-1.wasabisys.com/satnogs-network/data_obs/2026/9/23/20/15048946/waterfall_15048946_2026-09-23T20-55-58.png,15048946,15595,good,,,CW,150012500,16.0,KC1OCA UC-1464-531L (VHF),4806.0,2026-09-23T20:55:58Z,https://s3.eu-central-1.wasabisys.com/satnogs-network/data_obs/2026/9/23/20/15048946/waterfall_15048946_2026-09-23T20-55-58.png
satnogs_15041879,6.912797142505246,1.2908975251019243,0.0546875,0.0703125,0.7777777777777778,0.9432288954541511,0.13725490196078433,0.08823529411764706,0.6640625,2.373163090853952,0.9106744652618607,0.7694153568446924,1,0,station_4460,https://s3.eu-central-1.wasabisys.com/satnogs-network/data_obs/2026/9/23/20/15041879/waterfall_15041879_2026-09-23T20-55-56.png,15041879,69015,good,,,FSK AX.100 Mode 5,436150000,36.0,Sofia SAT Club - Bay Ivan,4460.0,2026-09-23T20:55:56Z,https://s3.eu-central-1.wasabisys.com/satnogs-network/data_obs/2026/9/23/20/15041879/waterfall_15041879_2026-09-23T20-55-56.png
satnogs_15041824,7.5719430667055745,1.9810729565559675,0.171875,0.1796875,0.9565217391304348,1.7675725179248472,0.17647058823529413,0.0196078431372549,0.7265625,1.3879026582013494,0.919664098869527,0.8061688747084499,1,0,station_2138,https://s3.eu-central-1.wasabisys.com/satnogs-network/data_obs/2026/9/23/20/15041824/waterfall_15041824_2026-09-23T20-55-44.png,15041824,69015,good,,,FSK AX.100 Mode 5,436150000,16.0,OM7AAK,2138.0,2026-09-23T20:55:44Z,https://s3.eu-central-1.wasabisys.com/satnogs-network/data_obs/2026/9/23/20/15041824/waterfall_15041824_2026-09-23T20-55-44.png
satnogs_15041844,5.160298053916668,1.6072633205660378,0.0859375,0.140625,0.6111111111111112,1.9014538495797477,0.27450980392156865,0.12745098039215685,0.9765625,1.6479355040642139,0.9127368693421801,0.7795556576236422,1,0,station_3282,https://s3.eu-central-1.wasabisys.com/satnogs-network/data_obs/2026/9/23/20/15041844/waterfall_15041844_2026-09-23T20-55-32.png,15041844,69015,good,,,FSK AX.100 Mode 5,436150000,19.0,ha7dcd and decent.org,3282.0,2026-09-23T20:55:32Z,https://s3.eu-central-1.wasabisys.com/satnogs-network/data_obs/2026/9/23/20/15041844/waterfall_15041844_2026-09-23T20-55-32.png
satnogs_15041813,2.2986151553138416,1.164783306053714,0.0078125,0.0078125,1.0,1.1191102287279833,0.7058823529411765,0.5,0.0,1.156808059259701,0.9193755737999578,0.7546158327869876,1,0,station_1616,https://s3.eu-central-1.wasabisys.com/satnogs-network/data_obs/2026/9/23/20/15041813/waterfall_15041813_2026-09-23T20-55-16.png,15041813,69015,good,,,FSK AX.100 Mode 5,436150000,77.0,TA2NMU (QFH-South),1616.0,2026-09-23T20:55:16Z,https://s3.eu-central-1.wasabisys.com/satnogs-network/data_obs/2026/9/23/20/15041813/waterfall_15041813_2026-09-23T20-55-16.png
satnogs_15041867,2.1791239921551537,1.354737389616993,0.0,0.0,0.0,1.0216092705169384,0.09803921568627451,0.5,0.0,0.6992365202092824,0.9258126376040399,0.7696087733898984,1,0,station_3952,https://s3.eu-central-1.wasabisys.com/satnogs-network/data_obs/2026/9/23/20/15041867/waterfall_15041867_2026-09-23T20-54-54.png,15041867,69015,good,,,FSK AX.100 Mode 5,436150000,55.0,UT5U**,3952.0,2026-09-23T20:54:54Z,https://s3.eu-central-1.wasabisys.com/satnogs-network/data_obs/2026/9/23/20/15041867/waterfall_15041867_2026-09-23T20-54-54.png
satnogs_15041859,8.015198525113552,1.9954861257352507,0.1328125,0.140625,0.9444444444444444,2.9663650455533985,0.0784313725490196,0.0784313725490196,0.5546875,1.8215060288209597,0.9155739846955213,0.7985700312956512,1,0,station_3746,https://s3.eu-central-1.wasabisys.com/satnogs-network/data_obs/2026/9/23/20/15041859/waterfall_15041859_2026-09-23T20-54-50.png,15041859,69015,good,,,FSK AX.100 Mode 5,436150000,15.0,SatNOGS_Pecna_1_UHF,3746.0,2026-09-23T20:54:50Z,https://s3.eu-central-1.wasabisys.com/satnogs-network/data_obs/2026/9/23/20/15041859/waterfall_15041859_2026-09-23T20-54-50.png
satnogs_15046178,5.673957441201667,1.1393449928887822,0.1015625,0.40625,0.25,3.6429179138067607,0.7450980392156863,0.00980392156862745,0.8359375,1.8711533943997514,0.8679779122794439,0.772168485034197,1,0,station_3067,https://s3.eu-central-1.wasabisys.com/satnogs-network/data_obs/2026/9/23/20/15046178/waterfall_15046178_2026-09-23T20-54-28.png,15046178,98330,good,,,GFSK,401617700,77.0,HS-MarsOnEarthProject-1,3067.0,2026-09-23T20:54:28Z,https://s3.eu-central-1.wasabisys.com/satnogs-network/data_obs/2026/9/23/20/15046178/waterfall_15046178_2026-09-23T20-54-28.png
satnogs_15041842,5.947499769253207,1.4664741418410214,0.0390625,0.3125,0.125,1.3328765661970687,0.1568627450980392,0.0,0.78125,1.881205997283367,0.9032229495065518,0.7387847236408515,1,0,station_3170,https://s3.eu-central-1.wasabisys.com/satnogs-network/data_obs/2026/9/23/20/15041842/waterfall_15041842_2026-09-23T20-53-35.png,15041842,69015,good,,,FSK AX.100 Mode 5,436150000,13.0,OE6ISP_High_Gain_NOOELEC,3170.0,2026-09-23T20:53:35Z,https://s3.eu-central-1.wasabisys.com/satnogs-network/data_obs/2026/9/23/20/15041842/waterfall_15041842_2026-09-23T20-53-35.png
satnogs_15041830,6.322019638330974,1.4504031074186048,0.0390625,0.3515625,0.1111111111111111,1.5390523513847532,0.11764705882352941,0.0,0.78125,1.9044445768945384,0.9014439679579644,0.7345507206406549,1,0,station_2694,https://s3.eu-central-1.wasabisys.com/satnogs-network/data_obs/2026/9/23/20/15041830/waterfall_15041830_2026-09-23T20-53-35.png,15041830,69015,good,,,FSK AX.100 Mode 5,436150000,13.0,OE6ISP_High_Gain_LimeSDR,2694.0,2026-09-23T20:53:35Z,https://s3.eu-central-1.wasabisys.com/satnogs-network/data_obs/2026/9/23/20/15041830/waterfall_15041830_2026-09-23T20-53-35.png
satnogs_15046163,2.099508620991158,0.7882261208963703,0.015625,0.015625,1.0,0.8102095845393389,0.6078431372549019,0.5,0.0,1.1785701028180064,0.9312246064650006,0.8564855435680905,1,0,station_4801,https://s3.eu-central-1.wasabisys.com/satnogs-network/data_obs/2026/9/23/20/15046163/waterfall_15046163_2026-09-23T20-52-59.png,15046163,98330,good,,,GFSK,401617700,60.0,YO4ESB_Groundstation,4801.0,2026-09-23T20:52:59Z,https://s3.eu-central-1.wasabisys.com/satnogs-network/data_obs/2026/9/23/20/15046163/waterfall_15046163_2026-09-23T20-52-59.png
satnogs_15041812,5.35066419590053,1.6384020713548577,0.046875,0.0546875,0.8571428571428571,1.897052152765931,0.13725490196078433,0.0784313725490196,0.71875,2.367798789130912,0.9010685869442394,0.7814567177848234,1,0,station_1585,https://s3.eu-central-1.wasabisys.com/satnogs-network/data_obs/2026/9/23/20/15041812/waterfall_15041812_2026-09-23T20-52-46.png,15041812,69015,good,,,FSK AX.100 Mode 5,436150000,22.0,Malyi UHF,1585.0,2026-09-23T20:52:46Z,https://s3.eu-central-1.wasabisys.com/satnogs-network/data_obs/2026/9/23/20/15041812/waterfall_15041812_2026-09-23T20-52-46.png
satnogs_15041834,33.49842424087925,4.514236550668974,0.3046875,0.3203125,0.9512195121951219,8.138908224257936,0.1568627450980392,0.0784313725490196,0.9765625,1.8556563526301915,0.8000809858215204,0.9750464901192568,1,0,station_2968,https://s3.eu-central-1.wasabisys.com/satnogs-network/data_obs/2026/9/23/20/15041834/waterfall_15041834_2026-09-23T20-52-44.png,15041834,69015,good,,,FSK AX.100 Mode 5,436150000,55.0,UX5UL,2968.0,2026-09-23T20:52:44Z,https://s3.eu-central-1.wasabisys.com/satnogs-network/data_obs/2026/9/23/20/15041834/waterfall_15041834_2026-09-23T20-52-44.png
satnogs_15041866,5.97918763641144,1.7657599649142726,0.0859375,0.0859375,1.0,2.7601915971398228,0.19607843137254902,0.11274509803921569,0.6796875,1.6047083055243574,0.9140978683323387,0.7784216159331002,1,0,station_3951,https://s3.eu-central-1.wasabisys.com/satnogs-network/data_obs/2026/9/23/20/15041866/waterfall_15041866_2026-09-23T20-52-43.png,15041866,69015,good,,,FSK AX.100 Mode 5,436150000,51.0,UT4UYF/M,3951.0,2026-09-23T20:52:43Z,https://s3.eu-central-1.wasabisys.com/satnogs-network/data_obs/2026/9/23/20/15041866/waterfall_15041866_2026-09-23T20-52-43.png
satnogs_15053083,4.849909746712661,1.735908893774696,0.0859375,0.125,0.6875,6.586230785587388,0.0196078431372549,0.0,0.859375,2.1162157994653104,0.8398651555882345,0.7694969665971828,1,0,station_1696,https://s3.eu-central-1.wasabisys.com/satnogs-network/data_obs/2026/9/23/20/15053083/waterfall_15053083_2026-09-23T20-52-21.png,15053083,57176,good,,,GMSK USP,401140000,83.0,PE0SAT-31,1696.0,2026-09-23T20:52:21Z,https://s3.eu-central-1.wasabisys.com/satnogs-network/data_obs/2026/9/23/20/15053083/waterfall_15053083_2026-09-23T20-52-21.png
satnogs_15046849,16.930080692303132,2.2709695380177717,0.109375,0.109375,1.0,2.011032389837446,0.23529411764705882,0.08823529411764706,0.703125,2.1841856982837227,0.8356307956054607,0.86808282092861,1,0,station_3856,https://s3.eu-central-1.wasabisys.com/satnogs-network/data_obs/2026/9/23/20/15046849/waterfall_15046849_2026-09-23T20-51-48.png,15046849,69015,good,,,FSK AX.100 Mode 5,436150000,17.0,SP2ZIE,3856.0,2026-09-23T20:51:48Z,https://s3.eu-central-1.wasabisys.com/satnogs-network/data_obs/2026/9/23/20/15046849/waterfall_15046849_2026-09-23T20-51-48.png
satnogs_15041815,7.511253345829181,1.784061013327353,0.0546875,0.0546875,1.0,1.880371657980902,0.17647058823529413,0.14215686274509803,0.3671875,2.0099341366636465,0.9074951042977247,0.7917552117383546,1,0,station_1710,https://s3.eu-central-1.wasabisys.com/satnogs-network/data_obs/2026/9/23/20/15041815/waterfall_15041815_2026-09-23T20-50-49.png,15041815,69015,good,,,FSK AX.100 Mode 5,436150000,36.0,EU1AEM,1710.0,2026-09-23T20:50:49Z,https://s3.eu-central-1.wasabisys.com/satnogs-network/data_obs/2026/9/23/20/15041815/waterfall_15041815_2026-09-23T20-50-49.png
satnogs_15052844,13.532166934894457,3.237260094432397,0.2890625,0.2890625,1.0,5.166389884478793,0.11764705882352941,0.0784313725490196,0.859375,1.4785306647873921,0.5792712545544954,0.8683004759022739,1,0,station_2416,https://s3.eu-central-1.wasabisys.com/satnogs-network/data_obs/2026/9/23/20/15052844/waterfall_15052844_2026-09-23T20-49-58.png,15052844,68420,good,,,FSK AX.100 Mode 5,401250000,59.0,N5ZKK-UHF-HELICAL,2416.0,2026-09-23T20:49:58Z,https://s3.eu-central-1.wasabisys.com/satnogs-network/data_obs/2026/9/23/20/15052844/waterfall_15052844_2026-09-23T20-49-58.png
satnogs_15046243,12.818203354028702,2.408239560247508,0.328125,0.859375,0.38181818181818183,4.1933543157517565,0.0392156862745098,0.029411764705882353,1.0,2.022053104079704,0.7259822123591972,0.8037794952060285,1,0,station_3336,https://s3.eu-central-1.wasabisys.com/satnogs-network/data_obs/2026/9/23/20/15046243/waterfall_15046243_2026-09-23T20-49-32.png,15046243,98330,good,,,GFSK,401617700,33.0,YL3CT,3336.0,2026-09-23T20:49:32Z,https://s3.eu-central-1.wasabisys.com/satnogs-network/data_obs/2026/9/23/20/15046243/waterfall_15046243_2026-09-23T20-49-32.png
satnogs_15048832,2.9716807996009638,0.9655580889711444,0.1171875,0.3828125,0.30612244897959184,3.2584712540916163,0.058823529411764705,0.0,0.9921875,0.837236955883932,0.8959808659028673,0.6616567109846521,1,0,station_4803,https://s3.eu-central-1.wasabisys.com/satnogs-network/data_obs/2026/9/23/20/15048832/waterfall_15048832_2026-09-23T20-49-32.png,15048832,32785,good,,,CW,437275000,86.0,KC1OCA  UC-4364-531R (UHF),4803.0,2026-09-23T20:49:32Z,https://s3.eu-central-1.wasabisys.com/satnogs-network/data_obs/2026/9/23/20/15048832/waterfall_15048832_2026-09-23T20-49-32.png
satnogs_15048084,27.44504694168669,13.395522860187647,0.984375,0.984375,1.0,46.22090834650926,0.09803921568627451,0.0,0.984375,0.41421845012488506,0.9809115480784902,0.9706822369187527,1,0,station_91,https://s3.eu-central-1.wasabisys.com/satnogs-network/data_obs/2026/9/23/20/15048084/waterfall_15048084_2026-09-23T20-47-55.png,15048084,41182,good,,,FM,137288000,35.0,M0EYT,91.0,2026-09-23T20:47:55Z,https://s3.eu-central-1.wasabisys.com/satnogs-network/data_obs/2026/9/23/20/15048084/waterfall_15048084_2026-09-23T20-47-55.png
satnogs_15053082,3.569865726985882,1.658934578460694,0.125,0.140625,0.8888888888888888,4.8515875844228,0.0784313725490196,0.00980392156862745,0.8046875,0.8461542410335016,0.9144389333185031,0.7558016082961867,1,0,station_1696,https://s3.eu-central-1.wasabisys.com/satnogs-network/data_obs/2026/9/23/20/15053082/waterfall_15053082_2026-09-23T20-47-24.png,15053082,57175,good,,,FSK,436990000,79.0,PE0SAT-31,1696.0,2026-09-23T20:47:24Z,https://s3.eu-central-1.wasabisys.com/satnogs-network/data_obs/2026/9/23/20/15053082/waterfall_15053082_2026-09-23T20-47-24.png
satnogs_15053074,7.005429650613799,1.5925622639282344,0.375,0.9453125,0.39669421487603307,5.369962877045036,0.0,0.0,0.984375,1.0683869649344113,0.8991800366331857,0.7035831600822464,1,0,station_2173,https://s3.eu-central-1.wasabisys.com/satnogs-network/data_obs/2026/9/23/20/15053074/waterfall_15053074_2026-09-23T20-47-05.png,15053074,57175,good,,,FSK,436990000,79.0,PE0SAT-21,2173.0,2026-09-23T20:47:05Z,https://s3.eu-central-1.wasabisys.com/satnogs-network/data_obs/2026/9/23/20/15053074/waterfall_15053074_2026-09-23T20-47-05.png
satnogs_15053224,5.45410090381763,1.7162535162790329,0.1015625,0.1015625,1.0,11.339264941925373,0.0196078431372549,0.0,0.75,2.1329285117159222,0.759207135404232,0.7805826077669167,1,0,station_4755,https://s3.eu-central-1.wasabisys.com/satnogs-network/data_obs/2026/9/23/20/15053224/waterfall_15053224_2026-09-23T20-46-57.png,15053224,57199,good,,,GMSK USP,401289000,42.0,NKUA EVRIPOS - UHF,4755.0,2026-09-23T20:46:57Z,https://s3.eu-central-1.wasabisys.com/satnogs-network/data_obs/2026/9/23/20/15053224/waterfall_15053224_2026-09-23T20-46-57.png
satnogs_15048435,3.4773745821904463,1.0799139847944215,0.0078125,0.3359375,0.023255813953488372,1.0748646337851226,0.6078431372549019,0.0,0.96875,1.1611226264820471,0.9137125975345132,0.7346451507134544,1,0,station_4151,https://s3.eu-central-1.wasabisys.com/satnogs-network/data_obs/2026/9/23/20/15048435/waterfall_15048435_2026-09-23T20-46-45.png,15048435,57175,good,,,FSK,436990000,80.0,DEX-X,4151.0,2026-09-23T20:46:45Z,https://s3.eu-central-1.wasabisys.com/satnogs-network/data_obs/2026/9/23/20/15048435/waterfall_15048435_2026-09-23T20-46-45.png
satnogs_15053081,11.185305094653538,2.046716447831887,0.1171875,0.4296875,0.2727272727272727,1.8078291865804772,0.0392156862745098,0.00980392156862745,0.9921875,2.454520013739596,0.9022797762802856,0.8213184382164964,1,0,station_1696,https://s3.eu-central-1.wasabisys.com/satnogs-network/data_obs/2026/9/23/20/15053081/waterfall_15053081_2026-09-23T20-44-21.png,15053081,61781,good,,,BPSK,435400000,52.0,PE0SAT-31,1696.0,2026-09-23T20:44:21Z,https://s3.eu-central-1.wasabisys.com/satnogs-network/data_obs/2026/9/23/20/15053081/waterfall_15053081_2026-09-23T20-44-21.png
satnogs_15053191,3.009266465357117,1.5313127502762565,0.0546875,0.0625,0.875,2.1964325294531237,0.0784313725490196,0.0392156862745098,0.7265625,1.1263823850864356,0.9093799963732282,0.7655560876590738,1,0,station_4188,https://s3.eu-central-1.wasabisys.com/satnogs-network/data_obs/2026/9/23/20/15053191/waterfall_15053191_2026-09-23T20-42-44.png,15053191,57175,good,,,FSK,436990000,34.0,ISAE Supaero V/UHF,4188.0,2026-09-23T20:42:44Z,https://s3.eu-central-1.wasabisys.com/satnogs-network/data_obs/2026/9/23/20/15053191/waterfall_15053191_2026-09-23T20-42-44.png
satnogs_15048460,6.421245709489343,1.9306919140019876,0.109375,0.109375,1.0,3.382464791957768,0.0,0.0196078431372549,0.859375,2.2295968808970135,0.9006401920374784,0.8165585114897363,1,0,station_3106,https://s3.eu-central-1.wasabisys.com/satnogs-network/data_obs/2026/9/23/20/15048460/waterfall_15048460_2026-09-23T20-42-10.png,15048460,61781,good,,,BPSK,435400000,58.0,DEX-ONE,3106.0,2026-09-23T20:42:10Z,https://s3.eu-central-1.wasabisys.com/satnogs-network/data_obs/2026/9/23/20/15048460/waterfall_15048460_2026-09-23T20-42-10.png
satnogs_15045800,2.7730001348981648,1.3992955539156173,0.0625,0.0625,1.0,3.504795351081835,0.0,0.0196078431372549,0.4453125,1.6592914984563616,0.8929458315358163,0.7488953481021067,1,0,station_2271,https://s3.eu-central-1.wasabisys.com/satnogs-network/data_obs/2026/9/23/20/15045800/waterfall_15045800_2026-09-23T20-40-13.png,15045800,60246,good,,,FSK AX.100 Mode 5,437185000,54.0,EIRSAT-1 GS - UCD Physics,2271.0,2026-09-23T20:40:13Z,https://s3.eu-central-1.wasabisys.com/satnogs-network/data_obs/2026/9/23/20/15045800/waterfall_15045800_2026-09-23T20-40-13.png
satnogs_15044278,20.616746856123658,0.22714054932643502,0.046875,0.96875,0.04838709677419355,13.75185022978885,0.9411764705882353,0.0,1.0,1.5940267266526467,0.9371181613190029,0.5912755225438819,1,0,station_1664,https://s3.eu-central-1.wasabisys.com/satnogs-network/data_obs/2026/9/23/20/15044278/waterfall_15044278_2026-09-23T20-39-32.png,15044278,44881,good,,,CW,145910000,56.0,DK0SB-VHF/UHF-Hi,1664.0,2026-09-23T20:39:32Z,https://s3.eu-central-1.wasabisys.com/satnogs-network/data_obs/2026/9/23/20/15044278/waterfall_15044278_2026-09-23T20-39-32.png
satnogs_15048831,2.4863415621206117,1.077883348806945,0.015625,0.171875,0.09090909090909091,1.4924017420776452,0.3137254901960784,0.0,0.4140625,1.1372241475027187,0.9115508464236496,0.7363206373014713,1,0,station_4803,https://s3.eu-central-1.wasabisys.com/satnogs-network/data_obs/2026/9/23/20/15048831/waterfall_15048831_2026-09-23T20-38-45.png,15048831,60243,good,,,GMSK,436750000,49.0,KC1OCA  UC-4364-531R (UHF),4803.0,2026-09-23T20:38:45Z,https://s3.eu-central-1.wasabisys.com/satnogs-network/data_obs/2026/9/23/20/15048831/waterfall_15048831_2026-09-23T20-38-45.png
satnogs_15053072,4.2875403460631425,1.3108599689443938,0.046875,0.046875,1.0,1.8254023090615383,0.058823529411764705,0.0,0.625,2.1071375222518083,0.8791527837324158,0.7420501394229605,1,0,station_2173,https://s3.eu-central-1.wasabisys.com/satnogs-network/data_obs/2026/9/23/20/15053072/waterfall_15053072_2026-09-23T20-38-14.png,15053072,98449,good,,,GMSK,437180000,24.0,PE0SAT-21,2173.0,2026-09-23T20:38:14Z,https://s3.eu-central-1.wasabisys.com/satnogs-network/data_obs/2026/9/23/20/15053072/waterfall_15053072_2026-09-23T20-38-14.png
satnogs_15053119,14.270078363562806,1.6970729670956715,0.125,0.203125,0.6153846153846154,3.154368451818877,0.2549019607843137,0.029411764705882353,0.9296875,2.6140681360916114,0.6197055276059319,0.8099283084831428,1,0,station_4188,https://s3.eu-central-1.wasabisys.com/satnogs-network/data_obs/2026/9/23/20/15053119/waterfall_15053119_2026-09-23T20-37-11.png,15053119,40908,good,,,GFSK,437225000,14.0,ISAE Supaero V/UHF,4188.0,2026-09-23T20:37:11Z,https://s3.eu-central-1.wasabisys.com/satnogs-network/data_obs/2026/9/23/20/15053119/waterfall_15053119_2026-09-23T20-37-11.png
satnogs_15048944,9.462042801520493,1.428830171325001,0.6328125,0.9765625,0.648,3.1780435954865216,0.058823529411764705,0.0,1.0,0.7644055168962989,0.9262948348612311,0.7042542660925316,1,0,station_4806,https://s3.eu-central-1.wasabisys.com/satnogs-network/data_obs/2026/9/23/20/15048944/waterfall_15048944_2026-09-23T20-36-40.png,15048944,39444,good,,,BPSK,145935000,40.0,KC1OCA UC-1464-531L (VHF),4806.0,2026-09-23T20:36:40Z,https://s3.eu-central-1.wasabisys.com/satnogs-network/data_obs/2026/9/23/20/15048944/waterfall_15048944_2026-09-23T20-36-40.png
satnogs_15048723,2.528188553707535,0.9658707014984591,0.0625,0.0625,1.0,3.309968094124866,0.0196078431372549,0.0,0.7265625,1.2455703042333057,0.816951929407784,0.7388115779120776,1,0,station_91,https://s3.eu-central-1.wasabisys.com/satnogs-network/data_obs/2026/9/23/20/15048723/waterfall_15048723_2026-09-23T20-25-36.png,15048723,61737,good,,,GMSK USP,401075000,18.0,M0EYT,91.0,2026-09-23T20:25:36Z,https://s3.eu-central-1.wasabisys.com/satnogs-network/data_obs/2026/9/23/20/15048723/waterfall_15048723_2026-09-23T20-25-36.png
satnogs_15041833,3.3403351897888522,1.5044822225396297,0.03125,0.1328125,0.23529411764705882,3.220793153240309,0.7254901960784313,0.0,0.984375,1.0278779211136702,0.8986739481906832,0.7384987998185556,1,0,station_2937,https://s3.eu-central-1.wasabisys.com/satnogs-network/data_obs/2026/9/23/20/15041833/waterfall_15041833_2026-09-23T20-24-20.png,15041833,69015,good,,,FSK AX.100 Mode 5,436150000,37.0,WH6GVF UHF,2937.0,2026-09-23T20:24:20Z,https://s3.eu-central-1.wasabisys.com/satnogs-network/data_obs/2026/9/23/20/15041833/waterfall_15041833_2026-09-23T20-24-20.png
satnogs_15041333,4.648365484059547,1.3859621988549908,0.109375,0.15625,0.7,2.2123697400150193,0.0,0.00980392156862745,0.8203125,1.504895237806659,0.8860923659524241,0.7414808473600004,1,0,station_5078,https://s3.eu-central-1.wasabisys.com/satnogs-network/data_obs/2026/9/23/20/15041333/waterfall_15041333_2026-09-23T20-22-41.png,15041333,64559,good,,,GMSK,401356000,38.0,dm43,5078.0,2026-09-23T20:22:41Z,https://s3.eu-central-1.wasabisys.com/satnogs-network/data_obs/2026/9/23/20/15041333/waterfall_15041333_2026-09-23T20-22-41.png
satnogs_15048830,6.680830972615681,0.17268947238952237,0.0,0.3984375,0.0,8.74599357878164,0.8431372549019608,0.0196078431372549,0.4765625,1.213007537468937,0.9139910342910593,0.7812321668796182,1,0,station_4803,https://s3.eu-central-1.wasabisys.com/satnogs-network/data_obs/2026/9/23/20/15048830/waterfall_15048830_2026-09-23T20-22-26.png,15048830,59112,good,,,GMSK,437025000,12.0,KC1OCA  UC-4364-531R (UHF),4803.0,2026-09-23T20:22:26Z,https://s3.eu-central-1.wasabisys.com/satnogs-network/data_obs/2026/9/23/20/15048830/waterfall_15048830_2026-09-23T20-22-26.png
satnogs_15045453,2.3598061841688036,1.2822227505197012,0.0078125,0.0390625,0.2,1.554477475157362,0.058823529411764705,0.00980392156862745,0.421875,1.0491529991986759,0.917755788205532,0.7680005700066526,1,0,station_4582,https://s3.eu-central-1.wasabisys.com/satnogs-network/data_obs/2026/9/23/20/15045453/waterfall_15045453_2026-09-23T20-16-36.png,15045453,67683,good,,,FSK,400630000,66.0,KN6BKT-433,4582.0,2026-09-23T20:16:36Z,https://s3.eu-central-1.wasabisys.com/satnogs-network/data_obs/2026/9/23/20/15045453/waterfall_15045453_2026-09-23T20-16-36.png
satnogs_15041211,10.218946280923774,1.923688229178219,0.109375,0.109375,1.0,8.738235034783381,0.0392156862745098,0.0196078431372549,0.71875,2.5867125765281775,0.8577952757869017,0.7844564614187421,1,0,station_3625,https://s3.eu-central-1.wasabisys.com/satnogs-network/data_obs/2026/9/23/20/15041211/waterfall_15041211_2026-09-23T20-15-32.png,15041211,63235,good,,,GFSK,400496500,73.0,ZS6ETA,3625.0,2026-09-23T20:15:32Z,https://s3.eu-central-1.wasabisys.com/satnogs-network/data_obs/2026/9/23/20/15041211/waterfall_15041211_2026-09-23T20-15-32.png
satnogs_15041212,18.901800569141727,2.685466892139292,0.1796875,0.296875,0.6052631578947368,12.535367528285384,0.0392156862745098,0.00980392156862745,0.828125,2.4863785001979064,0.7962329436594994,0.8467285492214014,1,0,station_3634,https://s3.eu-central-1.wasabisys.com/satnogs-network/data_obs/2026/9/23/20/15041212/waterfall_15041212_2026-09-23T20-15-22.png,15041212,63235,good,,,GFSK,400496500,70.0,ZR6DM @ Heidelberg - UHF,3634.0,2026-09-23T20:15:22Z,https://s3.eu-central-1.wasabisys.com/satnogs-network/data_obs/2026/9/23/20/15041212/waterfall_15041212_2026-09-23T20-15-22.png
satnogs_15042191,8.25074742987649,1.0623301547379609,0.90625,1.0,0.90625,1.8387713021349747,0.6862745098039216,0.17647058823529413,1.0,0.4636685598944706,0.862259569817126,0.5717250497195413,1,0,station_5137,https://s3.eu-central-1.wasabisys.com/satnogs-network/data_obs/2026/9/23/20/15042191/waterfall_15042191_2026-09-23T20-10-45.png,15042191,64881,good,,,GFSK,436272300,51.0,berlin_ma_sat,5137.0,2026-09-23T20:10:45Z,https://s3.eu-central-1.wasabisys.com/satnogs-network/data_obs/2026/9/23/20/15042191/waterfall_15042191_2026-09-23T20-10-45.png
satnogs_15048829,5.083130986105503,1.2164515239523572,0.1875,0.65625,0.2857142857142857,6.819215898776086,0.5882352941176471,0.0,0.96875,0.7430883730904055,0.907768699506733,0.7135207598205814,1,0,station_4803,https://s3.eu-central-1.wasabisys.com/satnogs-network/data_obs/2026/9/23/20/15048829/waterfall_15048829_2026-09-23T20-10-22.png,15048829,64881,good,,,GFSK,436272300,56.0,KC1OCA  UC-4364-531R (UHF),4803.0,2026-09-23T20:10:22Z,https://s3.eu-central-1.wasabisys.com/satnogs-network/data_obs/2026/9/23/20/15048829/waterfall_15048829_2026-09-23T20-10-22.png
satnogs_15053175,4.48536355051938,1.3312068653671596,0.15625,0.265625,0.5882352941176471,3.494940012784293,0.1568627450980392,0.0,0.9765625,2.603273568378633,0.8767293409167495,0.7694838154098768,1,0,station_4460,https://s3.eu-central-1.wasabisys.com/satnogs-network/data_obs/2026/9/23/20/15053175/waterfall_15053175_2026-09-23T20-06-21.png,15053175,55104,good,,,GMSK,437325000,86.0,Sofia SAT Club - Bay Ivan,4460.0,2026-09-23T20:06:21Z,https://s3.eu-central-1.wasabisys.com/satnogs-network/data_obs/2026/9/23/20/15053175/waterfall_15053175_2026-09-23T20-06-21.png
satnogs_15052957,21.123014388287825,7.96843972770037,0.765625,0.765625,1.0,31.888322414403216,0.0,0.0,1.0,0.7631045520034602,0.9713493514548134,0.9549361245536209,1,0,station_2173,https://s3.eu-central-1.wasabisys.com/satnogs-network/data_obs/2026/9/23/20/15052957/waterfall_15052957_2026-09-23T20-06-14.png,15052957,60237,good,,,GFSK,436785000,21.0,PE0SAT-21,2173.0,2026-09-23T20:06:14Z,https://s3.eu-central-1.wasabisys.com/satnogs-network/data_obs/2026/9/23/20/15052957/waterfall_15052957_2026-09-23T20-06-14.png
satnogs_15041566,30.351793447671195,9.140322449679296,0.8125,0.8125,1.0,14.539148811743267,0.0,0.0,0.9140625,1.0082198714173112,0.8268173152693111,0.976436168622105,1,0,station_342,https://s3.eu-central-1.wasabisys.com/satnogs-network/data_obs/2026/9/23/20/15041566/waterfall_15041566_2026-09-23T20-06-03.png,15041566,25544,good,,,FM,437800000,48.0,EA5WA Pobla Llarga,342.0,2026-09-23T20:06:03Z,https://s3.eu-central-1.wasabisys.com/satnogs-network/data_obs/2026/9/23/20/15041566/waterfall_15041566_2026-09-23T20-06-03.png
satnogs_15041416,28.333670578713082,15.006233253452468,0.8203125,0.8203125,1.0,26.8925083890469,0.0196078431372549,0.0,0.8203125,0.5867307665303545,0.9980909904456704,0.9957697574665442,1,0,station_2380,https://s3.eu-central-1.wasabisys.com/satnogs-network/data_obs/2026/9/23/20/15041416/waterfall_15041416_2026-09-23T20-05-50.png,15041416,60237,good,,,GFSK,436785000,11.0,Piszkesteto UHF,2380.0,2026-09-23T20:05:50Z,https://s3.eu-central-1.wasabisys.com/satnogs-network/data_obs/2026/9/23/20/15041416/waterfall_15041416_2026-09-23T20-05-50.png
satnogs_15052637,13.994150325595108,3.116389083962197,0.2734375,0.2734375,1.0,10.162631583601835,0.0784313725490196,0.00980392156862745,0.984375,1.5201549551909976,0.8745644067330712,0.8381410152969203,1,0,station_3020,https://s3.eu-central-1.wasabisys.com/satnogs-network/data_obs/2026/9/23/20/15052637/waterfall_15052637_2026-09-23T20-04-33.png,15052637,98370,good,,,GMSK,400357500,39.0,Jim UHF,3020.0,2026-09-23T20:04:33Z,https://s3.eu-central-1.wasabisys.com/satnogs-network/data_obs/2026/9/23/20/15052637/waterfall_15052637_2026-09-23T20-04-33.png
satnogs_15043337,4.699935923377856,1.095846004832528,0.0234375,0.109375,0.21428571428571427,1.8019362414344189,0.5294117647058824,0.029411764705882353,0.828125,1.0193847763427568,0.8739281805743906,0.7568695364431833,1,0,station_2510,https://s3.eu-central-1.wasabisys.com/satnogs-network/data_obs/2026/9/23/20/15043337/waterfall_15043337_2026-09-23T20-02-21.png,15043337,68506,good,,,GFSK,437325000,11.0,MAUSyagi,2510.0,2026-09-23T20:02:21Z,https://s3.eu-central-1.wasabisys.com/satnogs-network/data_obs/2026/9/23/20/15043337/waterfall_15043337_2026-09-23T20-02-21.png
satnogs_15043329,5.37817631898443,1.1472799222007275,0.0546875,0.171875,0.3181818181818182,1.5661121059079863,0.0784313725490196,0.0392156862745098,0.7734375,1.7898641944658007,0.840759347728148,0.774649241067691,1,0,station_2134,https://s3.eu-central-1.wasabisys.com/satnogs-network/data_obs/2026/9/23/20/15043329/waterfall_15043329_2026-09-23T20-02-21.png,15043329,68506,good,,,GFSK,437325000,11.0,MAUSyagi,2134.0,2026-09-23T20:02:21Z,https://s3.eu-central-1.wasabisys.com/satnogs-network/data_obs/2026/9/23/20/15043329/waterfall_15043329_2026-09-23T20-02-21.png
satnogs_15052956,4.167931336840704,1.2045580448893438,0.03125,0.21875,0.14285714285714285,2.874687718880351,0.7647058823529411,0.0196078431372549,0.7421875,1.2258158151420628,0.8402822957588303,0.7297979203995608,1,0,station_2173,https://s3.eu-central-1.wasabisys.com/satnogs-network/data_obs/2026/9/23/19/15052956/waterfall_15052956_2026-09-23T19-57-23.png,15052956,43784,good,,,GMSK,437275000,65.0,PE0SAT-21,2173.0,2026-09-23T19:57:23Z,https://s3.eu-central-1.wasabisys.com/satnogs-network/data_obs/2026/9/23/19/15052956/waterfall_15052956_2026-09-23T19-57-23.png
satnogs_15053116,7.2104852871480265,3.456941796749285,0.46875,0.46875,1.0,9.100541151731944,0.058823529411764705,0.029411764705882353,0.8515625,0.6371032840967817,0.8696921647150386,0.8646473382941224,1,0,station_4188,https://s3.eu-central-1.wasabisys.com/satnogs-network/data_obs/2026/9/23/19/15053116/waterfall_15053116_2026-09-23T19-56-35.png,15053116,68635,good,,,GMSK,437250000,84.0,ISAE Supaero V/UHF,4188.0,2026-09-23T19:56:35Z,https://s3.eu-central-1.wasabisys.com/satnogs-network/data_obs/2026/9/23/19/15053116/waterfall_15053116_2026-09-23T19-56-35.png
satnogs_15041362,3.5533016322676443,1.5398304771625364,0.2734375,0.28125,0.9722222222222222,10.557549256674072,0.0196078431372549,0.0,0.8671875,1.0017149647174604,0.9084576251842915,0.7424795768934986,1,0,station_5078,https://s3.eu-central-1.wasabisys.com/satnogs-network/data_obs/2026/9/23/19/15041362/waterfall_15041362_2026-09-23T19-55-57.png,15041362,62391,good,,,GFSK,436925000,31.0,dm43,5078.0,2026-09-23T19:55:57Z,https://s3.eu-central-1.wasabisys.com/satnogs-network/data_obs/2026/9/23/19/15041362/waterfall_15041362_2026-09-23T19-55-57.png
satnogs_15048827,20.154302732206453,5.817804690518614,0.7890625,0.9921875,0.7952755905511811,26.65204076787947,0.058823529411764705,0.0,1.0,0.8424408015094867,0.8479070564655383,0.8721431713883282,1,0,station_4803,https://s3.eu-central-1.wasabisys.com/satnogs-network/data_obs/2026/9/23/19/15048827/waterfall_15048827_2026-09-23T19-53-32.png,15048827,25544,good,,,FM,437800000,37.0,KC1OCA  UC-4364-531R (UHF),4803.0,2026-09-23T19:53:32Z,https://s3.eu-central-1.wasabisys.com/satnogs-network/data_obs/2026/9/23/19/15048827/waterfall_15048827_2026-09-23T19-53-32.png
satnogs_15052955,2.2493379340703097,1.1143062413574347,0.0,0.0,0.0,2.3713588958782736,0.7254901960784313,0.5,0.0,0.7100743500778112,0.9215673761000095,0.7542635882320162,1,0,station_2173,https://s3.eu-central-1.wasabisys.com/satnogs-network/data_obs/2026/9/23/19/15052955/waterfall_15052955_2026-09-23T19-53-31.png,15052955,40042,good,,,FSK,437675000,21.0,PE0SAT-21,2173.0,2026-09-23T19:53:31Z,https://s3.eu-central-1.wasabisys.com/satnogs-network/data_obs/2026/9/23/19/15052955/waterfall_15052955_2026-09-23T19-53-31.png
satnogs_15053097,7.65891922053398,1.6683079200003466,0.09375,0.09375,1.0,1.8046674760555776,0.0196078431372549,0.0196078431372549,0.9609375,2.0205904203898006,0.8290279446382567,0.7654360480104789,1,0,station_4791,https://s3.eu-central-1.wasabisys.com/satnogs-network/data_obs/2026/9/23/19/15053097/waterfall_15053097_2026-09-23T19-52-08.png,15053097,57172,good,,,GMSK USP,437625000,63.0,MEGANISI_1,4791.0,2026-09-23T19:52:08Z,https://s3.eu-central-1.wasabisys.com/satnogs-network/data_obs/2026/9/23/19/15053097/waterfall_15053097_2026-09-23T19-52-08.png
satnogs_15052842,2.9171725347362742,1.0582081185873784,0.0078125,0.046875,0.16666666666666666,2.9012136015879433,0.3137254901960784,0.00980392156862745,0.8359375,0.6397980943113015,0.8524685366334385,0.7613992959646416,1,0,station_2416,https://s3.eu-central-1.wasabisys.com/satnogs-network/data_obs/2026/9/23/19/15052842/waterfall_15052842_2026-09-23T19-51-16.png,15052842,64557,good,,,GMSK,401530000,55.0,N5ZKK-UHF-HELICAL,2416.0,2026-09-23T19:51:16Z,https://s3.eu-central-1.wasabisys.com/satnogs-network/data_obs/2026/9/23/19/15052842/waterfall_15052842_2026-09-23T19-51-16.png
satnogs_15041862,5.187606794370265,1.1333134085787289,0.3125,0.7734375,0.40404040404040403,2.937947954253614,0.6274509803921569,0.024509803921568627,1.0,0.590865378081199,0.868710782048425,0.5836162474335282,1,0,station_3804,https://s3.eu-central-1.wasabisys.com/satnogs-network/data_obs/2026/9/23/19/15041862/waterfall_15041862_2026-09-23T19-50-43.png,15041862,69015,good,,,FSK AX.100 Mode 5,436150000,28.0,DP0GVN-UHF,3804.0,2026-09-23T19:50:43Z,https://s3.eu-central-1.wasabisys.com/satnogs-network/data_obs/2026/9/23/19/15041862/waterfall_15041862_2026-09-23T19-50-43.png
satnogs_15043275,8.574300596597977,2.5346544200939753,0.390625,0.4765625,0.819672131147541,4.6387693014741975,0.0196078431372549,0.0392156862745098,0.9453125,0.733734733931464,0.6956004617425288,0.856350752517642,1,0,station_2051,https://s3.eu-central-1.wasabisys.com/satnogs-network/data_obs/2026/9/23/19/15043275/waterfall_15043275_2026-09-23T19-49-51.png,15043275,68460,good,,,GMSK,401200000,7.0,MAUSyagi-AK,2051.0,2026-09-23T19:49:51Z,https://s3.eu-central-1.wasabisys.com/satnogs-network/data_obs/2026/9/23/19/15043275/waterfall_15043275_2026-09-23T19-49-51.png
satnogs_15052964,7.4539876239592955,1.9613991634279921,0.171875,0.4375,0.39285714285714285,4.278923857652953,0.0392156862745098,0.00980392156862745,0.9765625,1.5153673374176908,0.8542121510163194,0.771382801946525,1,0,station_1696,https://s3.eu-central-1.wasabisys.com/satnogs-network/data_obs/2026/9/23/19/15052964/waterfall_15052964_2026-09-23T19-48-00.png,15052964,47448,good,,,MSK AX.100 Mode 5,400575000,71.0,PE0SAT-31,1696.0,2026-09-23T19:48:00Z,https://s3.eu-central-1.wasabisys.com/satnogs-network/data_obs/2026/9/23/19/15052964/waterfall_15052964_2026-09-23T19-48-00.png
satnogs_15052833,1.1227803496165274,1.40489032835894,0.0,0.0,0.0,0.9257621960388057,0.11764705882352941,0.5,0.0,0.2928407062381901,0.9965188307554903,0.9240437202892617,1,0,station_4084,https://s3.eu-central-1.wasabisys.com/satnogs-network/data_obs/2026/9/23/19/15052833/waterfall_15052833_2026-09-23T19-44-59.png,15052833,57166,good,,,FSK,137900000,78.0,Astronomiemuseum Turnstile VHF (Test UHF),4084.0,2026-09-23T19:44:59Z,https://s3.eu-central-1.wasabisys.com/satnogs-network/data_obs/2026/9/23/19/15052833/waterfall_15052833_2026-09-23T19-44-59.png
satnogs_15052635,8.97504070473306,2.3031068280794105,0.203125,0.25,0.8125,2.7881117125624955,0.09803921568627451,0.00980392156862745,0.875,1.7037093352994754,0.9024122751096241,0.7963204819534025,1,0,station_3020,https://s3.eu-central-1.wasabisys.com/satnogs-network/data_obs/2026/9/23/19/15052635/waterfall_15052635_2026-09-23T19-44-46.png,15052635,68433,good,,,GFSK,401021500,73.0,Jim UHF,3020.0,2026-09-23T19:44:46Z,https://s3.eu-central-1.wasabisys.com/satnogs-network/data_obs/2026/9/23/19/15052635/waterfall_15052635_2026-09-23T19-44-46.png
satnogs_15051208,2.023472278429786,1.605940371354469,0.0,0.0,0.0,2.902103390467803,0.6078431372549019,0.5,0.0,0.7461129008706452,0.948398349076815,0.838479396394651,1,0,station_4073,https://s3.eu-central-1.wasabisys.com/satnogs-network/data_obs/2026/9/23/19/15051208/waterfall_15051208_2026-09-23T19-44-41.png,15051208,57166,good,,,FSK,137900000,83.0,Eldrún,4073.0,2026-09-23T19:44:41Z,https://s3.eu-central-1.wasabisys.com/satnogs-network/data_obs/2026/9/23/19/15051208/waterfall_15051208_2026-09-23T19-44-41.png
satnogs_15046724,1.0604493607326468,1.534383130809768,0.0,0.0,0.0,0.9094777496011505,0.0392156862745098,0.5,0.0,0.2599641223987679,1.0001280172990608,0.932316422454753,1,0,station_2381,https://s3.eu-central-1.wasabisys.com/satnogs-network/data_obs/2026/9/23/19/15046724/waterfall_15046724_2026-09-23T19-44-20.png,15046724,57166,good,,,FSK,137900000,44.0,Piszkesteto VHF,2381.0,2026-09-23T19:44:20Z,https://s3.eu-central-1.wasabisys.com/satnogs-network/data_obs/2026/9/23/19/15046724/waterfall_15046724_2026-09-23T19-44-20.png
satnogs_15041533,1.234183191690276,1.7716030463176775,0.0,0.0,0.0,0.9207345106139436,0.0392156862745098,0.5,0.0,0.5987425885008036,1.004336657987452,0.9352983397699072,1,0,station_39,https://s3.eu-central-1.wasabisys.com/satnogs-network/data_obs/2026/9/23/19/15041533/waterfall_15041533_2026-09-23T19-43-32.png,15041533,57166,good,,,FSK,137900000,83.0,CGBSAT-VHF,39.0,2026-09-23T19:43:32Z,https://s3.eu-central-1.wasabisys.com/satnogs-network/data_obs/2026/9/23/19/15041533/waterfall_15041533_2026-09-23T19-43-32.png
satnogs_15053014,6.254215567246754,1.7294411124931561,0.15625,0.1640625,0.9523809523809523,11.616229746541375,0.0,0.0,0.921875,2.0670773004194287,0.7771751389694748,0.7789245250303779,1,0,station_4755,https://s3.eu-central-1.wasabisys.com/satnogs-network/data_obs/2026/9/23/19/15053014/waterfall_15053014_2026-09-23T19-43-20.png,15053014,57192,good,,,GMSK USP,401169000,79.0,NKUA EVRIPOS - UHF,4755.0,2026-09-23T19:43:20Z,https://s3.eu-central-1.wasabisys.com/satnogs-network/data_obs/2026/9/23/19/15053014/waterfall_15053014_2026-09-23T19-43-20.png
satnogs_15053062,1.5089123175919708,1.4779506506320295,0.0,0.0,0.0,0.8671942191758386,0.0392156862745098,0.5,0.0,0.5489211806959464,0.9892649854793798,0.8915569598095225,1,0,station_5026,https://s3.eu-central-1.wasabisys.com/satnogs-network/data_obs/2026/9/23/19/15053062/waterfall_15053062_2026-09-23T19-41-42.png,15053062,57166,good,,,FSK,137900000,37.0,NKUA EVRIPOS - VHF,5026.0,2026-09-23T19:41:42Z,https://s3.eu-central-1.wasabisys.com/satnogs-network/data_obs/2026/9/23/19/15053062/waterfall_15053062_2026-09-23T19-41-42.png
satnogs_15050310,2.169308118316617,1.3608273299366453,0.0,0.0,0.0,1.2255751747701535,0.0784313725490196,0.5,0.0,0.9155209520419088,0.9185259010401878,0.7695755078855571,1,0,station_949,https://s3.eu-central-1.wasabisys.com/satnogs-network/data_obs/2026/9/23/19/15050310/waterfall_15050310_2026-09-23T19-39-54.png,15050310,98914,good,,,FSK,435141000,40.0,SM0KOT - VHF,949.0,2026-09-23T19:39:54Z,https://s3.eu-central-1.wasabisys.com/satnogs-network/data_obs/2026/9/23/19/15050310/waterfall_15050310_2026-09-23T19-39-54.png
satnogs_15049366,2.5855479113269486,0.8875866505714657,0.0,0.0,0.0,1.906501767636025,0.27450980392156865,0.5,0.0,0.9391356895851616,0.9510303899711788,0.7624015676283956,1,0,station_3794,https://s3.eu-central-1.wasabisys.com/satnogs-network/data_obs/2026/9/23/19/15049366/waterfall_15049366_2026-09-23T19-39-19.png,15049366,66681,good,,,FSK,400550000,46.0,SPUTNIX-VHF/UHF-Murmansk,3794.0,2026-09-23T19:39:19Z,https://s3.eu-central-1.wasabisys.com/satnogs-network/data_obs/2026/9/23/19/15049366/waterfall_15049366_2026-09-23T19-39-19.png
satnogs_15052634,9.323381105885751,4.392793156873965,0.6484375,0.6796875,0.9540229885057471,7.54533474080216,0.0,0.0196078431372549,0.984375,0.5977851203916729,0.8104437582872797,0.8850708969115415,1,0,station_3020,https://s3.eu-central-1.wasabisys.com/satnogs-network/data_obs/2026/9/23/19/15052634/waterfall_15052634_2026-09-23T19-38-50.png,15052634,68460,good,,,GMSK,401200000,89.0,Jim UHF,3020.0,2026-09-23T19:38:50Z,https://s3.eu-central-1.wasabisys.com/satnogs-network/data_obs/2026/9/23/19/15052634/waterfall_15052634_2026-09-23T19-38-50.png
satnogs_15053006,2.728621708791681,1.309642330084236,0.03125,0.078125,0.4,1.0672646328756346,0.5882352941176471,0.00980392156862745,0.9921875,0.8327167188703304,0.9244262639623739,0.7525670827219786,1,0,station_4460,https://s3.eu-central-1.wasabisys.com/satnogs-network/data_obs/2026/9/23/19/15053006/waterfall_15053006_2026-09-23T19-38-03.png,15053006,98914,good,,,FSK,435141000,29.0,Sofia SAT Club - Bay Ivan,4460.0,2026-09-23T19:38:03Z,https://s3.eu-central-1.wasabisys.com/satnogs-network/data_obs/2026/9/23/19/15053006/waterfall_15053006_2026-09-23T19-38-03.png
satnogs_15051314,7.31272617434707,2.80428077592658,0.2734375,0.2734375,1.0,7.92252607677736,0.0196078431372549,0.0196078431372549,0.8984375,0.929033670914706,0.8377764769096746,0.7983698878031358,1,0,station_5078,https://s3.eu-central-1.wasabisys.com/satnogs-network/data_obs/2026/9/23/19/15051314/waterfall_15051314_2026-09-23T19-36-44.png,15051314,68635,good,,,GMSK,437250000,50.0,dm43,5078.0,2026-09-23T19:36:44Z,https://s3.eu-central-1.wasabisys.com/satnogs-network/data_obs/2026/9/23/19/15051314/waterfall_15051314_2026-09-23T19-36-44.png
satnogs_15043355,5.582644859228879,1.9834727748627263,0.1015625,0.1015625,1.0,3.763605846007319,0.0196078431372549,0.0196078431372549,0.765625,1.5221946123956431,0.8523347033920446,0.7765675100837309,1,0,station_2134,https://s3.eu-central-1.wasabisys.com/satnogs-network/data_obs/2026/9/23/19/15043355/waterfall_15043355_2026-09-23T19-36-41.png,15043355,68635,good,,,GMSK,437250000,25.0,MAUSyagi,2134.0,2026-09-23T19:36:41Z,https://s3.eu-central-1.wasabisys.com/satnogs-network/data_obs/2026/9/23/19/15043355/waterfall_15043355_2026-09-23T19-36-41.png
satnogs_15048513,15.959914120260917,2.274271732709275,0.1875,0.1953125,0.96,11.962504453715763,0.0392156862745098,0.00980392156862745,0.75,2.2273790709655046,0.6101895185649139,0.8645770342927581,1,0,station_2051,https://s3.eu-central-1.wasabisys.com/satnogs-network/data_obs/2026/9/23/19/15048513/waterfall_15048513_2026-09-23T19-36-33.png,15048513,63235,good,,,GFSK,400496500,48.0,MAUSyagi-AK,2051.0,2026-09-23T19:36:33Z,https://s3.eu-central-1.wasabisys.com/satnogs-network/data_obs/2026/9/23/19/15048513/waterfall_15048513_2026-09-23T19-36-33.png
satnogs_15052968,9.820264271903401,1.7860528890498597,0.09375,0.1015625,0.9230769230769231,15.840176848055133,0.0,0.0,1.0,3.1147413110321573,0.749112087884853,0.7996460766461717,1,0,station_1466,https://s3.eu-central-1.wasabisys.com/satnogs-network/data_obs/2026/9/23/19/15052968/waterfall_15052968_2026-09-23T19-30-50.png,15052968,59068,good,,,GMSK USP,401077500,57.0,PE0SAT-12,1466.0,2026-09-23T19:30:50Z,https://s3.eu-central-1.wasabisys.com/satnogs-network/data_obs/2026/9/23/19/15052968/waterfall_15052968_2026-09-23T19-30-50.png
satnogs_15052960,4.179433813185389,1.74198131802296,0.078125,0.078125,1.0,10.086671016329934,0.0196078431372549,0.0,0.6875,2.090596545156421,0.819141150656182,0.7793756542379511,1,0,station_1696,https://s3.eu-central-1.wasabisys.com/satnogs-network/data_obs/2026/9/23/19/15052960/waterfall_15052960_2026-09-23T19-30-15.png,15052960,59068,good,,,GMSK USP,401077500,57.0,PE0SAT-31,1696.0,2026-09-23T19:30:15Z,https://s3.eu-central-1.wasabisys.com/satnogs-network/data_obs/2026/9/23/19/15052960/waterfall_15052960_2026-09-23T19-30-15.png
satnogs_15052633,5.924021681812062,1.5566292026725708,0.1328125,0.1796875,0.7391304347826086,2.2340527268109778,0.0392156862745098,0.024509803921568627,0.953125,1.696288141053577,0.8430441232489674,0.755665388823309,1,0,station_3020,https://s3.eu-central-1.wasabisys.com/satnogs-network/data_obs/2026/9/23/19/15052633/waterfall_15052633_2026-09-23T19-28-36.png,15052633,68481,good,,,GFSK,401577500,69.0,Jim UHF,3020.0,2026-09-23T19:28:36Z,https://s3.eu-central-1.wasabisys.com/satnogs-network/data_obs/2026/9/23/19/15052633/waterfall_15052633_2026-09-23T19-28-36.png
satnogs_15053019,6.491529816041527,1.8614421223238065,0.1328125,0.1328125,1.0,4.506738257685869,0.0,0.029411764705882353,0.84375,2.1033347906815814,0.8451453854220708,0.7875682356457642,1,0,station_579,https://s3.eu-central-1.wasabisys.com/satnogs-network/data_obs/2026/9/23/19/15053019/waterfall_15053019_2026-09-23T19-25-57.png,15053019,67291,good,,,GMSK,436950000,35.0,Um Alaish 4,579.0,2026-09-23T19:25:57Z,https://s3.eu-central-1.wasabisys.com/satnogs-network/data_obs/2026/9/23/19/15053019/waterfall_15053019_2026-09-23T19-25-57.png
satnogs_15047035,1.653882000907499,1.4381920518658147,0.0,0.0,0.0,0.9721871074758598,0.47058823529411764,0.5,0.0,0.4823108121158229,0.9860699965147047,0.9006585697031454,1,0,station_4326,https://s3.eu-central-1.wasabisys.com/satnogs-network/data_obs/2026/9/23/19/15047035/waterfall_15047035_2026-09-23T19-22-15.png,15047035,59051,good,,,FSK,137900000,45.0,KB9LEB_Debian_12,4326.0,2026-09-23T19:22:15Z,https://s3.eu-central-1.wasabisys.com/satnogs-network/data_obs/2026/9/23/19/15047035/waterfall_15047035_2026-09-23T19-22-15.png
satnogs_15053004,3.891292843134203,0.6522150154461435,0.0546875,0.28125,0.19444444444444445,1.5719228957653062,0.3137254901960784,0.00980392156862745,0.875,1.1543857940261024,0.934443979406035,0.8089543444723815,1,0,station_4460,https://s3.eu-central-1.wasabisys.com/satnogs-network/data_obs/2026/9/23/19/15053004/waterfall_15053004_2026-09-23T19-20-37.png,15053004,43804,good,,,MSK AX.100 Mode 5,437775000,76.0,Sofia SAT Club - Bay Ivan,4460.0,2026-09-23T19:20:37Z,https://s3.eu-central-1.wasabisys.com/satnogs-network/data_obs/2026/9/23/19/15053004/waterfall_15053004_2026-09-23T19-20-37.png
satnogs_15044266,13.069408165017382,2.4035186280280847,0.3984375,0.3984375,1.0,34.11960475173484,0.0196078431372549,0.0,0.90625,1.4912552124470775,0.7988625213200371,0.7675332053310787,1,0,station_1664,https://s3.eu-central-1.wasabisys.com/satnogs-network/data_obs/2026/9/23/19/15044266/waterfall_15044266_2026-09-23T19-19-55.png,15044266,49402,good,,,CW,435525000,63.0,DK0SB-VHF/UHF-Hi,1664.0,2026-09-23T19:19:55Z,https://s3.eu-central-1.wasabisys.com/satnogs-network/data_obs/2026/9/23/19/15044266/waterfall_15044266_2026-09-23T19-19-55.png
satnogs_15044261,3.6338189666802796,1.501907420191873,0.328125,0.328125,1.0,33.13000204602366,0.0196078431372549,0.0,0.890625,1.0740967821330687,0.8806449163615407,0.7051605897792466,1,0,station_1663,https://s3.eu-central-1.wasabisys.com/satnogs-network/data_obs/2026/9/23/19/15044261/waterfall_15044261_2026-09-23T19-19-55.png,15044261,49402,good,,,CW,435525000,63.0,DK0SB-UHF-Omni,1663.0,2026-09-23T19:19:55Z,https://s3.eu-central-1.wasabisys.com/satnogs-network/data_obs/2026/9/23/19/15044261/waterfall_15044261_2026-09-23T19-19-55.png
satnogs_15052805,14.77977876703099,2.0489428065843907,0.1015625,0.109375,0.9285714285714286,12.992408473537958,0.0196078431372549,0.00980392156862745,0.8984375,2.8798561097763833,0.7252688775994187,0.8138679296594563,1,0,station_1466,https://s3.eu-central-1.wasabisys.com/satnogs-network/data_obs/2026/9/23/19/15052805/waterfall_15052805_2026-09-23T19-18-10.png,15052805,59067,good,,,GMSK USP,401062500,76.0,PE0SAT-12,1466.0,2026-09-23T19:18:10Z,https://s3.eu-central-1.wasabisys.com/satnogs-network/data_obs/2026/9/23/19/15052805/waterfall_15052805_2026-09-23T19-18-10.png
satnogs_15052794,5.648458628021564,1.8087145150789306,0.109375,0.203125,0.5384615384615384,8.33492805954759,0.0196078431372549,0.0196078431372549,0.9765625,2.0514406771984146,0.8226960538852379,0.7752543488892513,1,0,station_1696,https://s3.eu-central-1.wasabisys.com/satnogs-network/data_obs/2026/9/23/19/15052794/waterfall_15052794_2026-09-23T19-17-43.png,15052794,59067,good,,,GMSK USP,401062500,76.0,PE0SAT-31,1696.0,2026-09-23T19:17:43Z,https://s3.eu-central-1.wasabisys.com/satnogs-network/data_obs/2026/9/23/19/15052794/waterfall_15052794_2026-09-23T19-17-43.png
satnogs_15052841,4.769803403693376,1.454680668301315,0.125,0.21875,0.5714285714285714,1.9388177394181383,0.0,0.00980392156862745,0.9609375,2.1870207262427903,0.8739771491458583,0.7601398892192618,1,0,station_2416,https://s3.eu-central-1.wasabisys.com/satnogs-network/data_obs/2026/9/23/19/15052841/waterfall_15052841_2026-09-23T19-16-47.png,15052841,46906,good,,,FSK AX.100 Mode 5,401120000,16.0,N5ZKK-UHF-HELICAL,2416.0,2026-09-23T19:16:47Z,https://s3.eu-central-1.wasabisys.com/satnogs-network/data_obs/2026/9/23/19/15052841/waterfall_15052841_2026-09-23T19-16-47.png
satnogs_15049711,5.9523809523809526,1.503482058545798,0.1484375,1.0,0.1484375,2.3243279591385706,0.17647058823529413,0.0,1.0,0.36322405708465566,0.9695466231078457,0.7719116428475992,1,0,station_4613,https://s3.eu-central-1.wasabisys.com/satnogs-network/data_obs/2026/9/23/19/15049711/waterfall_15049711_2026-09-23T19-16-23.png,15049711,66673,good,,,FSK,400600000,43.0,"Saratoga, CA Ground Station",4613.0,2026-09-23T19:16:23Z,https://s3.eu-central-1.wasabisys.com/satnogs-network/data_obs/2026/9/23/19/15049711/waterfall_15049711_2026-09-23T19-16-23.png
satnogs_15043213,3.8192262907803056,1.2299545633627276,0.1015625,0.1484375,0.6842105263157895,1.9471791412150845,0.0196078431372549,0.058823529411764705,0.875,1.2398852641804312,0.7704985101638339,0.7546837235694352,1,0,station_2051,https://s3.eu-central-1.wasabisys.com/satnogs-network/data_obs/2026/9/23/19/15043213/waterfall_15043213_2026-09-23T19-16-21.png,15043213,98273,good,,,FSK,435400000,75.0,MAUSyagi-AK,2051.0,2026-09-23T19:16:21Z,https://s3.eu-central-1.wasabisys.com/satnogs-network/data_obs/2026/9/23/19/15043213/waterfall_15043213_2026-09-23T19-16-21.png
satnogs_15042190,3.2189300019661675,0.26543932622392585,0.046875,0.1015625,0.46153846153846156,1.3460890859517853,0.8235294117647058,0.0,0.4921875,1.0421927459788065,0.9356855751584472,0.8303231841699761,1,0,station_5137,https://s3.eu-central-1.wasabisys.com/satnogs-network/data_obs/2026/9/23/19/15042190/waterfall_15042190_2026-09-23T19-16-00.png,15042190,68446,good,,,GENESIS FSK,436875000,56.0,berlin_ma_sat,5137.0,2026-09-23T19:16:00Z,https://s3.eu-central-1.wasabisys.com/satnogs-network/data_obs/2026/9/23/19/15042190/waterfall_15042190_2026-09-23T19-16-00.png
satnogs_15052772,4.168046306856527,1.0923771791101196,0.0859375,0.5,0.171875,3.121928658148812,0.5098039215686274,0.0,0.9921875,1.2208129011148128,0.9057126059150669,0.7286642973749337,1,0,station_3689,https://s3.eu-central-1.wasabisys.com/satnogs-network/data_obs/2026/9/23/19/15052772/waterfall_15052772_2026-09-23T19-14-22.png,15052772,43786,good,,,BPSK,145860000,56.0,DF0OHM Turnstile VHF (Test UHF),3689.0,2026-09-23T19:14:22Z,https://s3.eu-central-1.wasabisys.com/satnogs-network/data_obs/2026/9/23/19/15052772/waterfall_15052772_2026-09-23T19-14-22.png
satnogs_15052804,2.14150816133819,1.1717882089096263,0.0,0.0,0.0,1.668803199393873,0.3137254901960784,0.5,0.0,0.656229685552402,0.9104600136214104,0.7401336112287511,1,0,station_1466,https://s3.eu-central-1.wasabisys.com/satnogs-network/data_obs/2026/9/23/19/15052804/waterfall_15052804_2026-09-23T19-12-14.png,15052804,39430,good,,,GMSK,437252500,57.0,PE0SAT-12,1466.0,2026-09-23T19:12:14Z,https://s3.eu-central-1.wasabisys.com/satnogs-network/data_obs/2026/9/23/19/15052804/waterfall_15052804_2026-09-23T19-12-14.png
satnogs_15041356,2.3203369613836355,1.2448632073225894,0.0,0.0078125,0.0,2.1819097051524783,0.19607843137254902,0.5,0.0,1.0758431036902458,0.9172497971116791,0.7611718626513536,1,0,station_5078,https://s3.eu-central-1.wasabisys.com/satnogs-network/data_obs/2026/9/23/19/15041356/waterfall_15041356_2026-09-23T19-11-14.png,15041356,98492,good,,,GMSK,436650000,27.0,dm43,5078.0,2026-09-23T19:11:14Z,https://s3.eu-central-1.wasabisys.com/satnogs-network/data_obs/2026/9/23/19/15041356/waterfall_15041356_2026-09-23T19-11-14.png
satnogs_15045806,6.019732276044664,1.3062489122447265,0.1640625,0.1640625,1.0,10.425937552547499,0.0784313725490196,0.014705882352941176,0.734375,1.8710183203372561,0.7308889481551777,0.7666144536657327,1,0,station_2968,https://s3.eu-central-1.wasabisys.com/satnogs-network/data_obs/2026/9/23/19/15045806/waterfall_15045806_2026-09-23T19-10-17.png,15045806,60246,good,,,FSK AX.100 Mode 5,437185000,21.0,UX5UL,2968.0,2026-09-23T19:10:17Z,https://s3.eu-central-1.wasabisys.com/satnogs-network/data_obs/2026/9/23/19/15045806/waterfall_15045806_2026-09-23T19-10-17.png
satnogs_15052781,10.569492560589284,1.441963797940183,0.15625,0.34375,0.45454545454545453,2.128452999529496,0.1568627450980392,0.0392156862745098,0.890625,2.386819872566693,0.6715225092342346,0.7738811332243594,1,0,station_2173,https://s3.eu-central-1.wasabisys.com/satnogs-network/data_obs/2026/9/23/19/15052781/waterfall_15052781_2026-09-23T19-09-03.png,15052781,40908,good,,,GFSK,437225000,67.0,PE0SAT-21,2173.0,2026-09-23T19:09:03Z,https://s3.eu-central-1.wasabisys.com/satnogs-network/data_obs/2026/9/23/19/15052781/waterfall_15052781_2026-09-23T19-09-03.png
satnogs_15052792,7.583315294626987,1.68019765716419,0.296875,0.375,0.7916666666666666,2.338744862562879,0.1568627450980392,0.0196078431372549,0.9453125,1.5965765000056211,0.7960297013572409,0.7657355762337522,1,0,station_1696,https://s3.eu-central-1.wasabisys.com/satnogs-network/data_obs/2026/9/23/19/15052792/waterfall_15052792_2026-09-23T19-09-03.png,15052792,40908,good,,,GFSK,437225000,66.0,PE0SAT-31,1696.0,2026-09-23T19:09:03Z,https://s3.eu-central-1.wasabisys.com/satnogs-network/data_obs/2026/9/23/19/15052792/waterfall_15052792_2026-09-23T19-09-03.png
satnogs_15048457,9.669530899519712,1.45667167321504,0.109375,0.2890625,0.3783783783783784,3.808794019402244,0.17647058823529413,0.00980392156862745,0.8359375,2.13901651314896,0.756305588246798,0.7740339748708066,1,0,station_3106,https://s3.eu-central-1.wasabisys.com/satnogs-network/data_obs/2026/9/23/19/15048457/waterfall_15048457_2026-09-23T19-08-43.png,15048457,40908,good,,,GFSK,437225000,67.0,DEX-ONE,3106.0,2026-09-23T19:08:43Z,https://s3.eu-central-1.wasabisys.com/satnogs-network/data_obs/2026/9/23/19/15048457/waterfall_15048457_2026-09-23T19-08-43.png
satnogs_15051764,13.209642104826292,1.9784792049310465,0.2578125,0.28125,0.9166666666666666,11.86135717533262,0.0784313725490196,0.0,0.640625,1.5143777422017564,0.9256168510639848,0.7690700193165038,1,0,station_4934,https://s3.eu-central-1.wasabisys.com/satnogs-network/data_obs/2026/9/23/19/15051764/waterfall_15051764_2026-09-23T19-07-11.png,15051764,67683,good,,,FSK,400630000,32.0,Paolo IT9IPQ,4934.0,2026-09-23T19:07:11Z,https://s3.eu-central-1.wasabisys.com/satnogs-network/data_obs/2026/9/23/19/15051764/waterfall_15051764_2026-09-23T19-07-11.png
satnogs_15051406,7.53393452094612,1.0934226969958436,0.4765625,1.0,0.4765625,3.956112866049198,0.11764705882352941,0.0,1.0,0.6727483300387637,0.9246425638882437,0.6688011032558109,1,0,station_2107,https://s3.eu-central-1.wasabisys.com/satnogs-network/data_obs/2026/9/23/19/15051406/waterfall_15051406_2026-09-23T19-05-47.png,15051406,64881,good,,,GFSK,436272300,33.0,JH4XSY-pi,2107.0,2026-09-23T19:05:47Z,https://s3.eu-central-1.wasabisys.com/satnogs-network/data_obs/2026/9/23/19/15051406/waterfall_15051406_2026-09-23T19-05-47.png
satnogs_15052984,11.200134324117217,1.920537781443721,0.2265625,0.265625,0.8529411764705882,3.8993803004905008,0.2549019607843137,0.1568627450980392,0.9765625,1.7423378914565715,0.6268254554685915,0.8102298052106057,1,0,station_4188,https://s3.eu-central-1.wasabisys.com/satnogs-network/data_obs/2026/9/23/19/15052984/waterfall_15052984_2026-09-23T19-04-56.png,15052984,40908,good,,,GFSK,437225000,27.0,ISAE Supaero V/UHF,4188.0,2026-09-23T19:04:56Z,https://s3.eu-central-1.wasabisys.com/satnogs-network/data_obs/2026/9/23/19/15052984/waterfall_15052984_2026-09-23T19-04-56.png
satnogs_15051474,77.67146006453684,4.507182940553008,0.515625,1.0,0.515625,8.718473213288782,0.45098039215686275,0.00980392156862745,1.0,1.0857311628509352,0.9296939721339665,0.8365132003590616,1,0,station_1058,https://s3.eu-central-1.wasabisys.com/satnogs-network/data_obs/2026/9/23/19/15051474/waterfall_15051474_2026-09-23T19-03-02.png,15051474,67683,good,,,FSK,400630000,61.0,DEOS_RALF,1058.0,2026-09-23T19:03:02Z,https://s3.eu-central-1.wasabisys.com/satnogs-network/data_obs/2026/9/23/19/15051474/waterfall_15051474_2026-09-23T19-03-02.png
satnogs_15052801,2.5650722989857004,1.26425393103417,0.09375,0.09375,1.0,6.235689405492233,0.0196078431372549,0.0,0.859375,1.7310822969408843,0.867670340140714,0.7437598305321451,1,0,station_1466,https://s3.eu-central-1.wasabisys.com/satnogs-network/data_obs/2026/9/23/19/15052801/waterfall_15052801_2026-09-23T19-00-51.png,15052801,62628,good,,,FSK AX.100 Mode 5,401415000,48.0,PE0SAT-12,1466.0,2026-09-23T19:00:51Z,https://s3.eu-central-1.wasabisys.com/satnogs-network/data_obs/2026/9/23/19/15052801/waterfall_15052801_2026-09-23T19-00-51.png
satnogs_15041820,2.1803305945871334,0.7795773612412882,0.0,0.0,0.0,1.5192426858199575,0.7254901960784313,0.5,0.0,1.0655239597244897,0.9120658258384579,0.7722300113441395,1,0,station_2051,https://s3.eu-central-1.wasabisys.com/satnogs-network/data_obs/2026/9/23/19/15041820/waterfall_15041820_2026-09-23T19-00-25.png,15041820,69015,good,,,FSK AX.100 Mode 5,436150000,62.0,MAUSyagi-AK,2051.0,2026-09-23T19:00:25Z,https://s3.eu-central-1.wasabisys.com/satnogs-network/data_obs/2026/9/23/19/15041820/waterfall_15041820_2026-09-23T19-00-25.png
satnogs_15052790,2.895374967509287,1.5120640946214732,0.078125,0.078125,1.0,7.223603322348766,0.0196078431372549,0.00980392156862745,0.6875,0.6918251200394334,0.9021152702164095,0.7428429641983553,1,0,station_1696,https://s3.eu-central-1.wasabisys.com/satnogs-network/data_obs/2026/9/23/18/15052790/waterfall_15052790_2026-09-23T18-59-43.png,15052790,62628,good,,,FSK AX.100 Mode 5,401415000,43.0,PE0SAT-31,1696.0,2026-09-23T18:59:43Z,https://s3.eu-central-1.wasabisys.com/satnogs-network/data_obs/2026/9/23/18/15052790/waterfall_15052790_2026-09-23T18-59-43.png
satnogs_15048823,3.6870682371651573,1.1628472583307963,0.0234375,0.4609375,0.05084745762711865,8.043971927548489,0.43137254901960786,0.0,0.9765625,0.7891614787980519,0.9104706476369225,0.7320084256871305,1,0,station_4803,https://s3.eu-central-1.wasabisys.com/satnogs-network/data_obs/2026/9/23/18/15048823/waterfall_15048823_2026-09-23T18-59-14.png,15048823,39446,good,,,FSK,437384000,87.0,KC1OCA  UC-4364-531R (UHF),4803.0,2026-09-23T18:59:14Z,https://s3.eu-central-1.wasabisys.com/satnogs-network/data_obs/2026/9/23/18/15048823/waterfall_15048823_2026-09-23T18-59-14.png
satnogs_15048682,18.400176744109224,5.707341617343013,0.671875,0.671875,1.0,22.493073039589625,0.09803921568627451,0.0,0.859375,0.8938094538619971,0.9555714585027928,0.9158391145503304,1,0,station_5198,https://s3.eu-central-1.wasabisys.com/satnogs-network/data_obs/2026/9/23/18/15048682/waterfall_15048682_2026-09-23T18-57-25.png,15048682,41189,good,,,FM,137663000,82.0,FULLERS-1,5198.0,2026-09-23T18:57:25Z,https://s3.eu-central-1.wasabisys.com/satnogs-network/data_obs/2026/9/23/18/15048682/waterfall_15048682_2026-09-23T18-57-25.png
satnogs_15041887,2.533453096570626,1.081633207763863,0.0,0.015625,0.0,1.876073191296589,0.11764705882352941,0.5,0.0,1.1209043890858748,0.9030581108081787,0.7571163706980001,1,0,station_4613,https://s3.eu-central-1.wasabisys.com/satnogs-network/data_obs/2026/9/23/18/15041887/waterfall_15041887_2026-09-23T18-54-55.png,15041887,69015,good,,,FSK AX.100 Mode 5,436150000,32.0,"Saratoga, CA Ground Station",4613.0,2026-09-23T18:54:55Z,https://s3.eu-central-1.wasabisys.com/satnogs-network/data_obs/2026/9/23/18/15041887/waterfall_15041887_2026-09-23T18-54-55.png
satnogs_15052789,6.173646823477776,1.6393581978497196,0.1171875,0.203125,0.5769230769230769,8.608020001160464,0.0,0.029411764705882353,0.9140625,2.5482853749489216,0.7911054407049871,0.7806255152603395,1,0,station_1696,https://s3.eu-central-1.wasabisys.com/satnogs-network/data_obs/2026/9/23/18/15052789/waterfall_15052789_2026-09-23T18-52-48.png,15052789,61737,good,,,GMSK USP,401075000,78.0,PE0SAT-31,1696.0,2026-09-23T18:52:48Z,https://s3.eu-central-1.wasabisys.com/satnogs-network/data_obs/2026/9/23/18/15052789/waterfall_15052789_2026-09-23T18-52-48.png
satnogs_15052800,9.597098702674812,1.9367885428889993,0.1015625,0.1171875,0.8666666666666667,10.469864363170238,0.0,0.004901960784313725,0.875,2.8446923228006353,0.7497004341958566,0.8075687419629495,1,0,station_1466,https://s3.eu-central-1.wasabisys.com/satnogs-network/data_obs/2026/9/23/18/15052800/waterfall_15052800_2026-09-23T18-52-32.png,15052800,61737,good,,,GMSK USP,401075000,78.0,PE0SAT-12,1466.0,2026-09-23T18:52:32Z,https://s3.eu-central-1.wasabisys.com/satnogs-network/data_obs/2026/9/23/18/15052800/waterfall_15052800_2026-09-23T18-52-32.png
satnogs_15041290,5.572362987895365,1.615074837023872,0.109375,0.109375,1.0,5.890499793689833,0.0196078431372549,0.00980392156862745,0.5703125,1.823592646899301,0.8875855175092415,0.7546816990461084,1,0,station_5078,https://s3.eu-central-1.wasabisys.com/satnogs-network/data_obs/2026/9/23/18/15041290/waterfall_15041290_2026-09-23T18-52-03.png,15041290,98518,good,,,GMSK,401496000,22.0,dm43,5078.0,2026-09-23T18:52:03Z,https://s3.eu-central-1.wasabisys.com/satnogs-network/data_obs/2026/9/23/18/15041290/waterfall_15041290_2026-09-23T18-52-03.png
satnogs_15051481,2.9961186122659322,1.398613060341314,0.046875,0.046875,1.0,2.0946818603911352,0.0196078431372549,0.0196078431372549,0.4765625,1.7394019040956903,0.9072316762478609,0.7707674642617736,1,0,station_1461,https://s3.eu-central-1.wasabisys.com/satnogs-network/data_obs/2026/9/23/18/15051481/waterfall_15051481_2026-09-23T18-50-29.png,15051481,67683,good,,,FSK,400630000,70.0,VE2DSK-VHF-UHF,1461.0,2026-09-23T18:50:29Z,https://s3.eu-central-1.wasabisys.com/satnogs-network/data_obs/2026/9/23/18/15051481/waterfall_15051481_2026-09-23T18-50-29.png
satnogs_15052831,8.426497369486045,1.514626964454337,0.125,0.1953125,0.64,7.551625255605282,0.0196078431372549,0.3235294117647059,0.8984375,1.909017483456828,0.7924063804353677,0.7772097735187641,1,0,station_4755,https://s3.eu-central-1.wasabisys.com/satnogs-network/data_obs/2026/9/23/18/15052831/waterfall_15052831_2026-09-23T18-49-44.png,15052831,59071,good,,,GMSK USP,401092500,24.0,NKUA EVRIPOS - UHF,4755.0,2026-09-23T18:49:44Z,https://s3.eu-central-1.wasabisys.com/satnogs-network/data_obs/2026/9/23/18/15052831/waterfall_15052831_2026-09-23T18-49-44.png
satnogs_15042891,2.560330464013197,1.3433384225752163,0.0234375,0.0234375,1.0,1.2257125180833295,0.09803921568627451,0.014705882352941176,0.5234375,1.5543144955088923,0.9121553217338084,0.7695598845398387,1,0,station_2575,https://s3.eu-central-1.wasabisys.com/satnogs-network/data_obs/2026/9/23/18/15042891/waterfall_15042891_2026-09-23T18-49-20.png,15042891,67683,good,,,FSK,400630000,23.0,KC3QNJ,2575.0,2026-09-23T18:49:20Z,https://s3.eu-central-1.wasabisys.com/satnogs-network/data_obs/2026/9/23/18/15042891/waterfall_15042891_2026-09-23T18-49-20.png
satnogs_15042188,3.5064686875694577,-0.046851247581185446,0.0,0.0546875,0.0,1.4615360651706244,0.6470588235294118,0.049019607843137254,0.4921875,0.956379930674834,0.9528001014577733,0.9002309756287715,1,0,station_5137,https://s3.eu-central-1.wasabisys.com/satnogs-network/data_obs/2026/9/23/18/15042188/waterfall_15042188_2026-09-23T18-48-54.png,15042188,36799,good,,,CW,437305000,80.0,berlin_ma_sat,5137.0,2026-09-23T18:48:54Z,https://s3.eu-central-1.wasabisys.com/satnogs-network/data_obs/2026/9/23/18/15042188/waterfall_15042188_2026-09-23T18-48-54.png
satnogs_15052788,5.6410458884030605,1.4427355530756487,0.0859375,0.140625,0.6111111111111112,7.240236746256577,0.0196078431372549,0.0392156862745098,0.75,3.1030442128002096,0.775345706036273,0.7764659545497786,1,0,station_1696,https://s3.eu-central-1.wasabisys.com/satnogs-network/data_obs/2026/9/23/18/15052788/waterfall_15052788_2026-09-23T18-47-07.png,15052788,61790,good,,,GMSK USP,401115000,90.0,PE0SAT-31,1696.0,2026-09-23T18:47:07Z,https://s3.eu-central-1.wasabisys.com/satnogs-network/data_obs/2026/9/23/18/15052788/waterfall_15052788_2026-09-23T18-47-07.png
satnogs_15052799,14.180365252805561,1.7574310177328725,0.1015625,0.140625,0.7222222222222222,10.110008658579059,0.0196078431372549,0.0196078431372549,0.8671875,3.100649321333817,0.7184663942015879,0.8053713527892509,1,0,station_1466,https://s3.eu-central-1.wasabisys.com/satnogs-network/data_obs/2026/9/23/18/15052799/waterfall_15052799_2026-09-23T18-46-58.png,15052799,61790,good,,,GMSK USP,401115000,90.0,PE0SAT-12,1466.0,2026-09-23T18:46:58Z,https://s3.eu-central-1.wasabisys.com/satnogs-network/data_obs/2026/9/23/18/15052799/waterfall_15052799_2026-09-23T18-46-58.png
satnogs_15052016,16.80905916033396,3.0349466667372016,0.2578125,0.296875,0.868421052631579,6.367555473900551,0.0392156862745098,0.00980392156862745,0.9296875,1.8031256981169288,0.8522308744929502,0.8559132102563366,1,0,station_3020,https://s3.eu-central-1.wasabisys.com/satnogs-network/data_obs/2026/9/23/18/15052016/waterfall_15052016_2026-09-23T18-46-37.png,15052016,64559,good,,,GMSK,401356000,77.0,Jim UHF,3020.0,2026-09-23T18:46:37Z,https://s3.eu-central-1.wasabisys.com/satnogs-network/data_obs/2026/9/23/18/15052016/waterfall_15052016_2026-09-23T18-46-37.png
satnogs_15052787,10.60596571017461,1.6566662666010692,0.0859375,0.171875,0.5,8.654805827785589,0.0,0.13725490196078433,0.953125,2.917856796698006,0.7461402680039093,0.8042853809425148,1,0,station_1696,https://s3.eu-central-1.wasabisys.com/satnogs-network/data_obs/2026/9/23/18/15052787/waterfall_15052787_2026-09-23T18-44-01.png,15052787,61759,good,,,GMSK USP,401135000,84.0,PE0SAT-31,1696.0,2026-09-23T18:44:01Z,https://s3.eu-central-1.wasabisys.com/satnogs-network/data_obs/2026/9/23/18/15052787/waterfall_15052787_2026-09-23T18-44-01.png
satnogs_15052798,13.77609052892352,1.9709580329685314,0.1015625,0.171875,0.5909090909090909,7.19518576661434,0.0,0.00980392156862745,0.9140625,2.807404764652265,0.7085268174746561,0.8200400262999561,1,0,station_1466,https://s3.eu-central-1.wasabisys.com/satnogs-network/data_obs/2026/9/23/18/15052798/waterfall_15052798_2026-09-23T18-43-51.png,15052798,61759,good,,,GMSK USP,401135000,84.0,PE0SAT-12,1466.0,2026-09-23T18:43:51Z,https://s3.eu-central-1.wasabisys.com/satnogs-network/data_obs/2026/9/23/18/15052798/waterfall_15052798_2026-09-23T18-43-51.png
satnogs_15052825,2.213838420413647,1.1478480612462667,0.0,0.015625,0.0,2.107044975786712,0.49019607843137253,0.5,0.0,0.7518129379604334,0.9169248388617176,0.7642903206186339,1,0,station_4460,https://s3.eu-central-1.wasabisys.com/satnogs-network/data_obs/2026/9/23/18/15052825/waterfall_15052825_2026-09-23T18-42-57.png,15052825,48892,good,,,FSK,401200000,62.0,Sofia SAT Club - Bay Ivan,4460.0,2026-09-23T18:42:57Z,https://s3.eu-central-1.wasabisys.com/satnogs-network/data_obs/2026/9/23/18/15052825/waterfall_15052825_2026-09-23T18-42-57.png
satnogs_15051500,2.3101308512073455,1.3285889637226915,0.0078125,0.0078125,1.0,2.256212662281656,0.058823529411764705,0.5,0.0,0.9905478693208055,0.9171686667419704,0.7661475455729768,1,0,station_2416,https://s3.eu-central-1.wasabisys.com/satnogs-network/data_obs/2026/9/23/18/15051500/waterfall_15051500_2026-09-23T18-41-44.png,15051500,67683,good,,,FSK,400630000,61.0,N5ZKK-UHF-HELICAL,2416.0,2026-09-23T18:41:44Z,https://s3.eu-central-1.wasabisys.com/satnogs-network/data_obs/2026/9/23/18/15051500/waterfall_15051500_2026-09-23T18-41-44.png
satnogs_15052786,5.582615482453634,1.6395619272260369,0.296875,0.4609375,0.6440677966101694,11.857169332481067,0.0,0.00980392156862745,0.9765625,2.3972403074267765,0.7915617493519814,0.7684320039997026,1,0,station_1696,https://s3.eu-central-1.wasabisys.com/satnogs-network/data_obs/2026/9/23/18/15052786/waterfall_15052786_2026-09-23T18-40-19.png,15052786,61740,good,,,GMSK USP,401195000,90.0,PE0SAT-31,1696.0,2026-09-23T18:40:19Z,https://s3.eu-central-1.wasabisys.com/satnogs-network/data_obs/2026/9/23/18/15052786/waterfall_15052786_2026-09-23T18-40-19.png
satnogs_15043317,4.0327233661477155,1.1500576480781635,0.0546875,0.3984375,0.13725490196078433,1.1246418333007786,0.0196078431372549,0.0,0.5703125,0.9672919741178633,0.7281002846785712,0.7485288704198565,1,0,station_2051,https://s3.eu-central-1.wasabisys.com/satnogs-network/data_obs/2026/9/23/18/15043317/waterfall_15043317_2026-09-23T18-40-12.png,15043317,68506,good,,,GFSK,437325000,5.0,MAUSyagi-AK,2051.0,2026-09-23T18:40:12Z,https://s3.eu-central-1.wasabisys.com/satnogs-network/data_obs/2026/9/23/18/15043317/waterfall_15043317_2026-09-23T18-40-12.png
satnogs_15052797,12.465432348576842,1.9536913964014655,0.109375,0.171875,0.6363636363636364,11.784178484812317,0.0,0.0392156862745098,0.8984375,2.9303162364328847,0.728858719734015,0.8115258028881066,1,0,station_1466,https://s3.eu-central-1.wasabisys.com/satnogs-network/data_obs/2026/9/23/18/15052797/waterfall_15052797_2026-09-23T18-40-10.png,15052797,61740,good,,,GMSK USP,401195000,90.0,PE0SAT-12,1466.0,2026-09-23T18:40:10Z,https://s3.eu-central-1.wasabisys.com/satnogs-network/data_obs/2026/9/23/18/15052797/waterfall_15052797_2026-09-23T18-40-10.png
satnogs_15048082,16.46714651230401,1.41256284460264,0.3671875,0.765625,0.47959183673469385,1.7280325329067967,0.058823529411764705,0.0,1.0,1.3026431669571146,0.8250912226389415,0.8185043635448207,1,0,station_91,https://s3.eu-central-1.wasabisys.com/satnogs-network/data_obs/2026/9/23/18/15048082/waterfall_15048082_2026-09-23T18-37-10.png,15048082,61740,good,,,GMSK USP,401195000,48.0,M0EYT,91.0,2026-09-23T18:37:10Z,https://s3.eu-central-1.wasabisys.com/satnogs-network/data_obs/2026/9/23/18/15048082/waterfall_15048082_2026-09-23T18-37-10.png
satnogs_15052785,4.728662003044856,1.4831888846190036,0.1015625,0.140625,0.7222222222222222,5.82545737534948,0.0,0.00980392156862745,0.90625,2.580246889446182,0.8269205750897839,0.7664095845129322,1,0,station_1696,https://s3.eu-central-1.wasabisys.com/satnogs-network/data_obs/2026/9/23/18/15052785/waterfall_15052785_2026-09-23T18-36-44.png,15052785,61758,good,,,GMSK USP,401155000,71.0,PE0SAT-31,1696.0,2026-09-23T18:36:44Z,https://s3.eu-central-1.wasabisys.com/satnogs-network/data_obs/2026/9/23/18/15052785/waterfall_15052785_2026-09-23T18-36-44.png
satnogs_15048137,10.08840919445442,3.809176738737614,0.828125,0.96875,0.8548387096774194,9.527880803966678,0.1568627450980392,0.0,1.0,0.7390258676388781,0.891175624957114,0.8109899199478678,1,0,station_4394,https://s3.eu-central-1.wasabisys.com/satnogs-network/data_obs/2026/9/23/18/15048137/waterfall_15048137_2026-09-23T18-35-38.png,15048137,68460,good,,,GMSK,401200000,54.0,"JF6FYI Nishikazu, KitaKyushu, QFH (UHF)",4394.0,2026-09-23T18:35:38Z,https://s3.eu-central-1.wasabisys.com/satnogs-network/data_obs/2026/9/23/18/15048137/waterfall_15048137_2026-09-23T18-35-38.png
satnogs_15048116,6.756279822687366,2.2067442086525633,0.34375,0.6484375,0.5301204819277109,5.635441975367693,0.1568627450980392,0.00980392156862745,0.8515625,1.1356858381601387,0.9045795739650424,0.7258705088622405,1,0,station_5049,https://s3.eu-central-1.wasabisys.com/satnogs-network/data_obs/2026/9/23/18/15048116/waterfall_15048116_2026-09-23T18-29-59.png,15048116,68460,good,,,GMSK,401200000,54.0,"JF6FYI Nishikazu, KitaKyushu, 3-ele Yagi(UHF)",5049.0,2026-09-23T18:29:59Z,https://s3.eu-central-1.wasabisys.com/satnogs-network/data_obs/2026/9/23/18/15048116/waterfall_15048116_2026-09-23T18-29-59.png
satnogs_15041565,23.45020418674824,7.855668986626328,0.859375,0.859375,1.0,24.010904550390546,0.0,0.0,0.9375,0.8295372546256661,0.7973774986747244,0.9473346847593299,1,0,station_342,https://s3.eu-central-1.wasabisys.com/satnogs-network/data_obs/2026/9/23/18/15041565/waterfall_15041565_2026-09-23T18-29-19.png,15041565,25544,good,,,FM,437800000,13.0,EA5WA Pobla Llarga,342.0,2026-09-23T18:29:19Z,https://s3.eu-central-1.wasabisys.com/satnogs-network/data_obs/2026/9/23/18/15041565/waterfall_15041565_2026-09-23T18-29-19.png
satnogs_15041350,4.998149474070154,1.337207496857972,0.09375,0.7109375,0.13186813186813187,2.1970149937327843,0.5098039215686274,0.0,1.0,1.0030164733834854,0.9102946629136844,0.7389586880794007,1,0,station_5078,https://s3.eu-central-1.wasabisys.com/satnogs-network/data_obs/2026/9/23/18/15041350/waterfall_15041350_2026-09-23T18-28-46.png,15041350,98914,good,,,FSK,435141000,64.0,dm43,5078.0,2026-09-23T18:28:46Z,https://s3.eu-central-1.wasabisys.com/satnogs-network/data_obs/2026/9/23/18/15041350/waterfall_15041350_2026-09-23T18-28-46.png
satnogs_15052057,21.188333690416687,10.7514337596395,0.9609375,0.9609375,1.0,39.91547622266294,0.0196078431372549,0.0,1.0,0.4454595256079495,0.9949806460810595,0.9785229402789531,1,0,station_3677,https://s3.eu-central-1.wasabisys.com/satnogs-network/data_obs/2026/9/23/18/15052057/waterfall_15052057_2026-09-23T18-27-14.png,15052057,60237,good,,,GFSK,436785000,20.0,SOBE01,3677.0,2026-09-23T18:27:14Z,https://s3.eu-central-1.wasabisys.com/satnogs-network/data_obs/2026/9/23/18/15052057/waterfall_15052057_2026-09-23T18-27-14.png
satnogs_15052015,8.719291934589391,2.2677120501962196,0.328125,0.328125,1.0,12.74143027264679,0.0196078431372549,0.0,0.875,1.1661350871040845,0.8766431234308564,0.7360983309115644,1,0,station_3020,https://s3.eu-central-1.wasabisys.com/satnogs-network/data_obs/2026/9/23/18/15052015/waterfall_15052015_2026-09-23T18-25-50.png,15052015,62391,good,,,GFSK,436925000,67.0,Jim UHF,3020.0,2026-09-23T18:25:50Z,https://s3.eu-central-1.wasabisys.com/satnogs-network/data_obs/2026/9/23/18/15052015/waterfall_15052015_2026-09-23T18-25-50.png
satnogs_15041141,25.921198725731305,15.838114091790562,0.921875,0.921875,1.0,26.840565877027153,0.0196078431372549,0.0,0.921875,0.4316765686052795,1.0012483152983764,0.9974165664906384,1,0,station_2380,https://s3.eu-central-1.wasabisys.com/satnogs-network/data_obs/2026/9/23/18/15041141/waterfall_15041141_2026-09-23T18-25-20.png,15041141,60237,good,,,GFSK,436785000,15.0,Piszkesteto UHF,2380.0,2026-09-23T18:25:20Z,https://s3.eu-central-1.wasabisys.com/satnogs-network/data_obs/2026/9/23/18/15041141/waterfall_15041141_2026-09-23T18-25-20.png
satnogs_15050338,3.9950606522844487,1.304652890065738,0.078125,0.4921875,0.15873015873015872,3.4051716327307204,0.29411764705882354,0.0,0.984375,1.0432391396911767,0.9121078694716189,0.7434078860589918,1,0,station_2134,https://s3.eu-central-1.wasabisys.com/satnogs-network/data_obs/2026/9/23/18/15050338/waterfall_15050338_2026-09-23T18-24-33.png,15050338,98914,good,,,FSK,435141000,38.0,MAUSyagi,2134.0,2026-09-23T18:24:33Z,https://s3.eu-central-1.wasabisys.com/satnogs-network/data_obs/2026/9/23/18/15050338/waterfall_15050338_2026-09-23T18-24-33.png
satnogs_15052823,4.160656781053384,1.060704223458348,0.015625,0.375,0.041666666666666664,1.0286477409191643,0.5686274509803921,0.0,0.453125,0.748817478784903,0.9081953084756019,0.9128061003645596,1,0,station_4460,https://s3.eu-central-1.wasabisys.com/satnogs-network/data_obs/2026/9/23/18/15052823/waterfall_15052823_2026-09-23T18-24-29.png,15052823,68635,good,,,GMSK,437250000,76.0,Sofia SAT Club - Bay Ivan,4460.0,2026-09-23T18:24:29Z,https://s3.eu-central-1.wasabisys.com/satnogs-network/data_obs/2026/9/23/18/15052823/waterfall_15052823_2026-09-23T18-24-29.png
satnogs_15052829,5.372165605876665,2.442629567600927,0.1796875,0.1796875,1.0,7.889199904072433,0.058823529411764705,0.024509803921568627,0.5546875,0.8461510899267805,0.9084076797405737,0.7840102593416487,1,0,station_4755,https://s3.eu-central-1.wasabisys.com/satnogs-network/data_obs/2026/9/23/18/15052829/waterfall_15052829_2026-09-23T18-24-26.png,15052829,68635,good,,,GMSK,437250000,39.0,NKUA EVRIPOS - UHF,4755.0,2026-09-23T18:24:26Z,https://s3.eu-central-1.wasabisys.com/satnogs-network/data_obs/2026/9/23/18/15052829/waterfall_15052829_2026-09-23T18-24-26.png
satnogs_15052783,3.978291033127138,1.3736948391254518,0.078125,0.078125,1.0,6.857825922449145,0.0,0.0,0.6875,2.5676110030408514,0.8263223397860725,0.7669993171433805,1,0,station_1696,https://s3.eu-central-1.wasabisys.com/satnogs-network/data_obs/2026/9/23/18/15052783/waterfall_15052783_2026-09-23T18-24-22.png,15052783,61789,good,,,GMSK USP,401095000,52.0,PE0SAT-31,1696.0,2026-09-23T18:24:22Z,https://s3.eu-central-1.wasabisys.com/satnogs-network/data_obs/2026/9/23/18/15052783/waterfall_15052783_2026-09-23T18-24-22.png
satnogs_15048703,5.696052564729229,1.5319086364909085,0.140625,0.875,0.16071428571428573,1.8332808675705672,0.0784313725490196,0.0,1.0,0.7574549189615066,0.9457274848576532,0.8598479954173749,1,0,station_5198,https://s3.eu-central-1.wasabisys.com/satnogs-network/data_obs/2026/9/23/18/15048703/waterfall_15048703_2026-09-23T18-24-11.png,15048703,41184,good,,,FM,137800000,55.0,FULLERS-1,5198.0,2026-09-23T18:24:11Z,https://s3.eu-central-1.wasabisys.com/satnogs-network/data_obs/2026/9/23/18/15048703/waterfall_15048703_2026-09-23T18-24-11.png
satnogs_15044480,2.1920949682989344,1.1487746213924666,0.0,0.0,0.0,1.4585657203303783,0.5294117647058824,0.5,0.0,0.5907701296302986,0.9101424919051213,0.7435902174739657,1,0,station_5065,https://s3.eu-central-1.wasabisys.com/satnogs-network/data_obs/2026/9/23/18/15044480/waterfall_15044480_2026-09-23T18-21-24.png,15044480,57172,good,,,GMSK USP,437625000,14.0,329CZ144,5065.0,2026-09-23T18:21:24Z,https://s3.eu-central-1.wasabisys.com/satnogs-network/data_obs/2026/9/23/18/15044480/waterfall_15044480_2026-09-23T18-21-24.png
satnogs_15048433,5.883877984621615,2.3103219982516143,0.265625,0.3203125,0.8292682926829268,2.9121864500422854,0.0392156862745098,0.029411764705882353,0.625,0.9963872479603514,0.8208996203260036,0.7721134794287404,1,0,station_4151,https://s3.eu-central-1.wasabisys.com/satnogs-network/data_obs/2026/9/23/18/15048433/waterfall_15048433_2026-09-23T18-21-20.png,15048433,68635,good,,,GMSK,437250000,45.0,DEX-X,4151.0,2026-09-23T18:21:20Z,https://s3.eu-central-1.wasabisys.com/satnogs-network/data_obs/2026/9/23/18/15048433/waterfall_15048433_2026-09-23T18-21-20.png
satnogs_15041303,7.022291919600714,1.7051923017790687,0.1484375,0.1640625,0.9047619047619048,2.432092341710581,0.0196078431372549,0.00980392156862745,0.8515625,2.0228952286539856,0.9007428138706303,0.7765205641197359,1,0,station_5078,https://s3.eu-central-1.wasabisys.com/satnogs-network/data_obs/2026/9/23/18/15041303/waterfall_15041303_2026-09-23T18-21-03.png,15041303,98515,good,,,GFSK,401021500,60.0,dm43,5078.0,2026-09-23T18:21:03Z,https://s3.eu-central-1.wasabisys.com/satnogs-network/data_obs/2026/9/23/18/15041303/waterfall_15041303_2026-09-23T18-21-03.png
satnogs_15052668,10.56358699182118,3.099767901337431,0.421875,0.4609375,0.9152542372881356,4.064985960437472,0.0392156862745098,0.029411764705882353,0.9921875,1.0597622523401482,0.7058876882153986,0.8436195970458411,1,0,station_2173,https://s3.eu-central-1.wasabisys.com/satnogs-network/data_obs/2026/9/23/18/15052668/waterfall_15052668_2026-09-23T18-20-59.png,15052668,68635,good,,,GMSK,437250000,53.0,PE0SAT-21,2173.0,2026-09-23T18:20:59Z,https://s3.eu-central-1.wasabisys.com/satnogs-network/data_obs/2026/9/23/18/15052668/waterfall_15052668_2026-09-23T18-20-59.png
satnogs_15051968,2.3283603311931995,1.1076218635375443,0.0,0.0,0.0,2.0751904197315048,0.6862745098039216,0.5,0.0,0.8870028620449503,0.9127528238726507,0.7527601514521547,0,0,station_5198,https://s3.eu-central-1.wasabisys.com/satnogs-network/data_obs/2026/9/23/21/15051968/waterfall_15051968_2026-09-23T21-29-16.png,15051968,60237,bad,,,GFSK,145935000,74.0,FULLERS-1,5198.0,2026-09-23T21:29:16Z,https://s3.eu-central-1.wasabisys.com/satnogs-network/data_obs/2026/9/23/21/15051968/waterfall_15051968_2026-09-23T21-29-16.png
satnogs_15048835,6.660100300743534,1.0581948993561765,0.0,0.9453125,0.0,2.8352170421127063,0.37254901960784315,0.0,1.0,1.0787024174528177,0.9419612678500905,0.7597053882708844,0,0,station_4803,https://s3.eu-central-1.wasabisys.com/satnogs-network/data_obs/2026/9/23/21/15048835/waterfall_15048835_2026-09-23T21-19-47.png,15048835,98291,bad,,,LoRa,437400000,17.0,KC1OCA  UC-4364-531R (UHF),4803.0,2026-09-23T21:19:47Z,https://s3.eu-central-1.wasabisys.com/satnogs-network/data_obs/2026/9/23/21/15048835/waterfall_15048835_2026-09-23T21-19-47.png
satnogs_15048948,2.5239372970590312,1.3821472410533862,0.0,0.0,0.0,1.6654675688974103,0.13725490196078433,0.5,0.0,0.3241125683914367,0.9894488028557297,0.9627731615779153,0,0,station_4806,https://s3.eu-central-1.wasabisys.com/satnogs-network/data_obs/2026/9/23/21/15048948/waterfall_15048948_2026-09-23T21-18-22.png,15048948,41185,bad,,,FM,137663000,48.0,KC1OCA UC-1464-531L (VHF),4806.0,2026-09-23T21:18:22Z,https://s3.eu-central-1.wasabisys.com/satnogs-network/data_obs/2026/9/23/21/15048948/waterfall_15048948_2026-09-23T21-18-22.png
satnogs_15048947,17.739378946314908,-0.19748372711050977,0.0078125,1.0,0.0078125,10.563518877525095,0.39215686274509803,0.0196078431372549,1.0,1.7120226608182179,0.9504384333773283,0.6627686231187545,0,0,station_4806,https://s3.eu-central-1.wasabisys.com/satnogs-network/data_obs/2026/9/23/21/15048947/waterfall_15048947_2026-09-23T21-03-01.png,15048947,28371,bad,,,FM,137513000,25.0,KC1OCA UC-1464-531L (VHF),4806.0,2026-09-23T21:03:01Z,https://s3.eu-central-1.wasabisys.com/satnogs-network/data_obs/2026/9/23/21/15048947/waterfall_15048947_2026-09-23T21-03-01.png
satnogs_15041832,2.1146196783590554,1.3048118910683484,0.0,0.0,0.0,1.645348670844422,0.23529411764705882,0.5,0.0,0.5465840931965847,0.9202351264814009,0.7658549008371516,0,0,station_2859,https://s3.eu-central-1.wasabisys.com/satnogs-network/data_obs/2026/9/23/20/15041832/waterfall_15041832_2026-09-23T20-56-38.png,15041832,69015,bad,,,FSK AX.100 Mode 5,436150000,13.0,OE6EUR15,2859.0,2026-09-23T20:56:38Z,https://s3.eu-central-1.wasabisys.com/satnogs-network/data_obs/2026/9/23/20/15041832/waterfall_15041832_2026-09-23T20-56-38.png
satnogs_15048945,6.475420690406271,0.09377589627737155,0.0,0.8359375,0.0,6.747562696869896,0.5294117647058824,0.0,1.0,1.5301590249028927,0.9537105671945066,0.7646466565784893,0,0,station_4806,https://s3.eu-central-1.wasabisys.com/satnogs-network/data_obs/2026/9/23/20/15048945/waterfall_15048945_2026-09-23T20-48-12.png,15048945,40032,bad,,,CW,145880000,11.0,KC1OCA UC-1464-531L (VHF),4806.0,2026-09-23T20:48:12Z,https://s3.eu-central-1.wasabisys.com/satnogs-network/data_obs/2026/9/23/20/15048945/waterfall_15048945_2026-09-23T20-48-12.png
satnogs_15044271,3.2312322946175946,0.9624744462232486,0.0,0.2421875,0.0,5.419084556824832,0.6666666666666666,0.0,0.6484375,0.6969380342799364,0.9010653864190139,0.6571585181313176,0,0,station_1662,https://s3.eu-central-1.wasabisys.com/satnogs-network/data_obs/2026/9/23/20/15044271/waterfall_15044271_2026-09-23T20-39-32.png,15044271,44881,bad,,,CW,145910000,56.0,DK0SB-VHF-Omni,1662.0,2026-09-23T20:39:32Z,https://s3.eu-central-1.wasabisys.com/satnogs-network/data_obs/2026/9/23/20/15044271/waterfall_15044271_2026-09-23T20-39-32.png
satnogs_15047309,2.1370679400375607,1.0049295516568826,0.0,0.0,0.0,1.9343611121306576,0.3333333333333333,0.5,0.0,0.637538781849014,0.8879307400371386,0.7792653263672232,0,0,station_91,https://s3.eu-central-1.wasabisys.com/satnogs-network/data_obs/2026/9/23/20/15047309/waterfall_15047309_2026-09-23T20-39-05.png,15047309,46457,bad,,,BPSK,1615661645,60.0,M0EYT,91.0,2026-09-23T20:39:05Z,https://s3.eu-central-1.wasabisys.com/satnogs-network/data_obs/2026/9/23/20/15047309/waterfall_15047309_2026-09-23T20-39-05.png
satnogs_15048757,2.10778362336436,1.1410781114853876,0.0,0.0,0.0,1.2045720614212279,0.5490196078431373,0.5,0.0,0.7452780599677934,0.9094447103325647,0.7483452000937048,0,0,station_5198,https://s3.eu-central-1.wasabisys.com/satnogs-network/data_obs/2026/9/23/20/15048757/waterfall_15048757_2026-09-23T20-26-39.png,15048757,60238,bad,,,CW,145895000,53.0,FULLERS-1,5198.0,2026-09-23T20:26:39Z,https://s3.eu-central-1.wasabisys.com/satnogs-network/data_obs/2026/9/23/20/15048757/waterfall_15048757_2026-09-23T20-26-39.png
satnogs_15048943,3.900754706981945,0.32593486225935137,0.0,0.3515625,0.0,1.8274973265281094,0.6862745098039216,0.0,0.640625,1.51996117674057,0.936188028746503,0.8546728620002836,0,0,station_4806,https://s3.eu-central-1.wasabisys.com/satnogs-network/data_obs/2026/9/23/20/15048943/waterfall_15048943_2026-09-23T20-20-27.png,15048943,7530,bad,,,CW,145973000,18.0,KC1OCA UC-1464-531L (VHF),4806.0,2026-09-23T20:20:27Z,https://s3.eu-central-1.wasabisys.com/satnogs-network/data_obs/2026/9/23/20/15048943/waterfall_15048943_2026-09-23T20-20-27.png
satnogs_15047308,12.8191015783084,0.5092312140271595,0.0,0.3984375,0.0,7.832045198789722,0.5490196078431373,0.0,1.0,1.0150466899360167,0.8549185196902793,0.7506622821900751,0,0,station_91,https://s3.eu-central-1.wasabisys.com/satnogs-network/data_obs/2026/9/23/20/15047308/waterfall_15047308_2026-09-23T20-07-07.png,15047308,44408,bad,,,FM,400500000,25.0,M0EYT,91.0,2026-09-23T20:07:07Z,https://s3.eu-central-1.wasabisys.com/satnogs-network/data_obs/2026/9/23/20/15047308/waterfall_15047308_2026-09-23T20-07-07.png
satnogs_15048942,3.1570383110751443,0.6974408035168742,0.0078125,0.0625,0.125,1.1870268716349925,0.4117647058823529,0.00980392156862745,0.890625,1.0522646256980104,0.9477788277014583,0.7719724944462155,0,0,station_4806,https://s3.eu-central-1.wasabisys.com/satnogs-network/data_obs/2026/9/23/20/15048942/waterfall_15048942_2026-09-23T20-03-39.png,15048942,40069,bad,,,LRPT,137100000,82.0,KC1OCA UC-1464-531L (VHF),4806.0,2026-09-23T20:03:39Z,https://s3.eu-central-1.wasabisys.com/satnogs-network/data_obs/2026/9/23/20/15048942/waterfall_15048942_2026-09-23T20-03-39.png
satnogs_15048681,16.414121761147268,-0.06727978563401829,0.1875,1.0,0.1875,8.77221656693565,0.6274509803921569,0.0,1.0,0.9581447470536241,0.953909936368117,0.6401499729737407,0,0,station_5198,https://s3.eu-central-1.wasabisys.com/satnogs-network/data_obs/2026/9/23/20/15048681/waterfall_15048681_2026-09-23T20-02-55.png,15048681,40069,bad,,,LRPT,137100000,71.0,FULLERS-1,5198.0,2026-09-23T20:02:55Z,https://s3.eu-central-1.wasabisys.com/satnogs-network/data_obs/2026/9/23/20/15048681/waterfall_15048681_2026-09-23T20-02-55.png
satnogs_15048828,5.87780697404446,0.7328887645709843,0.21875,0.8828125,0.24778761061946902,1.6067758703138364,0.37254901960784315,0.0,0.984375,1.2219058064479853,0.9622690852932579,0.8594953290086503,0,0,station_4803,https://s3.eu-central-1.wasabisys.com/satnogs-network/data_obs/2026/9/23/20/15048828/waterfall_15048828_2026-09-23T20-02-51.png,15048828,68506,bad,,,GFSK,437325000,17.0,KC1OCA  UC-4364-531R (UHF),4803.0,2026-09-23T20:02:51Z,https://s3.eu-central-1.wasabisys.com/satnogs-network/data_obs/2026/9/23/20/15048828/waterfall_15048828_2026-09-23T20-02-51.png
satnogs_15048722,2.2335875178285365,0.9298166618903356,0.0078125,0.0078125,1.0,1.5387769731600778,0.058823529411764705,0.5,0.0,0.6007332497918987,0.8532987435366297,0.7416251812114667,0,0,station_91,https://s3.eu-central-1.wasabisys.com/satnogs-network/data_obs/2026/9/23/19/15048722/waterfall_15048722_2026-09-23T19-55-32.png,15048722,42803,bad,,,FM,1623192000,30.0,M0EYT,91.0,2026-09-23T19:55:32Z,https://s3.eu-central-1.wasabisys.com/satnogs-network/data_obs/2026/9/23/19/15048722/waterfall_15048722_2026-09-23T19-55-32.png
satnogs_15048752,9.010148351508155,1.1165347053376133,0.359375,1.0,0.359375,4.4279697288608135,0.3333333333333333,0.0,1.0,0.7805009482372531,0.9647820051049547,0.8825367655767585,0,0,station_5198,https://s3.eu-central-1.wasabisys.com/satnogs-network/data_obs/2026/9/23/19/15048752/waterfall_15048752_2026-09-23T19-54-16.png,15048752,25544,bad,,,SSTV,145800000,32.0,FULLERS-1,5198.0,2026-09-23T19:54:16Z,https://s3.eu-central-1.wasabisys.com/satnogs-network/data_obs/2026/9/23/19/15048752/waterfall_15048752_2026-09-23T19-54-16.png
satnogs_15044223,5.290737635942018,1.1474667770791036,0.328125,0.9140625,0.358974358974359,1.2502253731833588,0.5882352941176471,0.0,1.0,0.6190242877952711,0.902859211585126,0.6942138698188065,0,0,station_4954,https://s3.eu-central-1.wasabisys.com/satnogs-network/data_obs/2026/9/23/19/15044223/waterfall_15044223_2026-09-23T19-39-10.png,15044223,27607,bad,,,FM,436793000,7.0,EA1JAO - ORTEGAL CAP,4954.0,2026-09-23T19:39:10Z,https://s3.eu-central-1.wasabisys.com/satnogs-network/data_obs/2026/9/23/19/15044223/waterfall_15044223_2026-09-23T19-39-10.png
satnogs_15048735,2.310130851207339,1.0344273598249498,0.0,0.0,0.0,3.155459451170667,0.6666666666666666,0.5,0.0,0.6970970146376269,0.9026730697036718,0.72815058196331,0,0,station_5198,https://s3.eu-central-1.wasabisys.com/satnogs-network/data_obs/2026/9/23/19/15048735/waterfall_15048735_2026-09-23T19-35-05.png,15048735,41185,bad,,,FM,137663000,71.0,FULLERS-1,5198.0,2026-09-23T19:35:05Z,https://s3.eu-central-1.wasabisys.com/satnogs-network/data_obs/2026/9/23/19/15048735/waterfall_15048735_2026-09-23T19-35-05.png
satnogs_15047307,4.737641830418058,0.5288459263633298,0.171875,0.609375,0.28205128205128205,2.7754041599595913,0.45098039215686275,0.00980392156862745,0.9375,1.0346891154009688,0.8676032483502579,0.6463185601566682,0,0,station_91,https://s3.eu-central-1.wasabisys.com/satnogs-network/data_obs/2026/9/23/19/15047307/waterfall_15047307_2026-09-23T19-31-03.png,15047307,3669,bad,,,USB,136410000,44.0,M0EYT,91.0,2026-09-23T19:31:03Z,https://s3.eu-central-1.wasabisys.com/satnogs-network/data_obs/2026/9/23/19/15047307/waterfall_15047307_2026-09-23T19-31-03.png
satnogs_15047017,17.827150501371467,0.28657288724035407,0.0,0.34375,0.0,12.445990348316547,0.6078431372549019,0.0,0.4921875,1.0641564957914937,0.8535955861978536,0.797112323684194,0,0,station_91,https://s3.eu-central-1.wasabisys.com/satnogs-network/data_obs/2026/9/23/19/15047017/waterfall_15047017_2026-09-23T19-10-20.png,15047017,48951,bad,,,FM,400502045,31.0,M0EYT,91.0,2026-09-23T19:10:20Z,https://s3.eu-central-1.wasabisys.com/satnogs-network/data_obs/2026/9/23/19/15047017/waterfall_15047017_2026-09-23T19-10-20.png
satnogs_15052803,2.1583704303251046,1.077618326013125,0.0,0.0,0.0,2.4196183195443184,0.6274509803921569,0.5,0.0,0.722198906238313,0.9090450519571079,0.7405092071597069,0,0,station_1466,https://s3.eu-central-1.wasabisys.com/satnogs-network/data_obs/2026/9/23/19/15052803/waterfall_15052803_2026-09-23T19-08-47.png,15052803,69590,bad,,,FSK,434100000,60.0,PE0SAT-12,1466.0,2026-09-23T19:08:47Z,https://s3.eu-central-1.wasabisys.com/satnogs-network/data_obs/2026/9/23/19/15052803/waterfall_15052803_2026-09-23T19-08-47.png
satnogs_15042189,4.222898668027379,-0.19043636360813576,0.0,0.40625,0.0,2.2151566566247003,0.6078431372549019,0.0,0.453125,1.0478957811777667,0.9477846727716117,0.8679342834871485,0,0,station_5137,https://s3.eu-central-1.wasabisys.com/satnogs-network/data_obs/2026/9/23/19/15042189/waterfall_15042189_2026-09-23T19-07-42.png,15042189,69591,bad,,,FSK,435900000,86.0,berlin_ma_sat,5137.0,2026-09-23T19:07:42Z,https://s3.eu-central-1.wasabisys.com/satnogs-network/data_obs/2026/9/23/19/15042189/waterfall_15042189_2026-09-23T19-07-42.png
satnogs_15052791,5.899385249850684,1.5142476962456373,0.15625,0.9296875,0.16806722689075632,8.99539294434644,0.47058823529411764,0.0,0.9921875,0.6519002903931002,0.9509988637685263,0.7929180455230279,0,0,station_1696,https://s3.eu-central-1.wasabisys.com/satnogs-network/data_obs/2026/9/23/19/15052791/waterfall_15052791_2026-09-23T19-05-50.png,15052791,58818,bad,,,FSK,437540000,70.0,PE0SAT-31,1696.0,2026-09-23T19:05:50Z,https://s3.eu-central-1.wasabisys.com/satnogs-network/data_obs/2026/9/23/19/15052791/waterfall_15052791_2026-09-23T19-05-50.png
satnogs_15048721,3.2346406255830065,0.7991429282558642,0.0,0.140625,0.0,1.8538413466339003,0.6274509803921569,0.00980392156862745,0.8671875,0.6390733443631984,0.8623183114588665,0.7560650918283645,0,0,station_91,https://s3.eu-central-1.wasabisys.com/satnogs-network/data_obs/2026/9/23/19/15048721/waterfall_15048721_2026-09-23T19-05-16.png,15048721,43820,bad,,,GMSK,400751000,13.0,M0EYT,91.0,2026-09-23T19:05:16Z,https://s3.eu-central-1.wasabisys.com/satnogs-network/data_obs/2026/9/23/19/15048721/waterfall_15048721_2026-09-23T19-05-16.png
satnogs_15052802,6.55219594920121,1.4437011525573402,0.0,0.890625,0.0,7.321704256143753,0.5490196078431373,0.0,1.0,0.7443966533388019,0.9509759209652953,0.8001955207870536,0,0,station_1466,https://s3.eu-central-1.wasabisys.com/satnogs-network/data_obs/2026/9/23/19/15052802/waterfall_15052802_2026-09-23T19-05-03.png,15052802,58818,bad,,,FSK,437540000,70.0,PE0SAT-12,1466.0,2026-09-23T19:05:03Z,https://s3.eu-central-1.wasabisys.com/satnogs-network/data_obs/2026/9/23/19/15052802/waterfall_15052802_2026-09-23T19-05-03.png
satnogs_15052780,2.3973211201152944,1.1318420047491118,0.0,0.0,0.0,1.4667333513886136,0.37254901960784315,0.5,0.0,0.69281012659473,0.9076858390188343,0.7363877851951148,0,0,station_2173,https://s3.eu-central-1.wasabisys.com/satnogs-network/data_obs/2026/9/23/18/15052780/waterfall_15052780_2026-09-23T18-56-53.png,15052780,69589,bad,,,FM,434100000,67.0,PE0SAT-21,2173.0,2026-09-23T18:56:53Z,https://s3.eu-central-1.wasabisys.com/satnogs-network/data_obs/2026/9/23/18/15052780/waterfall_15052780_2026-09-23T18-56-53.png
satnogs_15048751,2.2187196035414316,1.2982984587155273,0.0,0.0,0.0,2.7326313236590316,0.13725490196078433,0.5,0.0,0.5374886410559601,0.9181293002842125,0.7565129738351236,0,0,station_5198,https://s3.eu-central-1.wasabisys.com/satnogs-network/data_obs/2026/9/23/18/15048751/waterfall_15048751_2026-09-23T18-50-39.png,15048751,67683,bad,,,FSK,145825000,27.0,FULLERS-1,5198.0,2026-09-23T18:50:39Z,https://s3.eu-central-1.wasabisys.com/satnogs-network/data_obs/2026/9/23/18/15048751/waterfall_15048751_2026-09-23T18-50-39.png
satnogs_15052779,2.585547911326948,1.1060852870421067,0.0,0.0703125,0.0,2.184716600866026,0.5686274509803921,0.00980392156862745,0.40625,0.8452359136935894,0.9325915852665292,0.768364092544471,0,0,station_2173,https://s3.eu-central-1.wasabisys.com/satnogs-network/data_obs/2026/9/23/18/15052779/waterfall_15052779_2026-09-23T18-48-26.png,15052779,99913,bad,,,BPSK,435835000,62.0,PE0SAT-21,2173.0,2026-09-23T18:48:26Z,https://s3.eu-central-1.wasabisys.com/satnogs-network/data_obs/2026/9/23/18/15052779/waterfall_15052779_2026-09-23T18-48-26.png
satnogs_15048705,2.081285772099208,1.1083293090607347,0.0,0.0,0.0,1.4224438414609633,0.2549019607843137,0.5,0.0,0.9806390521275207,0.9316456085714505,0.7793495691987898,0,0,station_5198,https://s3.eu-central-1.wasabisys.com/satnogs-network/data_obs/2026/9/23/18/15048705/waterfall_15048705_2026-09-23T18-43-31.png,15048705,64535,bad,,,FSK AX.100 Mode 5,145900000,43.0,FULLERS-1,5198.0,2026-09-23T18:43:31Z,https://s3.eu-central-1.wasabisys.com/satnogs-network/data_obs/2026/9/23/18/15048705/waterfall_15048705_2026-09-23T18-43-31.png
satnogs_15052778,5.06879805746663,1.6560504631503217,0.1328125,0.78125,0.17,4.270249503009218,0.19607843137254902,0.0,1.0,0.6609763452662853,0.9597355416316796,0.831445877581351,0,0,station_2173,https://s3.eu-central-1.wasabisys.com/satnogs-network/data_obs/2026/9/23/18/15052778/waterfall_15052778_2026-09-23T18-42-06.png,15052778,60242,bad,,,GMSK,436240000,23.0,PE0SAT-21,2173.0,2026-09-23T18:42:06Z,https://s3.eu-central-1.wasabisys.com/satnogs-network/data_obs/2026/9/23/18/15052778/waterfall_15052778_2026-09-23T18-42-06.png
satnogs_15049831,2.144142890867403,1.4443722890182984,0.0,0.0,0.0,2.3380569014267727,0.4117647058823529,0.5,0.0,0.6399514798476214,0.9358506005627966,0.8094406230690949,0,0,station_1561,https://s3.eu-central-1.wasabisys.com/satnogs-network/data_obs/2026/9/23/18/15049831/waterfall_15049831_2026-09-23T18-37-04.png,15049831,98248,bad,,,BPSK,435075000,71.0,"KK6NOW - Palm Desert, CA, US",1561.0,2026-09-23T18:37:04Z,https://s3.eu-central-1.wasabisys.com/satnogs-network/data_obs/2026/9/23/18/15049831/waterfall_15049831_2026-09-23T18-37-04.png
satnogs_15049856,2.3794535125979888,1.1944107199064706,0.0,0.0078125,0.0,1.5247716162216989,0.35294117647058826,0.5,0.0,0.914480580603831,0.922501423286312,0.7875975981325133,0,0,station_4613,https://s3.eu-central-1.wasabisys.com/satnogs-network/data_obs/2026/9/23/18/15049856/waterfall_15049856_2026-09-23T18-36-25.png,15049856,98248,bad,,,BPSK,435075000,50.0,"Saratoga, CA Ground Station",4613.0,2026-09-23T18:36:25Z,https://s3.eu-central-1.wasabisys.com/satnogs-network/data_obs/2026/9/23/18/15049856/waterfall_15049856_2026-09-23T18-36-25.png
satnogs_15052796,2.1246458923512748,1.0482193939898905,0.0,0.0,0.0,2.0737448816205872,0.37254901960784315,0.5,0.0,0.7845735615425222,0.9108527658877138,0.7381808954865267,0,0,station_1466,https://s3.eu-central-1.wasabisys.com/satnogs-network/data_obs/2026/9/23/18/15052796/waterfall_15052796_2026-09-23T18-32-13.png,15052796,20442,bad,,,CW,437126350,58.0,PE0SAT-12,1466.0,2026-09-23T18:32:13Z,https://s3.eu-central-1.wasabisys.com/satnogs-network/data_obs/2026/9/23/18/15052796/waterfall_15052796_2026-09-23T18-32-13.png
satnogs_15052784,3.4483340078240987,1.6184073369668925,0.2109375,0.2421875,0.8709677419354839,6.088403255542069,0.0784313725490196,0.00980392156862745,0.984375,0.313998775464443,0.9107544642613281,0.734233950441239,0,0,station_1696,https://s3.eu-central-1.wasabisys.com/satnogs-network/data_obs/2026/9/23/18/15052784/waterfall_15052784_2026-09-23T18-30-40.png,15052784,20442,bad,,,CW,437126350,52.0,PE0SAT-31,1696.0,2026-09-23T18:30:40Z,https://s3.eu-central-1.wasabisys.com/satnogs-network/data_obs/2026/9/23/18/15052784/waterfall_15052784_2026-09-23T18-30-40.png
satnogs_15052777,3.4622551833830633,0.9438300404159292,0.0,0.21875,0.0,2.400723041292433,0.45098039215686275,0.0392156862745098,0.34375,0.8470025632669741,0.9069699992821323,0.7221522854622342,0,0,station_2173,https://s3.eu-central-1.wasabisys.com/satnogs-network/data_obs/2026/9/23/18/15052777/waterfall_15052777_2026-09-23T18-30-36.png,15052777,20442,bad,,,CW,437126350,58.0,PE0SAT-21,2173.0,2026-09-23T18:30:36Z,https://s3.eu-central-1.wasabisys.com/satnogs-network/data_obs/2026/9/23/18/15052777/waterfall_15052777_2026-09-23T18-30-36.png
satnogs_15047015,2.2954120909899474,0.8790072419454241,0.0,0.0,0.0,1.7421254748766632,0.6078431372549019,0.5,0.0,0.6439496913138504,0.8506024152573985,0.7314134591780973,0,0,station_91,https://s3.eu-central-1.wasabisys.com/satnogs-network/data_obs/2026/9/23/18/15047015/waterfall_15047015_2026-09-23T18-29-22.png,15047015,49949,bad,,,FM,400875000,17.0,M0EYT,91.0,2026-09-23T18:29:22Z,https://s3.eu-central-1.wasabisys.com/satnogs-network/data_obs/2026/9/23/18/15047015/waterfall_15047015_2026-09-23T18-29-22.png
satnogs_15052795,2.1246458923512748,0.9882250527689831,0.0,0.0,0.0,2.3301880764233536,0.6470588235294118,0.5,0.0,0.9294762318911856,0.9079946266822062,0.7415556723003616,0,0,station_1466,https://s3.eu-central-1.wasabisys.com/satnogs-network/data_obs/2026/9/23/18/15052795/waterfall_15052795_2026-09-23T18-25-51.png,15052795,39497,bad,,,CW,435465000,65.0,PE0SAT-12,1466.0,2026-09-23T18:25:51Z,https://s3.eu-central-1.wasabisys.com/satnogs-network/data_obs/2026/9/23/18/15052795/waterfall_15052795_2026-09-23T18-25-51.png
satnogs_15052951,2.2537861962998424,1.1065909383859949,0.0,0.0078125,0.0,1.4890203362952439,0.5098039215686274,0.5,0.0,0.6176564696827809,0.910089150711328,0.7332371118844123,0,0,station_2173,https://s3.eu-central-1.wasabisys.com/satnogs-network/data_obs/2026/9/23/18/15052951/waterfall_15052951_2026-09-23T18-25-03.png,15052951,98288,bad,,,LoRa,437400000,57.0,PE0SAT-21,2173.0,2026-09-23T18:25:03Z,https://s3.eu-central-1.wasabisys.com/satnogs-network/data_obs/2026/9/23/18/15052951/waterfall_15052951_2026-09-23T18-25-03.png
satnogs_15048701,9.660079521317337,0.8771773762080814,0.328125,1.0,0.328125,5.34891711227979,0.37254901960784315,0.0,1.0,0.8828729631216945,0.9661276258487719,0.8903117243759598,0,0,station_5198,https://s3.eu-central-1.wasabisys.com/satnogs-network/data_obs/2026/9/23/18/15048701/waterfall_15048701_2026-09-23T18-17-22.png,15048701,25544,bad,,,SSTV,145800000,38.0,FULLERS-1,5198.0,2026-09-23T18:17:22Z,https://s3.eu-central-1.wasabisys.com/satnogs-network/data_obs/2026/9/23/18/15048701/waterfall_15048701_2026-09-23T18-17-22.png
satnogs_15052666,3.918470126483077,0.9810610977157624,0.0,0.4296875,0.0,6.342854963352112,0.5490196078431373,0.0,0.4296875,0.7349573427808965,0.9016064969648903,0.7092357212222434,0,0,station_2173,https://s3.eu-central-1.wasabisys.com/satnogs-network/data_obs/2026/9/23/18/15052666/waterfall_15052666_2026-09-23T18-09-23.png,15052666,98256,bad,,,FSK,436980000,65.0,PE0SAT-21,2173.0,2026-09-23T18:09:23Z,https://s3.eu-central-1.wasabisys.com/satnogs-network/data_obs/2026/9/23/18/15052666/waterfall_15052666_2026-09-23T18-09-23.png
satnogs_15052685,3.492095610671098,1.4592431047017485,0.2265625,0.2421875,0.9354838709677419,4.443947451253251,0.09803921568627451,0.00980392156862745,0.859375,0.45254220810044316,0.9073978250921658,0.7285487503477729,0,0,station_1696,https://s3.eu-central-1.wasabisys.com/satnogs-network/data_obs/2026/9/23/18/15052685/waterfall_15052685_2026-09-23T18-08-57.png,15052685,49396,bad,,,CW,437450000,72.0,PE0SAT-31,1696.0,2026-09-23T18:08:57Z,https://s3.eu-central-1.wasabisys.com/satnogs-network/data_obs/2026/9/23/18/15052685/waterfall_15052685_2026-09-23T18-08-57.png
satnogs_15052694,2.10778362336436,1.130040144598916,0.0,0.0,0.0,2.0550274016801526,0.35294117647058826,0.5,0.0,0.6985808946568643,0.9078824238842822,0.7396042454940788,0,0,station_1466,https://s3.eu-central-1.wasabisys.com/satnogs-network/data_obs/2026/9/23/18/15052694/waterfall_15052694_2026-09-23T18-08-53.png,15052694,68261,bad,,,CW,435860000,69.0,PE0SAT-12,1466.0,2026-09-23T18:08:53Z,https://s3.eu-central-1.wasabisys.com/satnogs-network/data_obs/2026/9/23/18/15052694/waterfall_15052694_2026-09-23T18-08-53.png
satnogs_15052691,2.1680060126033416,1.1347064203396184,0.0,0.0,0.0,1.2700705085307655,0.5294117647058824,0.5,0.0,0.7277071948719807,0.9124954575375861,0.7382368270473834,0,0,station_1466,https://s3.eu-central-1.wasabisys.com/satnogs-network/data_obs/2026/9/23/17/15052691/waterfall_15052691_2026-09-23T17-54-29.png,15052691,46504,bad,,,FSK AX.25 G3RUH,435600000,58.0,PE0SAT-12,1466.0,2026-09-23T17:54:29Z,https://s3.eu-central-1.wasabisys.com/satnogs-network/data_obs/2026/9/23/17/15052691/waterfall_15052691_2026-09-23T17-54-29.png
satnogs_15052682,3.3567679657672413,1.4076909339399508,0.1640625,0.203125,0.8076923076923077,4.121490396766357,0.11764705882352941,0.00980392156862745,0.90625,0.4857006044888403,0.9119150857788915,0.7373456429524958,0,0,station_1696,https://s3.eu-central-1.wasabisys.com/satnogs-network/data_obs/2026/9/23/17/15052682/waterfall_15052682_2026-09-23T17-54-00.png,15052682,46504,bad,,,FSK AX.25 G3RUH,435600000,58.0,PE0SAT-31,1696.0,2026-09-23T17:54:00Z,https://s3.eu-central-1.wasabisys.com/satnogs-network/data_obs/2026/9/23/17/15052682/waterfall_15052682_2026-09-23T17-54-00.png
satnogs_15047012,8.274507954827442,-0.17282597577029454,0.0078125,0.5625,0.013888888888888888,2.8116928168719597,0.6078431372549019,0.06862745098039216,1.0,0.9059326716927546,0.8907602242243857,0.7588068355629873,0,0,station_91,https://s3.eu-central-1.wasabisys.com/satnogs-network/data_obs/2026/9/23/17/15047012/waterfall_15047012_2026-09-23T17-53-25.png,15047012,46504,bad,,,FSK AX.25 G3RUH,435600000,57.0,M0EYT,91.0,2026-09-23T17:53:25Z,https://s3.eu-central-1.wasabisys.com/satnogs-network/data_obs/2026/9/23/17/15047012/waterfall_15047012_2026-09-23T17-53-25.png
satnogs_15052681,2.776392195985055,1.3488373477067224,0.015625,0.015625,1.0,2.7301335753430163,0.0392156862745098,0.5,0.0,0.42595372013681465,0.908201832009706,0.7325356422586946,0,0,station_1696,https://s3.eu-central-1.wasabisys.com/satnogs-network/data_obs/2026/9/23/17/15052681/waterfall_15052681_2026-09-23T17-48-32.png,15052681,59917,bad,,,FM,400600000,67.0,PE0SAT-31,1696.0,2026-09-23T17:48:32Z,https://s3.eu-central-1.wasabisys.com/satnogs-network/data_obs/2026/9/23/17/15052681/waterfall_15052681_2026-09-23T17-48-32.png
satnogs_15047011,2.2048364018873623,0.8762175380647299,0.0,0.0,0.0,1.7207634569335077,0.6666666666666666,0.5,0.0,0.6545936223403593,0.8535733265485344,0.7407536665073509,0,0,station_91,https://s3.eu-central-1.wasabisys.com/satnogs-network/data_obs/2026/9/23/17/15047011/waterfall_15047011_2026-09-23T17-40-57.png,15047011,43236,bad,,,FM,401750000,27.0,M0EYT,91.0,2026-09-23T17:40:57Z,https://s3.eu-central-1.wasabisys.com/satnogs-network/data_obs/2026/9/23/17/15047011/waterfall_15047011_2026-09-23T17-40-57.png
satnogs_15052680,3.515988721198428,0.9311837254766483,0.0,0.25,0.0,3.410646116028555,0.7647058823529411,0.00980392156862745,0.9140625,0.9081781547193827,0.9089351584994328,0.723033331645694,0,0,station_1696,https://s3.eu-central-1.wasabisys.com/satnogs-network/data_obs/2026/9/23/17/15052680/waterfall_15052680_2026-09-23T17-39-45.png,15052680,39087,bad,,,CW,437425000,50.0,PE0SAT-31,1696.0,2026-09-23T17:39:45Z,https://s3.eu-central-1.wasabisys.com/satnogs-network/data_obs/2026/9/23/17/15052680/waterfall_15052680_2026-09-23T17-39-45.png
satnogs_15052663,2.480915370433797,1.2306515636689777,0.0234375,0.0234375,1.0,2.1501998376886724,0.0,0.0392156862745098,0.4921875,0.906526783645972,0.9170962355101159,0.7458093229002014,0,0,station_2173,https://s3.eu-central-1.wasabisys.com/satnogs-network/data_obs/2026/9/23/17/15052663/waterfall_15052663_2026-09-23T17-35-08.png,15052663,60243,bad,,,GMSK,436750000,47.0,PE0SAT-21,2173.0,2026-09-23T17:35:08Z,https://s3.eu-central-1.wasabisys.com/satnogs-network/data_obs/2026/9/23/17/15052663/waterfall_15052663_2026-09-23T17-35-08.png
satnogs_15052662,2.3784674149964147,1.342313940262254,0.0078125,0.0078125,1.0,1.4093741882748454,0.13725490196078433,0.5,0.0,1.2680955059171612,0.9173074166595437,0.7613455745158133,0,0,station_2173,https://s3.eu-central-1.wasabisys.com/satnogs-network/data_obs/2026/9/23/17/15052662/waterfall_15052662_2026-09-23T17-27-57.png,15052662,41789,bad,,,FSK,437646970,29.0,PE0SAT-21,2173.0,2026-09-23T17:27:57Z,https://s3.eu-central-1.wasabisys.com/satnogs-network/data_obs/2026/9/23/17/15052662/waterfall_15052662_2026-09-23T17-27-57.png
satnogs_15041888,1.94777145382896,1.2694595121515548,0.0,0.0,0.0,1.0065003661961247,0.27450980392156865,0.5,0.0,0.43124104445365125,0.9261783866126266,0.7792231584807661,0,0,station_4613,https://s3.eu-central-1.wasabisys.com/satnogs-network/data_obs/2026/9/23/17/15041888/waterfall_15041888_2026-09-23T17-22-58.png,15041888,69015,bad,,,FSK AX.100 Mode 5,436150000,14.0,"Saratoga, CA Ground Station",4613.0,2026-09-23T17:22:58Z,https://s3.eu-central-1.wasabisys.com/satnogs-network/data_obs/2026/9/23/17/15041888/waterfall_15041888_2026-09-23T17-22-58.png
satnogs_15052677,2.6934390145196536,1.2348088979943528,0.0859375,0.09375,0.9166666666666666,6.184186360984205,0.0196078431372549,0.0,0.734375,0.7434319942053108,0.9096219568362687,0.7357531585690487,0,0,station_1696,https://s3.eu-central-1.wasabisys.com/satnogs-network/data_obs/2026/9/23/17/15052677/waterfall_15052677_2026-09-23T17-21-52.png,15052677,67687,bad,,,GMSK,400960000,48.0,PE0SAT-31,1696.0,2026-09-23T17:21:52Z,https://s3.eu-central-1.wasabisys.com/satnogs-network/data_obs/2026/9/23/17/15052677/waterfall_15052677_2026-09-23T17-21-52.png
satnogs_15052676,3.468809620165347,1.3276394717471502,0.171875,0.25,0.6875,2.7151759400858357,0.09803921568627451,0.00980392156862745,0.9375,0.6497610673862441,0.9086807920181141,0.7392137373675762,0,0,station_1696,https://s3.eu-central-1.wasabisys.com/satnogs-network/data_obs/2026/9/23/17/15052676/waterfall_15052676_2026-09-23T17-16-44.png,15052676,39471,bad,,,FSK AX.25 G3RUH,437270000,79.0,PE0SAT-31,1696.0,2026-09-23T17:16:44Z,https://s3.eu-central-1.wasabisys.com/satnogs-network/data_obs/2026/9/23/17/15052676/waterfall_15052676_2026-09-23T17-16-44.png
satnogs_15052031,2.532953691391577,0.9656261583953696,0.0,0.0625,0.0,2.7955176889659805,0.7254901960784313,0.00980392156862745,0.7265625,0.7895159503616136,0.8989981598520159,0.709872283660616,0,0,station_2173,https://s3.eu-central-1.wasabisys.com/satnogs-network/data_obs/2026/9/23/17/15052031/waterfall_15052031_2026-09-23T17-16-01.png,15052031,39471,bad,,,FSK AX.25 G3RUH,437270000,79.0,PE0SAT-21,2173.0,2026-09-23T17:16:01Z,https://s3.eu-central-1.wasabisys.com/satnogs-network/data_obs/2026/9/23/17/15052031/waterfall_15052031_2026-09-23T17-16-01.png
satnogs_15052723,2.7334625515630435,1.3733906974150925,0.0078125,0.015625,0.5,1.6773520202773207,0.0196078431372549,0.5,0.0,0.628809057147469,0.9230683314740364,0.7681180818126131,0,0,station_1663,https://s3.eu-central-1.wasabisys.com/satnogs-network/data_obs/2026/9/23/17/15052723/waterfall_15052723_2026-09-23T17-12-18.png,15052723,59112,bad,,,GMSK,437025000,15.0,DK0SB-UHF-Omni,1663.0,2026-09-23T17:12:18Z,https://s3.eu-central-1.wasabisys.com/satnogs-network/data_obs/2026/9/23/17/15052723/waterfall_15052723_2026-09-23T17-12-18.png
satnogs_15052722,2.307468387683089,1.2806155897575966,0.0,0.0,0.0,2.8804485797079704,0.058823529411764705,0.5,0.0,0.6232336358898566,0.9176140720188575,0.7562611586593658,0,0,station_1664,https://s3.eu-central-1.wasabisys.com/satnogs-network/data_obs/2026/9/23/17/15052722/waterfall_15052722_2026-09-23T17-12-18.png,15052722,59112,bad,,,GMSK,437025000,15.0,DK0SB-VHF/UHF-Hi,1664.0,2026-09-23T17:12:18Z,https://s3.eu-central-1.wasabisys.com/satnogs-network/data_obs/2026/9/23/17/15052722/waterfall_15052722_2026-09-23T17-12-18.png
satnogs_15047010,2.2326026286414393,0.8146933413224707,0.0,0.0,0.0,1.583034237034458,0.6470588235294118,0.5,0.0,0.7993702855500715,0.848167013355966,0.7394531343960871,0,0,station_91,https://s3.eu-central-1.wasabisys.com/satnogs-network/data_obs/2026/9/23/17/15047010/waterfall_15047010_2026-09-23T17-11-12.png,15047010,44312,bad,,,FM,401126000,32.0,M0EYT,91.0,2026-09-23T17:11:12Z,https://s3.eu-central-1.wasabisys.com/satnogs-network/data_obs/2026/9/23/17/15047010/waterfall_15047010_2026-09-23T17-11-12.png
satnogs_15052037,3.644166268103951,1.226387694853888,0.046875,0.0625,0.75,1.9580817918737072,0.23529411764705882,0.09803921568627451,0.703125,0.8199623067664623,0.8411347697968702,0.7484947605428438,0,0,station_1466,https://s3.eu-central-1.wasabisys.com/satnogs-network/data_obs/2026/9/23/16/15052037/waterfall_15052037_2026-09-23T16-57-25.png,15052037,98458,bad,,,GMSK,401520000,41.0,PE0SAT-12,1466.0,2026-09-23T16:57:25Z,https://s3.eu-central-1.wasabisys.com/satnogs-network/data_obs/2026/9/23/16/15052037/waterfall_15052037_2026-09-23T16-57-25.png
satnogs_15052029,3.0269829205778906,1.2359217593622125,0.0546875,0.1796875,0.30434782608695654,2.508307073825227,0.1568627450980392,0.00980392156862745,0.921875,0.5853722291257543,0.9048238487616009,0.7175845311509949,0,0,station_2173,https://s3.eu-central-1.wasabisys.com/satnogs-network/data_obs/2026/9/23/16/15052029/waterfall_15052029_2026-09-23T16-54-32.png,15052029,25544,bad,,,FM,437800000,89.0,PE0SAT-21,2173.0,2026-09-23T16:54:32Z,https://s3.eu-central-1.wasabisys.com/satnogs-network/data_obs/2026/9/23/16/15052029/waterfall_15052029_2026-09-23T16-54-32.png
satnogs_15046410,2.2509027152643806,0.8805969042489066,0.0,0.0,0.0,2.0461853091197497,0.6078431372549019,0.5,0.0,0.6038403862763128,0.8475500346488265,0.733222917843699,0,0,station_91,https://s3.eu-central-1.wasabisys.com/satnogs-network/data_obs/2026/9/23/16/15046410/waterfall_15046410_2026-09-23T16-53-12.png,15046410,49949,bad,,,FM,400875000,16.0,M0EYT,91.0,2026-09-23T16:53:12Z,https://s3.eu-central-1.wasabisys.com/satnogs-network/data_obs/2026/9/23/16/15046410/waterfall_15046410_2026-09-23T16-53-12.png
satnogs_15041564,2.2986151553138416,1.094358535578952,0.0,0.0,0.0,1.3114812710919634,0.3137254901960784,0.5,0.0,0.6013927176558103,0.9083966976039415,0.7376998162294855,0,0,station_342,https://s3.eu-central-1.wasabisys.com/satnogs-network/data_obs/2026/9/23/16/15041564/waterfall_15041564_2026-09-23T16-51-36.png,15041564,25544,bad,,,FM,437800000,10.0,EA5WA Pobla Llarga,342.0,2026-09-23T16:51:36Z,https://s3.eu-central-1.wasabisys.com/satnogs-network/data_obs/2026/9/23/16/15041564/waterfall_15041564_2026-09-23T16-51-36.png
satnogs_15052721,2.2426817752596793,1.1551599658985408,0.0,0.0,0.0,3.218886704823572,0.0784313725490196,0.5,0.0,0.698277827546536,0.9045236988711826,0.7363874275308514,0,0,station_1664,https://s3.eu-central-1.wasabisys.com/satnogs-network/data_obs/2026/9/23/16/15052721/waterfall_15052721_2026-09-23T16-48-41.png,15052721,20442,bad,,,CW,437126350,30.0,DK0SB-VHF/UHF-Hi,1664.0,2026-09-23T16:48:41Z,https://s3.eu-central-1.wasabisys.com/satnogs-network/data_obs/2026/9/23/16/15052721/waterfall_15052721_2026-09-23T16-48-41.png
satnogs_15052035,2.187537598302471,1.3596125897721465,0.0,0.0,0.0,1.751743682400721,0.3333333333333333,0.5,0.0,0.5443570446453121,0.9242647370783593,0.7703439159826323,0,0,station_1466,https://s3.eu-central-1.wasabisys.com/satnogs-network/data_obs/2026/9/23/16/15052035/waterfall_15052035_2026-09-23T16-38-05.png,15052035,25397,bad,,,FSK,435225000,55.0,PE0SAT-12,1466.0,2026-09-23T16:38:05Z,https://s3.eu-central-1.wasabisys.com/satnogs-network/data_obs/2026/9/23/16/15052035/waterfall_15052035_2026-09-23T16-38-05.png
satnogs_15052672,3.829066291791809,1.7933535330786556,0.3671875,0.3671875,1.0,4.628090613015751,0.058823529411764705,0.00980392156862745,0.953125,0.2512360440122688,0.9256363840575049,0.7672744944614978,0,0,station_1696,https://s3.eu-central-1.wasabisys.com/satnogs-network/data_obs/2026/9/23/16/15052672/waterfall_15052672_2026-09-23T16-36-32.png,15052672,25397,bad,,,FSK,435225000,49.0,PE0SAT-31,1696.0,2026-09-23T16:36:32Z,https://s3.eu-central-1.wasabisys.com/satnogs-network/data_obs/2026/9/23/16/15052672/waterfall_15052672_2026-09-23T16-36-32.png
satnogs_15052027,2.9125354107648787,1.1567423534569636,0.0546875,0.109375,0.5,1.5301432989679917,0.6666666666666666,0.049019607843137254,0.96875,0.7136390531026637,0.9200142337201901,0.7402214889344513,0,0,station_2173,https://s3.eu-central-1.wasabisys.com/satnogs-network/data_obs/2026/9/23/16/15052027/waterfall_15052027_2026-09-23T16-36-28.png,15052027,25397,bad,,,FSK,435225000,55.0,PE0SAT-21,2173.0,2026-09-23T16:36:28Z,https://s3.eu-central-1.wasabisys.com/satnogs-network/data_obs/2026/9/23/16/15052027/waterfall_15052027_2026-09-23T16-36-28.png
satnogs_15052714,5.047051545049006,0.45201804591134104,0.0,0.3203125,0.0,1.3171182831867785,0.7254901960784313,0.0196078431372549,0.8203125,1.0045230818298034,0.9582524994384775,0.8892448701898429,0,0,station_1664,https://s3.eu-central-1.wasabisys.com/satnogs-network/data_obs/2026/9/23/16/15052714/waterfall_15052714_2026-09-23T16-33-07.png,15052714,25397,bad,,,FSK,435225000,47.0,DK0SB-VHF/UHF-Hi,1664.0,2026-09-23T16:33:07Z,https://s3.eu-central-1.wasabisys.com/satnogs-network/data_obs/2026/9/23/16/15052714/waterfall_15052714_2026-09-23T16-33-07.png
satnogs_15048691,10.96672012630464,1.4897174049034154,0.46875,1.0,0.46875,6.8809693456974195,0.1568627450980392,0.0,1.0,1.0114877565409992,0.9711365268496666,0.8893248094823514,0,0,station_5198,https://s3.eu-central-1.wasabisys.com/satnogs-network/data_obs/2026/9/23/16/15048691/waterfall_15048691_2026-09-23T16-32-57.png,15048691,48274,bad,,,SSTV,145985000,83.0,FULLERS-1,5198.0,2026-09-23T16:32:57Z,https://s3.eu-central-1.wasabisys.com/satnogs-network/data_obs/2026/9/23/16/15048691/waterfall_15048691_2026-09-23T16-32-57.png
satnogs_15052671,6.172001724064203,1.2103924776571309,0.0390625,0.5703125,0.0684931506849315,5.264669718794245,0.7058823529411765,0.0,0.7265625,0.5967961880710579,0.8908784551480119,0.7018598331676781,0,0,station_1696,https://s3.eu-central-1.wasabisys.com/satnogs-network/data_obs/2026/9/23/16/15052671/waterfall_15052671_2026-09-23T16-32-42.png,15052671,98459,bad,,,GMSK,401530000,76.0,PE0SAT-31,1696.0,2026-09-23T16:32:42Z,https://s3.eu-central-1.wasabisys.com/satnogs-network/data_obs/2026/9/23/16/15052671/waterfall_15052671_2026-09-23T16-32-42.png
satnogs_15052033,2.9171725347362742,1.1550142808539847,0.0078125,0.09375,0.08333333333333333,1.7735990515279783,0.5294117647058824,0.00980392156862745,0.90625,0.7904648132972725,0.9178820871639422,0.7373202095455528,0,0,station_1466,https://s3.eu-central-1.wasabisys.com/satnogs-network/data_obs/2026/9/23/16/15052033/waterfall_15052033_2026-09-23T16-29-25.png,15052033,59129,bad,,,FSK,400496000,64.0,PE0SAT-12,1466.0,2026-09-23T16:29:25Z,https://s3.eu-central-1.wasabisys.com/satnogs-network/data_obs/2026/9/23/16/15052033/waterfall_15052033_2026-09-23T16-29-25.png
satnogs_15047306,5.1597631625960245,0.7441437772507269,0.25,0.8515625,0.29357798165137616,1.7236216127726924,0.6862745098039216,0.0,1.0,0.9467275526011759,0.8352966518006483,0.6564502954639875,0,0,station_91,https://s3.eu-central-1.wasabisys.com/satnogs-network/data_obs/2026/9/23/16/15047306/waterfall_15047306_2026-09-23T16-29-16.png,15047306,68261,bad,,,CW,435860000,18.0,M0EYT,91.0,2026-09-23T16:29:16Z,https://s3.eu-central-1.wasabisys.com/satnogs-network/data_obs/2026/9/23/16/15047306/waterfall_15047306_2026-09-23T16-29-16.png
satnogs_15048686,2.3760469936107333,0.5151685239509145,0.0,0.0,0.0,2.2346498866893114,0.7450980392156863,0.5,0.0,1.2177177710253064,0.8653994432710886,0.6979913205444729,0,0,station_5198,https://s3.eu-central-1.wasabisys.com/satnogs-network/data_obs/2026/9/23/16/15048686/waterfall_15048686_2026-09-23T16-20-25.png,15048686,39427,bad,,,AFSK,145815000,30.0,FULLERS-1,5198.0,2026-09-23T16:20:25Z,https://s3.eu-central-1.wasabisys.com/satnogs-network/data_obs/2026/9/23/16/15048686/waterfall_15048686_2026-09-23T16-20-25.png
satnogs_15051867,3.619113499540411,1.1064580898569325,0.09375,0.296875,0.3157894736842105,1.56627747573811,0.5686274509803921,0.00980392156862745,1.0,0.5514196720445149,0.9079844339390818,0.7124919549759424,0,0,station_2173,https://s3.eu-central-1.wasabisys.com/satnogs-network/data_obs/2026/9/23/16/15051867/waterfall_15051867_2026-09-23T16-19-56.png,15051867,27607,bad,,,FM,436793000,23.0,PE0SAT-21,2173.0,2026-09-23T16:19:56Z,https://s3.eu-central-1.wasabisys.com/satnogs-network/data_obs/2026/9/23/16/15051867/waterfall_15051867_2026-09-23T16-19-56.png
satnogs_15042183,3.843872070135435,0.1326990443135736,0.0234375,0.2265625,0.10344827586206896,2.32020517859629,0.7058823529411765,0.08823529411764706,0.9765625,0.9483613540277092,0.9036118590989574,0.7550108321420513,0,0,station_5137,https://s3.eu-central-1.wasabisys.com/satnogs-network/data_obs/2026/9/23/16/15042183/waterfall_15042183_2026-09-23T16-15-30.png,15042183,43798,bad,,,FSK,437146500,90.0,berlin_ma_sat,5137.0,2026-09-23T16:15:30Z,https://s3.eu-central-1.wasabisys.com/satnogs-network/data_obs/2026/9/23/16/15042183/waterfall_15042183_2026-09-23T16-15-30.png
satnogs_15051865,2.6132502103768855,0.9621264700403296,0.0,0.078125,0.0,2.577019867241615,0.6274509803921569,0.00980392156862745,0.578125,0.7970161375611353,0.9057650477183398,0.7115803532280686,0,0,station_2173,https://s3.eu-central-1.wasabisys.com/satnogs-network/data_obs/2026/9/23/16/15051865/waterfall_15051865_2026-09-23T16-00-25.png,15051865,31130,bad,,,CW,435247000,26.0,PE0SAT-21,2173.0,2026-09-23T16:00:25Z,https://s3.eu-central-1.wasabisys.com/satnogs-network/data_obs/2026/9/23/16/15051865/waterfall_15051865_2026-09-23T16-00-25.png
satnogs_15048690,2.3446583543710213,1.1491627458348779,0.0,0.0,0.0,1.9082614877076693,0.1568627450980392,0.5,0.0,0.7232543675088937,0.9119018622857592,0.7456443064186791,0,0,station_5198,https://s3.eu-central-1.wasabisys.com/satnogs-network/data_obs/2026/9/23/15/15048690/waterfall_15048690_2026-09-23T15-54-20.png,15048690,28654,bad,,,DSB,137350000,85.0,FULLERS-1,5198.0,2026-09-23T15:54:20Z,https://s3.eu-central-1.wasabisys.com/satnogs-network/data_obs/2026/9/23/15/15048690/waterfall_15048690_2026-09-23T15-54-20.png
satnogs_15045562,2.2483025315886507,1.2421992030208369,0.0,0.015625,0.0,2.1883635916000403,0.49019607843137253,0.5,0.0,0.6227093051789105,0.9220379255769756,0.7652612176574904,0,0,station_3689,https://s3.eu-central-1.wasabisys.com/satnogs-network/data_obs/2026/9/23/15/15045562/waterfall_15045562_2026-09-23T15-53-45.png,15045562,67683,bad,,,FSK,400630000,56.0,DF0OHM Turnstile VHF (Test UHF),3689.0,2026-09-23T15:53:45Z,https://s3.eu-central-1.wasabisys.com/satnogs-network/data_obs/2026/9/23/15/15045562/waterfall_15045562_2026-09-23T15-53-45.png
satnogs_15051881,3.9660823123995987,1.5538141280205107,0.34375,0.453125,0.7586206896551724,3.35031593232869,0.0784313725490196,0.00980392156862745,0.96875,0.4404952544476025,0.9092926493155166,0.7318498504638792,0,0,station_1696,https://s3.eu-central-1.wasabisys.com/satnogs-network/data_obs/2026/9/23/15/15051881/waterfall_15051881_2026-09-23T15-49-35.png,15051881,40958,bad,,,MSK,437650000,89.0,PE0SAT-31,1696.0,2026-09-23T15:49:35Z,https://s3.eu-central-1.wasabisys.com/satnogs-network/data_obs/2026/9/23/15/15051881/waterfall_15051881_2026-09-23T15-49-35.png
satnogs_15051899,2.3973211201152944,1.04015190509286,0.0,0.0,0.0,2.1317344895050097,0.39215686274509803,0.5,0.0,0.7294480376373556,0.9045093755049385,0.7211214529401657,0,0,station_1466,https://s3.eu-central-1.wasabisys.com/satnogs-network/data_obs/2026/9/23/15/15051899/waterfall_15051899_2026-09-23T15-49-05.png,15051899,56934,bad,,,FM,401400000,56.0,PE0SAT-12,1466.0,2026-09-23T15:49:05Z,https://s3.eu-central-1.wasabisys.com/satnogs-network/data_obs/2026/9/23/15/15051899/waterfall_15051899_2026-09-23T15-49-05.png
satnogs_15051898,4.131614673474739,0.6434794323370961,0.0,0.484375,0.0,2.6846487295093544,0.6862745098039216,0.0392156862745098,0.9609375,1.1597715090079308,0.9104740634197444,0.7047745879148298,0,0,station_1466,https://s3.eu-central-1.wasabisys.com/satnogs-network/data_obs/2026/9/23/15/15051898/waterfall_15051898_2026-09-23T15-42-53.png,15051898,35951,bad,,,FM,400822000,53.0,PE0SAT-12,1466.0,2026-09-23T15:42:53Z,https://s3.eu-central-1.wasabisys.com/satnogs-network/data_obs/2026/9/23/15/15051898/waterfall_15051898_2026-09-23T15-42-53.png
satnogs_15051880,3.0789700204916777,1.4090887771539211,0.078125,0.1015625,0.7692307692307693,3.6496911024347445,0.0,0.024509803921568627,0.734375,0.33616771032122345,0.9099882753685582,0.7292723626809282,0,0,station_1696,https://s3.eu-central-1.wasabisys.com/satnogs-network/data_obs/2026/9/23/15/15051880/waterfall_15051880_2026-09-23T15-41-19.png,15051880,35951,bad,,,FM,400822000,46.0,PE0SAT-31,1696.0,2026-09-23T15:41:19Z,https://s3.eu-central-1.wasabisys.com/satnogs-network/data_obs/2026/9/23/15/15051880/waterfall_15051880_2026-09-23T15-41-19.png
satnogs_15048689,2.1840653164004036,0.8026655539458465,0.0,0.0,0.0,1.924170742642,0.6078431372549019,0.5,0.0,1.1078077163592084,0.8900310920454982,0.716964745632923,0,0,station_5198,https://s3.eu-central-1.wasabisys.com/satnogs-network/data_obs/2026/9/23/15/15048689/waterfall_15048689_2026-09-23T15-41-04.png,15048689,98429,bad,,,FM,145910000,73.0,FULLERS-1,5198.0,2026-09-23T15:41:04Z,https://s3.eu-central-1.wasabisys.com/satnogs-network/data_obs/2026/9/23/15/15048689/waterfall_15048689_2026-09-23T15-41-04.png
satnogs_15047305,2.1329833475725843,0.8933455781763963,0.0,0.0,0.0,1.5972535716150484,0.6078431372549019,0.5,0.0,0.6355538652606747,0.8544944036342685,0.7410236308172948,0,0,station_91,https://s3.eu-central-1.wasabisys.com/satnogs-network/data_obs/2026/9/23/15/15047305/waterfall_15047305_2026-09-23T15-40-58.png,15047305,54021,bad,,,FM,1575420000,82.0,M0EYT,91.0,2026-09-23T15:40:58Z,https://s3.eu-central-1.wasabisys.com/satnogs-network/data_obs/2026/9/23/15/15047305/waterfall_15047305_2026-09-23T15-40-58.png
satnogs_15051862,2.2866881845669935,1.077166641893405,0.0,0.0,0.0,2.4648364654427617,0.5686274509803921,0.5,0.0,0.6139213998663321,0.9078481807897728,0.7317848286714754,0,0,station_2173,https://s3.eu-central-1.wasabisys.com/satnogs-network/data_obs/2026/9/23/15/15051862/waterfall_15051862_2026-09-23T15-37-27.png,15051862,98290,bad,,,LoRa,437400000,63.0,PE0SAT-21,2173.0,2026-09-23T15:37:27Z,https://s3.eu-central-1.wasabisys.com/satnogs-network/data_obs/2026/9/23/15/15051862/waterfall_15051862_2026-09-23T15-37-27.png
satnogs_15051879,4.442364764602737,1.0076523084446243,0.078125,0.640625,0.12195121951219512,2.7118517071881043,0.47058823529411764,0.0,0.9921875,1.0130739718894606,0.9236574359893989,0.7420283454598332,0,0,station_1696,https://s3.eu-central-1.wasabisys.com/satnogs-network/data_obs/2026/9/23/15/15051879/waterfall_15051879_2026-09-23T15-37-07.png,15051879,52899,bad,,,GMSK,436490000,89.0,PE0SAT-31,1696.0,2026-09-23T15:37:07Z,https://s3.eu-central-1.wasabisys.com/satnogs-network/data_obs/2026/9/23/15/15051879/waterfall_15051879_2026-09-23T15-37-07.png
satnogs_15051897,3.286811220686296,1.053059791830852,0.046875,0.2578125,0.18181818181818182,2.389339959769486,0.4117647058823529,0.00980392156862745,0.984375,0.843463536988921,0.9183120994565134,0.746009394123514,0,0,station_1466,https://s3.eu-central-1.wasabisys.com/satnogs-network/data_obs/2026/9/23/15/15051897/waterfall_15051897_2026-09-23T15-36-53.png,15051897,52899,bad,,,GMSK,436490000,89.0,PE0SAT-12,1466.0,2026-09-23T15:36:53Z,https://s3.eu-central-1.wasabisys.com/satnogs-network/data_obs/2026/9/23/15/15051897/waterfall_15051897_2026-09-23T15-36-53.png
satnogs_15046408,2.4482318921839723,0.8189624663858384,0.0,0.015625,0.0,2.035674084266083,0.45098039215686275,0.5,0.0,0.7204529246358422,0.832289361296675,0.7337178740864271,0,0,station_91,https://s3.eu-central-1.wasabisys.com/satnogs-network/data_obs/2026/9/23/15/15046408/waterfall_15046408_2026-09-23T15-34-04.png,15046408,44312,bad,,,FM,401126000,20.0,M0EYT,91.0,2026-09-23T15:34:04Z,https://s3.eu-central-1.wasabisys.com/satnogs-network/data_obs/2026/9/23/15/15046408/waterfall_15046408_2026-09-23T15-34-04.png
satnogs_15051878,2.6460791333312583,1.543572389186662,0.0,0.0859375,0.0,2.123127958156759,0.6470588235294118,0.0,0.9453125,0.590117855353053,0.9661831986542118,0.8372525209939081,0,0,station_1696,https://s3.eu-central-1.wasabisys.com/satnogs-network/data_obs/2026/9/23/15/15051878/waterfall_15051878_2026-09-23T15-32-13.png,15051878,57793,bad,,,LoRa,400450000,23.0,PE0SAT-31,1696.0,2026-09-23T15:32:13Z,https://s3.eu-central-1.wasabisys.com/satnogs-network/data_obs/2026/9/23/15/15051878/waterfall_15051878_2026-09-23T15-32-13.png
satnogs_15051896,2.1246458923512748,1.2287696594218425,0.0078125,0.0078125,1.0,1.7973609412073355,0.058823529411764705,0.5,0.0,0.6456029134689841,0.9112983874185931,0.7426424000400087,0,0,station_1466,https://s3.eu-central-1.wasabisys.com/satnogs-network/data_obs/2026/9/23/15/15051896/waterfall_15051896_2026-09-23T15-29-17.png,15051896,98292,bad,,,LoRa,437400000,60.0,PE0SAT-12,1466.0,2026-09-23T15:29:17Z,https://s3.eu-central-1.wasabisys.com/satnogs-network/data_obs/2026/9/23/15/15051896/waterfall_15051896_2026-09-23T15-29-17.png
satnogs_15051860,2.4164928555863465,1.2707964169178967,0.0,0.0,0.0,2.5608564578763433,0.058823529411764705,0.5,0.0,0.5958729881919045,0.9184863579884316,0.7481023268225193,0,0,station_2173,https://s3.eu-central-1.wasabisys.com/satnogs-network/data_obs/2026/9/23/15/15051860/waterfall_15051860_2026-09-23T15-27-16.png,15051860,40974,bad,,,FSK,437375500,35.0,PE0SAT-21,2173.0,2026-09-23T15:27:16Z,https://s3.eu-central-1.wasabisys.com/satnogs-network/data_obs/2026/9/23/15/15051860/waterfall_15051860_2026-09-23T15-27-16.png
satnogs_15051877,3.7556488601106226,1.6249244917513748,0.2734375,0.359375,0.7608695652173914,2.6476164342075608,0.0196078431372549,0.00980392156862745,0.921875,0.47088860852492315,0.9256604551218526,0.7605792892576949,0,0,station_1696,https://s3.eu-central-1.wasabisys.com/satnogs-network/data_obs/2026/9/23/15/15051877/waterfall_15051877_2026-09-23T15-27-16.png,15051877,40974,bad,,,FSK,437375500,35.0,PE0SAT-31,1696.0,2026-09-23T15:27:16Z,https://s3.eu-central-1.wasabisys.com/satnogs-network/data_obs/2026/9/23/15/15051877/waterfall_15051877_2026-09-23T15-27-16.png
satnogs_15052003,2.21083082272884,1.256230429297939,0.0,0.03125,0.0,1.601915553756913,0.6666666666666666,0.0,0.15625,0.629110631744288,0.919571495252156,0.7672534217430285,0,0,station_3689,https://s3.eu-central-1.wasabisys.com/satnogs-network/data_obs/2026/9/23/15/15052003/waterfall_15052003_2026-09-23T15-26-19.png,15052003,40974,bad,,,FSK,437375500,76.0,DF0OHM Turnstile VHF (Test UHF),3689.0,2026-09-23T15:26:19Z,https://s3.eu-central-1.wasabisys.com/satnogs-network/data_obs/2026/9/23/15/15052003/waterfall_15052003_2026-09-23T15-26-19.png
satnogs_15051894,2.1752326993120197,1.202657939946517,0.0,0.0,0.0,1.6245998733765914,0.5294117647058824,0.5,0.0,0.6649783402593537,0.9104595228946865,0.7432411153524745,0,0,station_1466,https://s3.eu-central-1.wasabisys.com/satnogs-network/data_obs/2026/9/23/15/15051894/waterfall_15051894_2026-09-23T15-12-01.png,15051894,98288,bad,,,LoRa,437400000,52.0,PE0SAT-12,1466.0,2026-09-23T15:12:01Z,https://s3.eu-central-1.wasabisys.com/satnogs-network/data_obs/2026/9/23/15/15051894/waterfall_15051894_2026-09-23T15-12-01.png
satnogs_15048680,2.081285772099208,1.3252769238006816,0.0,0.0,0.0,1.7920242486481184,0.2549019607843137,0.5,0.0,0.6772919313429265,0.934108762608173,0.7942215230293523,0,0,station_5198,https://s3.eu-central-1.wasabisys.com/satnogs-network/data_obs/2026/9/23/15/15048680/waterfall_15048680_2026-09-23T15-04-55.png,15048680,57166,bad,,,LRPT,137900000,34.0,FULLERS-1,5198.0,2026-09-23T15:04:55Z,https://s3.eu-central-1.wasabisys.com/satnogs-network/data_obs/2026/9/23/15/15048680/waterfall_15048680_2026-09-23T15-04-55.png
satnogs_15051892,2.3715965413854474,1.6735981951036836,0.0,0.0,0.0,1.5614023100870544,0.058823529411764705,0.5,0.0,0.3579260836486409,0.9539518178694468,0.8179742766959506,0,0,station_1466,https://s3.eu-central-1.wasabisys.com/satnogs-network/data_obs/2026/9/23/15/15051892/waterfall_15051892_2026-09-23T15-03-25.png,15051892,59132,bad,,,FSK,400504000,90.0,PE0SAT-12,1466.0,2026-09-23T15:03:25Z,https://s3.eu-central-1.wasabisys.com/satnogs-network/data_obs/2026/9/23/15/15051892/waterfall_15051892_2026-09-23T15-03-25.png
satnogs_15042179,2.7066944593817976,0.2415326408416601,0.0,0.0,0.0,2.1296551505997496,0.5686274509803921,0.5,0.0,0.6550852868818392,0.6819015794332692,-0.04085395925900715,0,0,station_5137,https://s3.eu-central-1.wasabisys.com/satnogs-network/data_obs/2026/9/23/15/15042179/waterfall_15042179_2026-09-23T15-02-31.png,15042179,43804,bad,,,MSK AX.100 Mode 5,437775000,55.0,berlin_ma_sat,5137.0,2026-09-23T15:02:31Z,https://s3.eu-central-1.wasabisys.com/satnogs-network/data_obs/2026/9/23/15/15042179/waterfall_15042179_2026-09-23T15-02-31.png
satnogs_15043124,2.1307350450410008,1.2770775114420965,0.0,0.0,0.0,1.2927739556634723,0.6470588235294118,0.5,0.0,0.6013527978600602,0.9212499584073376,0.7713594926147448,0,0,station_3590,https://s3.eu-central-1.wasabisys.com/satnogs-network/data_obs/2026/9/23/14/15043124/waterfall_15043124_2026-09-23T14-58-14.png,15043124,68433,bad,,,GFSK,401021500,33.0,EuroSpaceHub-UCM,3590.0,2026-09-23T14:58:14Z,https://s3.eu-central-1.wasabisys.com/satnogs-network/data_obs/2026/9/23/14/15043124/waterfall_15043124_2026-09-23T14-58-14.png
satnogs_15042178,2.6615187791282127,0.2757911883797657,0.0,0.0078125,0.0,2.567539662894322,0.5686274509803921,0.5,0.0,0.6523235741997336,0.6751325172432137,-0.025565850867641012,0,0,station_5137,https://s3.eu-central-1.wasabisys.com/satnogs-network/data_obs/2026/9/23/14/15042178/waterfall_15042178_2026-09-23T14-52-17.png,15042178,57175,bad,,,FSK,436990000,61.0,berlin_ma_sat,5137.0,2026-09-23T14:52:17Z,https://s3.eu-central-1.wasabisys.com/satnogs-network/data_obs/2026/9/23/14/15042178/waterfall_15042178_2026-09-23T14-52-17.png
satnogs_15048683,2.216183923994527,0.9427682191856913,0.0,0.0,0.0,1.7765496576747224,0.7254901960784313,0.5,0.0,0.8991927267673242,0.8972977084277152,0.7287289285030831,0,0,station_5198,https://s3.eu-central-1.wasabisys.com/satnogs-network/data_obs/2026/9/23/14/15048683/waterfall_15048683_2026-09-23T14-51-55.png,15048683,43786,bad,,,BPSK,145860000,21.0,FULLERS-1,5198.0,2026-09-23T14:51:55Z,https://s3.eu-central-1.wasabisys.com/satnogs-network/data_obs/2026/9/23/14/15048683/waterfall_15048683_2026-09-23T14-51-55.png
satnogs_15042177,2.6887737905020677,0.23422580817647126,0.0,0.0,0.0,2.753219447925218,0.5490196078431373,0.5,0.0,0.6510589838680889,0.678258285523249,-0.048133625095527495,0,0,station_5137,https://s3.eu-central-1.wasabisys.com/satnogs-network/data_obs/2026/9/23/14/15042177/waterfall_15042177_2026-09-23T14-32-22.png,15042177,62394,bad,,,GFSK,436775000,51.0,berlin_ma_sat,5137.0,2026-09-23T14:32:22Z,https://s3.eu-central-1.wasabisys.com/satnogs-network/data_obs/2026/9/23/14/15042177/waterfall_15042177_2026-09-23T14-32-22.png
satnogs_15051920,2.1096065713629524,1.248995837137397,0.0,0.0,0.0,1.5537583018474574,0.11764705882352941,0.5,0.0,0.5819582734721452,0.915075986868326,0.7622011209056097,0,0,station_4055,https://s3.eu-central-1.wasabisys.com/satnogs-network/data_obs/2026/9/23/14/15051920/waterfall_15051920_2026-09-23T14-28-28.png,15051920,61746,bad,,,GFSK,436835000,36.0,Signal Voyage Cubesat Ground Station,4055.0,2026-09-23T14:28:28Z,https://s3.eu-central-1.wasabisys.com/satnogs-network/data_obs/2026/9/23/14/15051920/waterfall_15051920_2026-09-23T14-28-28.png
satnogs_15047006,8.76679283611464,0.894681920973897,0.1796875,0.703125,0.25555555555555554,1.4802416467903865,0.35294117647058826,0.0,0.9921875,1.136978842539233,0.8489246752131859,0.7463738718045961,0,0,station_91,https://s3.eu-central-1.wasabisys.com/satnogs-network/data_obs/2026/9/23/14/15047006/waterfall_15047006_2026-09-23T14-23-52.png,15047006,69591,bad,,,FSK,435900000,28.0,M0EYT,91.0,2026-09-23T14:23:52Z,https://s3.eu-central-1.wasabisys.com/satnogs-network/data_obs/2026/9/23/14/15047006/waterfall_15047006_2026-09-23T14-23-52.png
satnogs_15045403,2.7558416368614873,1.188335902081528,0.0,0.1953125,0.0,4.797326185607236,0.4117647058823529,0.0,0.421875,0.6593971486324868,0.9191634384132228,0.7561815524015434,0,0,station_3689,https://s3.eu-central-1.wasabisys.com/satnogs-network/data_obs/2026/9/23/14/15045403/waterfall_15045403_2026-09-23T14-18-02.png,15045403,67683,bad,,,FSK,400630000,72.0,DF0OHM Turnstile VHF (Test UHF),3689.0,2026-09-23T14:18:02Z,https://s3.eu-central-1.wasabisys.com/satnogs-network/data_obs/2026/9/23/14/15045403/waterfall_15045403_2026-09-23T14-18-02.png
satnogs_15048066,2.315066149447417,1.142879896033588,0.0,0.0,0.0,1.67928769334708,0.29411764705882354,0.5,0.0,0.6470303842165706,0.9013042921209263,0.735054167855225,0,0,station_5198,https://s3.eu-central-1.wasabisys.com/satnogs-network/data_obs/2026/9/23/14/15048066/waterfall_15048066_2026-09-23T14-13-11.png,15048066,26931,bad,,,AFSK,145826800,84.0,FULLERS-1,5198.0,2026-09-23T14:13:11Z,https://s3.eu-central-1.wasabisys.com/satnogs-network/data_obs/2026/9/23/14/15048066/waterfall_15048066_2026-09-23T14-13-11.png
satnogs_15042176,2.6376234591532066,0.2427357465840635,0.0,0.0,0.0,2.5752755828970444,0.5686274509803921,0.5,0.0,0.6623766128252778,0.6815960206634166,-0.048193325635385864,0,0,station_5137,https://s3.eu-central-1.wasabisys.com/satnogs-network/data_obs/2026/9/23/14/15042176/waterfall_15042176_2026-09-23T14-02-04.png,15042176,43784,bad,,,GMSK,437275000,50.0,berlin_ma_sat,5137.0,2026-09-23T14:02:04Z,https://s3.eu-central-1.wasabisys.com/satnogs-network/data_obs/2026/9/23/14/15042176/waterfall_15042176_2026-09-23T14-02-04.png
satnogs_15042175,2.943058396316188,0.24430200741961286,0.0,0.015625,0.0,2.3179924050046083,0.6862745098039216,0.5,0.0,0.5742175581787771,0.6403917401736496,0.028019910095322356,0,0,station_5137,https://s3.eu-central-1.wasabisys.com/satnogs-network/data_obs/2026/9/23/13/15042175/waterfall_15042175_2026-09-23T13-27-17.png,15042175,49402,bad,,,CW,435525000,89.0,berlin_ma_sat,5137.0,2026-09-23T13:27:17Z,https://s3.eu-central-1.wasabisys.com/satnogs-network/data_obs/2026/9/23/13/15042175/waterfall_15042175_2026-09-23T13-27-17.png
satnogs_15042174,2.9622149543399106,0.24089000217419773,0.0,0.0,0.0,2.02481351907416,0.6862745098039216,0.5,0.0,0.5994731143173676,0.636220363585292,0.01632393677624542,0,0,station_5137,https://s3.eu-central-1.wasabisys.com/satnogs-network/data_obs/2026/9/23/13/15042174/waterfall_15042174_2026-09-23T13-19-33.png,15042174,40908,bad,,,GFSK,437225000,60.0,berlin_ma_sat,5137.0,2026-09-23T13:19:33Z,https://s3.eu-central-1.wasabisys.com/satnogs-network/data_obs/2026/9/23/13/15042174/waterfall_15042174_2026-09-23T13-19-33.png
satnogs_15047742,4.627756044186639,1.1792377775000462,0.0,0.625,0.0,1.9795219682988172,0.3137254901960784,0.0,1.0,0.6401894761763474,0.910140997555914,0.7365612717575157,0,0,station_3689,https://s3.eu-central-1.wasabisys.com/satnogs-network/data_obs/2026/9/23/13/15047742/waterfall_15047742_2026-09-23T13-09-08.png,15047742,68456,bad,,,GMSK,437196300,62.0,DF0OHM Turnstile VHF (Test UHF),3689.0,2026-09-23T13:09:08Z,https://s3.eu-central-1.wasabisys.com/satnogs-network/data_obs/2026/9/23/13/15047742/waterfall_15047742_2026-09-23T13-09-08.png
satnogs_15051188,3.493368604264792,1.1484079139152379,0.140625,0.3125,0.45,1.5690909269013686,0.1568627450980392,0.00980392156862745,0.953125,0.6133297162845961,0.9075181090246157,0.7253801073706749,0,0,station_4326,https://s3.eu-central-1.wasabisys.com/satnogs-network/data_obs/2026/9/23/12/15051188/waterfall_15051188_2026-09-23T12-58-09.png,15051188,62401,bad,,,GFSK,401498200,81.0,KB9LEB_Debian_12,4326.0,2026-09-23T12:58:09Z,https://s3.eu-central-1.wasabisys.com/satnogs-network/data_obs/2026/9/23/12/15051188/waterfall_15051188_2026-09-23T12-58-09.png
satnogs_15042173,2.747450131672327,0.2871445826683303,0.0,0.0,0.0,2.4382992748225822,0.5686274509803921,0.5,0.0,0.6182310911931348,0.6916347308269704,-0.009661022541370398,0,0,station_5137,https://s3.eu-central-1.wasabisys.com/satnogs-network/data_obs/2026/9/23/12/15042173/waterfall_15042173_2026-09-23T12-55-14.png,15042173,62394,bad,,,GFSK,436775000,82.0,berlin_ma_sat,5137.0,2026-09-23T12:55:14Z,https://s3.eu-central-1.wasabisys.com/satnogs-network/data_obs/2026/9/23/12/15042173/waterfall_15042173_2026-09-23T12-55-14.png
satnogs_15045573,3.0125774776885623,1.1460779797978533,0.0,0.203125,0.0,4.650781316693372,0.3137254901960784,0.0,0.453125,0.6479661599534614,0.9209720037294195,0.7598179871869957,0,0,station_4084,https://s3.eu-central-1.wasabisys.com/satnogs-network/data_obs/2026/9/23/12/15045573/waterfall_15045573_2026-09-23T12-43-16.png,15045573,67683,bad,,,FSK,400630000,26.0,Astronomiemuseum Turnstile VHF (Test UHF),4084.0,2026-09-23T12:43:16Z,https://s3.eu-central-1.wasabisys.com/satnogs-network/data_obs/2026/9/23/12/15045573/waterfall_15045573_2026-09-23T12-43-16.png
satnogs_15045561,5.557712710687316,1.1003602306093558,0.0,0.3125,0.0,22.608745148699192,0.35294117647058826,0.0,0.6015625,0.7459210008631483,0.9260341933984925,0.750629557067571,0,0,station_3689,https://s3.eu-central-1.wasabisys.com/satnogs-network/data_obs/2026/9/23/12/15045561/waterfall_15045561_2026-09-23T12-43-01.png,15045561,67683,bad,,,FSK,400630000,30.0,DF0OHM Turnstile VHF (Test UHF),3689.0,2026-09-23T12:43:01Z,https://s3.eu-central-1.wasabisys.com/satnogs-network/data_obs/2026/9/23/12/15045561/waterfall_15045561_2026-09-23T12-43-01.png
satnogs_15042172,3.007013241587972,0.235206122972923,0.0,0.015625,0.0,2.311967109161315,0.6862745098039216,0.5,0.0,0.5805066492088488,0.6422314928864692,0.020275564904581034,0,0,station_5137,https://s3.eu-central-1.wasabisys.com/satnogs-network/data_obs/2026/9/23/12/15042172/waterfall_15042172_2026-09-23T12-05-46.png,15042172,98886,bad,,,GFSK,437000000,65.0,berlin_ma_sat,5137.0,2026-09-23T12:05:46Z,https://s3.eu-central-1.wasabisys.com/satnogs-network/data_obs/2026/9/23/12/15042172/waterfall_15042172_2026-09-23T12-05-46.png
satnogs_15040609,3.5446898306064694,0.6024393940767998,0.0,0.2265625,0.0,3.287313160531012,0.43137254901960786,0.00980392156862745,0.9765625,1.199084589233958,0.9496989381836841,0.7683656425296499,0,0,station_3855,https://s3.eu-central-1.wasabisys.com/satnogs-network/data_obs/2026/9/23/11/15040609/waterfall_15040609_2026-09-23T11-41-28.png,15040609,57166,bad,,,FSK,137900000,13.0,GS ChNord UHF,3855.0,2026-09-23T11:41:28Z,https://s3.eu-central-1.wasabisys.com/satnogs-network/data_obs/2026/9/23/11/15040609/waterfall_15040609_2026-09-23T11-41-28.png
satnogs_15042171,2.8890154035398203,0.20011999614269285,0.0,0.0,0.0,3.0118269202661345,0.6862745098039216,0.5,0.0,0.6111936713453326,0.644707499296306,-0.012158443761200332,0,0,station_5137,https://s3.eu-central-1.wasabisys.com/satnogs-network/data_obs/2026/9/23/11/15042171/waterfall_15042171_2026-09-23T11-36-41.png,15042171,46506,bad,,,FSK AX.25 G3RUH,435600000,50.0,berlin_ma_sat,5137.0,2026-09-23T11:36:41Z,https://s3.eu-central-1.wasabisys.com/satnogs-network/data_obs/2026/9/23/11/15042171/waterfall_15042171_2026-09-23T11-36-41.png
satnogs_15042170,2.903272556247064,0.2144181427451924,0.0,0.0,0.0,2.627243892080951,0.6666666666666666,0.5,0.0,0.6273849308259559,0.6423115112214177,-0.006866398808617296,0,0,station_5137,https://s3.eu-central-1.wasabisys.com/satnogs-network/data_obs/2026/9/23/11/15042170/waterfall_15042170_2026-09-23T11-25-02.png,15042170,27844,bad,,,CW,436835820,81.0,berlin_ma_sat,5137.0,2026-09-23T11:25:02Z,https://s3.eu-central-1.wasabisys.com/satnogs-network/data_obs/2026/9/23/11/15042170/waterfall_15042170_2026-09-23T11-25-02.png
satnogs_15050044,2.1198281012121565,1.0980593252409556,0.0,0.0,0.0,1.3978712000417521,0.6666666666666666,0.5,0.0,0.6013101553856885,0.9088649020078549,0.741037368969917,0,0,station_4613,https://s3.eu-central-1.wasabisys.com/satnogs-network/data_obs/2026/9/23/11/15050044/waterfall_15050044_2026-09-23T11-10-29.png,15050044,68416,bad,,,GFSK Pkst,400500000,82.0,"Saratoga, CA Ground Station",4613.0,2026-09-23T11:10:29Z,https://s3.eu-central-1.wasabisys.com/satnogs-network/data_obs/2026/9/23/11/15050044/waterfall_15050044_2026-09-23T11-10-29.png
satnogs_15042169,2.9686807771607877,0.22131719576249825,0.0,0.0078125,0.0,3.2059155477314105,0.6862745098039216,0.5,0.0,0.5849490680231804,0.6410029233476168,0.013081586142854904,0,0,station_5137,https://s3.eu-central-1.wasabisys.com/satnogs-network/data_obs/2026/9/23/10/15042169/waterfall_15042169_2026-09-23T10-52-10.png,15042169,29709,bad,,,FM,437325000,85.0,berlin_ma_sat,5137.0,2026-09-23T10:52:10Z,https://s3.eu-central-1.wasabisys.com/satnogs-network/data_obs/2026/9/23/10/15042169/waterfall_15042169_2026-09-23T10-52-10.png
satnogs_15044294,2.751212308391375,1.179379982200126,0.0,0.2421875,0.0,4.663524493552829,0.7254901960784313,0.0,0.828125,0.8065392485736651,0.913198317242525,0.7456966859268157,0,0,station_2694,https://s3.eu-central-1.wasabisys.com/satnogs-network/data_obs/2026/9/23/10/15044294/waterfall_15044294_2026-09-23T10-23-08.png,15044294,99416,bad,,,GFSK,437395000,49.0,OE6ISP_High_Gain_LimeSDR,2694.0,2026-09-23T10:23:08Z,https://s3.eu-central-1.wasabisys.com/satnogs-network/data_obs/2026/9/23/10/15044294/waterfall_15044294_2026-09-23T10-23-08.png
satnogs_15046942,3.6852611061257448,0.5408639263481392,0.03125,0.328125,0.09523809523809523,1.875940476086067,0.5490196078431373,0.0,0.9453125,1.1773805599953828,0.8987665422152715,0.7354985800832282,0,0,station_3677,https://s3.eu-central-1.wasabisys.com/satnogs-network/data_obs/2026/9/23/10/15046942/waterfall_15046942_2026-09-23T10-19-31.png,15046942,62713,bad,,,FSK,400200000,81.0,SOBE01,3677.0,2026-09-23T10:19:31Z,https://s3.eu-central-1.wasabisys.com/satnogs-network/data_obs/2026/9/23/10/15046942/waterfall_15046942_2026-09-23T10-19-31.png
satnogs_15042168,2.9204044696254337,0.10410014405116783,0.0,0.0078125,0.0,2.791215191224058,0.7647058823529411,0.5,0.0,0.6384393790892393,0.7111081809619383,-0.030402400002232405,0,0,station_5137,https://s3.eu-central-1.wasabisys.com/satnogs-network/data_obs/2026/9/23/10/15042168/waterfall_15042168_2026-09-23T10-12-04.png,15042168,24278,bad,,,CW,435796000,57.0,berlin_ma_sat,5137.0,2026-09-23T10:12:04Z,https://s3.eu-central-1.wasabisys.com/satnogs-network/data_obs/2026/9/23/10/15042168/waterfall_15042168_2026-09-23T10-12-04.png
satnogs_15040608,5.174972206329049,1.0754666658594667,0.1484375,0.546875,0.2714285714285714,1.4724270639301287,0.19607843137254902,0.13725490196078433,0.9921875,0.9463355418614876,0.8456009278242705,0.8113328592488221,0,0,station_3855,https://s3.eu-central-1.wasabisys.com/satnogs-network/data_obs/2026/9/23/9/15040608/waterfall_15040608_2026-09-23T09-59-32.png,15040608,57166,bad,,,FSK,137900000,59.0,GS ChNord UHF,3855.0,2026-09-23T09:59:32Z,https://s3.eu-central-1.wasabisys.com/satnogs-network/data_obs/2026/9/23/9/15040608/waterfall_15040608_2026-09-23T09-59-32.png
satnogs_15046941,2.244438261612488,1.207557245336756,0.0,0.0546875,0.0,1.8847472286083584,0.6862745098039216,0.00980392156862745,0.2421875,0.737055604489438,0.9167495326873069,0.7618588361737788,0,0,station_3677,https://s3.eu-central-1.wasabisys.com/satnogs-network/data_obs/2026/9/23/9/15046941/waterfall_15046941_2026-09-23T09-58-22.png,15046941,62394,bad,,,GFSK,436775000,32.0,SOBE01,3677.0,2026-09-23T09:58:22Z,https://s3.eu-central-1.wasabisys.com/satnogs-network/data_obs/2026/9/23/9/15046941/waterfall_15046941_2026-09-23T09-58-22.png
satnogs_15040183,2.2897186308547575,1.2862309080483243,0.03125,0.046875,0.6666666666666666,1.3816973197362097,0.37254901960784315,0.058823529411764705,0.1171875,0.6306402449538062,0.9197147143921175,0.7548837996293071,0,0,station_4084,https://s3.eu-central-1.wasabisys.com/satnogs-network/data_obs/2026/9/23/9/15040183/waterfall_15040183_2026-09-23T09-58-16.png,15040183,98332,bad,,,GFSK,401540000,31.0,Astronomiemuseum Turnstile VHF (Test UHF),4084.0,2026-09-23T09:58:16Z,https://s3.eu-central-1.wasabisys.com/satnogs-network/data_obs/2026/9/23/9/15040183/waterfall_15040183_2026-09-23T09-58-16.png
satnogs_15040164,2.23721293126393,1.343118931593769,0.015625,0.0234375,0.6666666666666666,2.53667176933589,0.09803921568627451,0.10294117647058823,0.03125,0.5295555360096624,0.9224037750259209,0.7658704342398448,0,0,station_3689,https://s3.eu-central-1.wasabisys.com/satnogs-network/data_obs/2026/9/23/9/15040164/waterfall_15040164_2026-09-23T09-58-00.png,15040164,98332,bad,,,GFSK,401540000,32.0,DF0OHM Turnstile VHF (Test UHF),3689.0,2026-09-23T09:58:00Z,https://s3.eu-central-1.wasabisys.com/satnogs-network/data_obs/2026/9/23/9/15040164/waterfall_15040164_2026-09-23T09-58-00.png
satnogs_15042167,2.8813144035436946,0.19816168744578633,0.0,0.0,0.0,2.936714757471905,0.6666666666666666,0.5,0.0,0.6230347178297239,0.6504066263233063,-0.02017418100952915,0,0,station_5137,https://s3.eu-central-1.wasabisys.com/satnogs-network/data_obs/2026/9/23/9/15042167/waterfall_15042167_2026-09-23T09-40-59.png,15042167,40958,bad,,,MSK,437650000,55.0,berlin_ma_sat,5137.0,2026-09-23T09:40:59Z,https://s3.eu-central-1.wasabisys.com/satnogs-network/data_obs/2026/9/23/9/15042167/waterfall_15042167_2026-09-23T09-40-59.png
satnogs_15039747,2.3794535125979888,1.3380861374294761,0.0,0.1015625,0.0,1.477659231656231,0.35294117647058826,0.0,0.2109375,0.8661143653710092,0.9208477806638704,0.768171115274764,0,0,station_4084,https://s3.eu-central-1.wasabisys.com/satnogs-network/data_obs/2026/9/23/9/15039747/waterfall_15039747_2026-09-23T09-30-34.png,15039747,69015,bad,,,FSK AX.100 Mode 5,436150000,63.0,Astronomiemuseum Turnstile VHF (Test UHF),4084.0,2026-09-23T09:30:34Z,https://s3.eu-central-1.wasabisys.com/satnogs-network/data_obs/2026/9/23/9/15039747/waterfall_15039747_2026-09-23T09-30-34.png
satnogs_15039187,6.461996192874407,0.9122690723283334,0.0390625,0.890625,0.043859649122807015,14.031853080833335,0.8823529411764706,0.0,0.9921875,1.1393805294615786,0.9109182941458424,0.6616173659085384,0,0,station_1662,https://s3.eu-central-1.wasabisys.com/satnogs-network/data_obs/2026/9/23/9/15039187/waterfall_15039187_2026-09-23T09-18-55.png,15039187,7530,bad,,,USB,145950000,21.0,DK0SB-VHF-Omni,1662.0,2026-09-23T09:18:55Z,https://s3.eu-central-1.wasabisys.com/satnogs-network/data_obs/2026/9/23/9/15039187/waterfall_15039187_2026-09-23T09-18-55.png
satnogs_15040294,2.1096065713629524,1.2382843421420326,0.0,0.0,0.0,1.4234804983171727,0.5686274509803921,0.5,0.0,0.6274249331562798,0.9204237975518134,0.7646261944975101,0,0,station_3689,https://s3.eu-central-1.wasabisys.com/satnogs-network/data_obs/2026/9/23/9/15040294/waterfall_15040294_2026-09-23T09-13-52.png,15040294,98330,bad,,,GFSK,401617700,88.0,DF0OHM Turnstile VHF (Test UHF),3689.0,2026-09-23T09:13:52Z,https://s3.eu-central-1.wasabisys.com/satnogs-network/data_obs/2026/9/23/9/15040294/waterfall_15040294_2026-09-23T09-13-52.png
satnogs_15047180,3.413297960040175,0.9255553417463932,0.0,0.1640625,0.0,2.1150164788196903,0.37254901960784315,0.00980392156862745,0.578125,0.7263279709092365,0.8943087699988843,0.6950231112101197,0,0,station_4451,https://s3.eu-central-1.wasabisys.com/satnogs-network/data_obs/2026/9/23/9/15047180/waterfall_15047180_2026-09-23T09-04-17.png,15047180,40958,bad,,,MSK,437650000,67.0,(¯`·._.·(¯`·._.· I LOVE BALI ·._.·´¯)·._.·´¯),4451.0,2026-09-23T09:04:17Z,https://s3.eu-central-1.wasabisys.com/satnogs-network/data_obs/2026/9/23/9/15047180/waterfall_15047180_2026-09-23T09-04-17.png
satnogs_15041340,2.3315171435809927,1.1296586191306484,0.0,0.0,0.0,1.571203532516245,0.5098039215686274,0.5,0.0,0.6978623940825242,0.907788304681478,0.7359353615290979,0,0,station_5078,https://s3.eu-central-1.wasabisys.com/satnogs-network/data_obs/2026/9/23/8/15041340/waterfall_15041340_2026-09-23T08-52-29.png,15041340,33499,bad,,,AFSK,437445000,34.0,dm43,5078.0,2026-09-23T08:52:29Z,https://s3.eu-central-1.wasabisys.com/satnogs-network/data_obs/2026/9/23/8/15041340/waterfall_15041340_2026-09-23T08-52-29.png
satnogs_15044293,2.3429679013397515,1.2270155658058661,0.0,0.1015625,0.0,4.410827798186729,0.4117647058823529,0.0,0.1640625,0.6326958272169673,0.9195172983255098,0.7538843387796262,0,0,station_2694,https://s3.eu-central-1.wasabisys.com/satnogs-network/data_obs/2026/9/23/8/15044293/waterfall_15044293_2026-09-23T08-48-38.png,15044293,99416,bad,,,GFSK,437395000,15.0,OE6ISP_High_Gain_LimeSDR,2694.0,2026-09-23T08:48:38Z,https://s3.eu-central-1.wasabisys.com/satnogs-network/data_obs/2026/9/23/8/15044293/waterfall_15044293_2026-09-23T08-48-38.png
satnogs_15044314,2.109945452721657,1.1707402780244807,0.0,0.0,0.0,2.3775799271549976,0.5686274509803921,0.5,0.0,0.6275292919877625,0.9104717251744201,0.7476378317632487,0,0,station_3689,https://s3.eu-central-1.wasabisys.com/satnogs-network/data_obs/2026/9/23/8/15044314/waterfall_15044314_2026-09-23T08-33-45.png,15044314,63235,bad,,,GFSK,400496500,46.0,DF0OHM Turnstile VHF (Test UHF),3689.0,2026-09-23T08:33:45Z,https://s3.eu-central-1.wasabisys.com/satnogs-network/data_obs/2026/9/23/8/15044314/waterfall_15044314_2026-09-23T08-33-45.png
satnogs_15040182,2.0781607183873474,1.2415934619004942,0.0,0.0,0.0,1.3801493230012056,0.6274509803921569,0.5,0.0,0.6420889496885284,0.9210568567967937,0.7642126459520137,0,0,station_4084,https://s3.eu-central-1.wasabisys.com/satnogs-network/data_obs/2026/9/23/8/15040182/waterfall_15040182_2026-09-23T08-22-45.png,15040182,98332,bad,,,GFSK,401540000,31.0,Astronomiemuseum Turnstile VHF (Test UHF),4084.0,2026-09-23T08:22:45Z,https://s3.eu-central-1.wasabisys.com/satnogs-network/data_obs/2026/9/23/8/15040182/waterfall_15040182_2026-09-23T08-22-45.png
satnogs_15040163,2.04170175841564,1.2214756892727232,0.0,0.0,0.0,1.6521498394147984,0.17647058823529413,0.5,0.0,0.6575565127599252,0.9219715508856969,0.7639931168496716,0,0,station_3689,https://s3.eu-central-1.wasabisys.com/satnogs-network/data_obs/2026/9/23/8/15040163/waterfall_15040163_2026-09-23T08-22-36.png,15040163,98332,bad,,,GFSK,401540000,29.0,DF0OHM Turnstile VHF (Test UHF),3689.0,2026-09-23T08:22:36Z,https://s3.eu-central-1.wasabisys.com/satnogs-network/data_obs/2026/9/23/8/15040163/waterfall_15040163_2026-09-23T08-22-36.png
satnogs_15040607,3.0141305814110346,1.1162515975759995,0.125,0.125,1.0,1.8960819594707343,0.0784313725490196,0.0,0.6953125,0.6339817330398035,0.9543603775755988,0.8100986648095727,0,0,station_3855,https://s3.eu-central-1.wasabisys.com/satnogs-network/data_obs/2026/9/23/8/15040607/waterfall_15040607_2026-09-23T08-20-09.png,15040607,57166,bad,,,FSK,137900000,25.0,GS ChNord UHF,3855.0,2026-09-23T08:20:09Z,https://s3.eu-central-1.wasabisys.com/satnogs-network/data_obs/2026/9/23/8/15040607/waterfall_15040607_2026-09-23T08-20-09.png
satnogs_15046951,9.723283920639926,1.2412205071935394,0.0078125,0.96875,0.008064516129032258,2.85139690448571,0.23529411764705882,0.0,1.0,0.25566316336693073,0.9199222826182912,0.6601798777187898,0,0,station_4397,https://s3.eu-central-1.wasabisys.com/satnogs-network/data_obs/2026/9/23/8/15046951/waterfall_15046951_2026-09-23T08-06-46.png,15046951,43017,bad,,,DUV,145960000,65.0,F6FKQ-VHF,4397.0,2026-09-23T08:06:46Z,https://s3.eu-central-1.wasabisys.com/satnogs-network/data_obs/2026/9/23/8/15046951/waterfall_15046951_2026-09-23T08-06-46.png
satnogs_15043460,2.084789620200385,1.2341185830500114,0.0,0.0,0.0,1.6750724068915588,0.0784313725490196,0.5,0.0,0.5014418083769798,0.9109256172864051,0.7523681919106929,0,0,station_5024,https://s3.eu-central-1.wasabisys.com/satnogs-network/data_obs/2026/9/23/8/15043460/waterfall_15043460_2026-09-23T08-03-41.png,15043460,68446,bad,,,GENESIS FSK,436875000,51.0,INSTED-Ground Station(UHF),5024.0,2026-09-23T08:03:41Z,https://s3.eu-central-1.wasabisys.com/satnogs-network/data_obs/2026/9/23/8/15043460/waterfall_15043460_2026-09-23T08-03-41.png
satnogs_15039722,2.0599312384014934,1.247955349355116,0.0,0.0,0.0,1.2592497756491734,0.5882352941176471,0.5,0.0,0.6046591539030853,0.9249445790188562,0.7719913600270967,0,0,station_3689,https://s3.eu-central-1.wasabisys.com/satnogs-network/data_obs/2026/9/23/7/15039722/waterfall_15039722_2026-09-23T07-59-06.png,15039722,69015,bad,,,FSK AX.100 Mode 5,436150000,13.0,DF0OHM Turnstile VHF (Test UHF),3689.0,2026-09-23T07:59:06Z,https://s3.eu-central-1.wasabisys.com/satnogs-network/data_obs/2026/9/23/7/15039722/waterfall_15039722_2026-09-23T07-59-06.png
satnogs_15039748,2.023472278429786,1.2275008004886359,0.0,0.0,0.0,1.5930280330658049,0.43137254901960786,0.5,0.0,0.6422981009867732,0.9220500415021005,0.7703257400730716,0,0,station_4084,https://s3.eu-central-1.wasabisys.com/satnogs-network/data_obs/2026/9/23/7/15039748/waterfall_15039748_2026-09-23T07-59-04.png,15039748,69015,bad,,,FSK AX.100 Mode 5,436150000,14.0,Astronomiemuseum Turnstile VHF (Test UHF),4084.0,2026-09-23T07:59:04Z,https://s3.eu-central-1.wasabisys.com/satnogs-network/data_obs/2026/9/23/7/15039748/waterfall_15039748_2026-09-23T07-59-04.png
satnogs_15043764,5.458962595390013,0.9201361967041988,0.5078125,0.6875,0.7386363636363636,5.929079447843985,0.13725490196078433,0.0,0.9765625,0.610747681137807,0.9466560199504018,0.821798727920801,0,0,station_4806,https://s3.eu-central-1.wasabisys.com/satnogs-network/data_obs/2026/9/23/7/15043764/waterfall_15043764_2026-09-23T07-36-08.png,15043764,60237,bad,,,GFSK,145935000,12.0,KC1OCA UC-1464-531L (VHF),4806.0,2026-09-23T07:36:08Z,https://s3.eu-central-1.wasabisys.com/satnogs-network/data_obs/2026/9/23/7/15043764/waterfall_15043764_2026-09-23T07-36-08.png
satnogs_15039216,4.951795668463871,0.6776104392227512,0.0,0.546875,0.0,8.06583209377419,0.8627450980392157,0.0,1.0,1.1723332748741744,0.8624918723894263,0.611536394902024,0,0,station_1664,https://s3.eu-central-1.wasabisys.com/satnogs-network/data_obs/2026/9/23/7/15039216/waterfall_15039216_2026-09-23T07-26-00.png,15039216,7530,bad,,,USB,145950000,58.0,DK0SB-VHF/UHF-Hi,1664.0,2026-09-23T07:26:00Z,https://s3.eu-central-1.wasabisys.com/satnogs-network/data_obs/2026/9/23/7/15039216/waterfall_15039216_2026-09-23T07-26-00.png
satnogs_15039185,4.881410688776191,0.9672851126358876,0.0,0.671875,0.0,22.975413743619054,0.8627450980392157,0.0,0.96875,0.8216072671970263,0.9051485120663104,0.6856031083048625,0,0,station_1662,https://s3.eu-central-1.wasabisys.com/satnogs-network/data_obs/2026/9/23/7/15039185/waterfall_15039185_2026-09-23T07-26-00.png,15039185,7530,bad,,,USB,145950000,58.0,DK0SB-VHF-Omni,1662.0,2026-09-23T07:26:00Z,https://s3.eu-central-1.wasabisys.com/satnogs-network/data_obs/2026/9/23/7/15039185/waterfall_15039185_2026-09-23T07-26-00.png
satnogs_15041339,2.33604116696772,1.1968506482949708,0.015625,0.015625,1.0,1.1764508354132552,0.13725490196078433,0.5,0.0,0.5257270324909229,0.908664343472317,0.7378780364023341,0,0,station_5078,https://s3.eu-central-1.wasabisys.com/satnogs-network/data_obs/2026/9/23/7/15041339/waterfall_15041339_2026-09-23T07-17-40.png,15041339,33499,bad,,,AFSK,437445000,16.0,dm43,5078.0,2026-09-23T07:17:40Z,https://s3.eu-central-1.wasabisys.com/satnogs-network/data_obs/2026/9/23/7/15041339/waterfall_15041339_2026-09-23T07-17-40.png
satnogs_15039215,4.317677653371718,0.723328829289034,0.0,0.1328125,0.0,2.072888488288148,0.37254901960784315,0.00980392156862745,0.7890625,0.9447060970701491,0.8388639570529393,0.733543142498965,0,0,station_1664,https://s3.eu-central-1.wasabisys.com/satnogs-network/data_obs/2026/9/23/7/15039215/waterfall_15039215_2026-09-23T07-13-00.png,15039215,7530,bad,,,USB,145950000,76.0,DK0SB-VHF/UHF-Hi,1664.0,2026-09-23T07:13:00Z,https://s3.eu-central-1.wasabisys.com/satnogs-network/data_obs/2026/9/23/7/15039215/waterfall_15039215_2026-09-23T07-13-00.png
satnogs_15039184,2.150556208111662,1.0271952351727676,0.0,0.0,0.0,2.1090126517161796,0.47058823529411764,0.5,0.0,0.8030166745941946,0.9038366669113316,0.7309014010810476,0,0,station_1662,https://s3.eu-central-1.wasabisys.com/satnogs-network/data_obs/2026/9/23/7/15039184/waterfall_15039184_2026-09-23T07-13-00.png,15039184,7530,bad,,,USB,145950000,76.0,DK0SB-VHF-Omni,1662.0,2026-09-23T07:13:00Z,https://s3.eu-central-1.wasabisys.com/satnogs-network/data_obs/2026/9/23/7/15039184/waterfall_15039184_2026-09-23T07-13-00.png
satnogs_15040230,2.1146196783590554,1.2391572795567964,0.0,0.0,0.0,1.5368396860370397,0.47058823529411764,0.5,0.0,0.5526919812847397,0.9181452681439582,0.7670743827499409,0,0,station_5078,https://s3.eu-central-1.wasabisys.com/satnogs-network/data_obs/2026/9/23/7/15040230/waterfall_15040230_2026-09-23T07-10-55.png,15040230,98332,bad,,,GFSK,401540000,23.0,dm43,5078.0,2026-09-23T07:10:55Z,https://s3.eu-central-1.wasabisys.com/satnogs-network/data_obs/2026/9/23/7/15040230/waterfall_15040230_2026-09-23T07-10-55.png
satnogs_15047988,2.109945452721657,1.112760332577863,0.0,0.0,0.0,1.914683446256139,0.6274509803921569,0.5,0.0,0.7578157225616803,0.9091131529108856,0.7478674066884985,0,0,station_3689,https://s3.eu-central-1.wasabisys.com/satnogs-network/data_obs/2026/9/23/7/15047988/waterfall_15047988_2026-09-23T07-08-13.png,15047988,20442,bad,,,CW,437126350,88.0,DF0OHM Turnstile VHF (Test UHF),3689.0,2026-09-23T07:08:13Z,https://s3.eu-central-1.wasabisys.com/satnogs-network/data_obs/2026/9/23/7/15047988/waterfall_15047988_2026-09-23T07-08-13.png
satnogs_15047982,2.213838420413647,1.1953612889915173,0.0,0.0,0.0,1.3590786860112227,0.6078431372549019,0.5,0.0,0.6658300571210701,0.9074652072492247,0.7486784335325999,0,0,station_4084,https://s3.eu-central-1.wasabisys.com/satnogs-network/data_obs/2026/9/23/7/15047982/waterfall_15047982_2026-09-23T07-07-58.png,15047982,20442,bad,,,CW,437126350,90.0,Astronomiemuseum Turnstile VHF (Test UHF),4084.0,2026-09-23T07:07:58Z,https://s3.eu-central-1.wasabisys.com/satnogs-network/data_obs/2026/9/23/7/15047982/waterfall_15047982_2026-09-23T07-07-58.png
satnogs_15040179,12.26489179241102,1.0769903452410237,0.34375,1.0,0.34375,2.9884782565123253,0.6078431372549019,0.0,1.0,0.9415418247039857,0.906393127098276,0.595304401446524,0,0,station_3953,https://s3.eu-central-1.wasabisys.com/satnogs-network/data_obs/2026/9/23/6/15040179/waterfall_15040179_2026-09-23T06-48-51.png,15040179,98332,bad,,,GFSK,401540000,22.0,YL3CT-2,3953.0,2026-09-23T06:48:51Z,https://s3.eu-central-1.wasabisys.com/satnogs-network/data_obs/2026/9/23/6/15040179/waterfall_15040179_2026-09-23T06-48-51.png
satnogs_15040176,3.6160692098518314,1.2112675508551416,0.0859375,0.2734375,0.3142857142857143,2.1976581742218086,0.43137254901960786,0.25980392156862747,1.0,0.6660282626581642,0.9152444292010566,0.7470037125771156,0,0,station_3918,https://s3.eu-central-1.wasabisys.com/satnogs-network/data_obs/2026/9/23/6/15040176/waterfall_15040176_2026-09-23T06-47-41.png,15040176,98332,bad,,,GFSK,401540000,22.0,YL3CT-1,3918.0,2026-09-23T06:47:41Z,https://s3.eu-central-1.wasabisys.com/satnogs-network/data_obs/2026/9/23/6/15040176/waterfall_15040176_2026-09-23T06-47-41.png
satnogs_15036866,2.9344362863181215,1.1033420686499342,0.0078125,0.0234375,0.3333333333333333,1.5175220740489008,0.6274509803921569,0.1568627450980392,0.421875,1.036552513328931,0.8818065583242682,0.7621108951335587,0,0,station_4613,https://s3.eu-central-1.wasabisys.com/satnogs-network/data_obs/2026/9/23/6/15036866/waterfall_15036866_2026-09-23T06-45-50.png,15036866,69015,bad,,,FSK AX.100 Mode 5,436150000,42.0,"Saratoga, CA Ground Station",4613.0,2026-09-23T06:45:50Z,https://s3.eu-central-1.wasabisys.com/satnogs-network/data_obs/2026/9/23/6/15036866/waterfall_15036866_2026-09-23T06-45-50.png
satnogs_15047905,2.0740590853905303,1.1219019300354702,0.0,0.0,0.0,1.318002820188087,0.5490196078431373,0.5,0.0,0.6985786245824928,0.9108360680821834,0.7457983741526766,0,0,station_3689,https://s3.eu-central-1.wasabisys.com/satnogs-network/data_obs/2026/9/23/6/15047905/waterfall_15047905_2026-09-23T06-19-24.png,15047905,27844,bad,,,CW,436835820,62.0,DF0OHM Turnstile VHF (Test UHF),3689.0,2026-09-23T06:19:24Z,https://s3.eu-central-1.wasabisys.com/satnogs-network/data_obs/2026/9/23/6/15047905/waterfall_15047905_2026-09-23T06-19-24.png
satnogs_15038504,2.14150816133819,1.1145975298759732,0.0,0.0,0.0,1.8476114126838992,0.6274509803921569,0.5,0.0,0.6985140384522294,0.9060592801184584,0.7389430873750442,0,0,station_4613,https://s3.eu-central-1.wasabisys.com/satnogs-network/data_obs/2026/9/23/5/15038504/waterfall_15038504_2026-09-23T05-42-56.png,15038504,98495,bad,,,GFSK,401580000,36.0,"Saratoga, CA Ground Station",4613.0,2026-09-23T05:42:56Z,https://s3.eu-central-1.wasabisys.com/satnogs-network/data_obs/2026/9/23/5/15038504/waterfall_15038504_2026-09-23T05-42-56.png
satnogs_15038507,2.1246458923512748,1.267949637362027,0.0,0.0,0.0,1.2498726726627505,0.0,0.5,0.0,0.5910623205372473,0.9183057682719806,0.7578120677982024,0,0,station_1561,https://s3.eu-central-1.wasabisys.com/satnogs-network/data_obs/2026/9/23/5/15038507/waterfall_15038507_2026-09-23T05-41-35.png,15038507,98495,bad,,,GFSK,401580000,66.0,"KK6NOW - Palm Desert, CA, US",1561.0,2026-09-23T05:41:35Z,https://s3.eu-central-1.wasabisys.com/satnogs-network/data_obs/2026/9/23/5/15038507/waterfall_15038507_2026-09-23T05-41-35.png
satnogs_15040229,2.169308118316617,1.2501636631989907,0.0,0.0,0.0,1.7546902464579088,0.6078431372549019,0.5,0.0,0.6216240496113999,0.918088458744421,0.7661036547622079,0,0,station_5078,https://s3.eu-central-1.wasabisys.com/satnogs-network/data_obs/2026/9/23/5/15040229/waterfall_15040229_2026-09-23T05-35-25.png,15040229,98332,bad,,,GFSK,401540000,22.0,dm43,5078.0,2026-09-23T05:35:25Z,https://s3.eu-central-1.wasabisys.com/satnogs-network/data_obs/2026/9/23/5/15040229/waterfall_15040229_2026-09-23T05-35-25.png
satnogs_15038589,2.1445347224384053,1.1270443021401195,0.0,0.0,0.0,1.6267564648055446,0.47058823529411764,0.5,0.0,0.6505168157717576,0.9112175082365557,0.7500961342692243,0,0,station_3689,https://s3.eu-central-1.wasabisys.com/satnogs-network/data_obs/2026/9/23/5/15038589/waterfall_15038589_2026-09-23T05-34-05.png,15038589,67369,bad,,,GFSK,401050000,52.0,DF0OHM Turnstile VHF (Test UHF),3689.0,2026-09-23T05:34:05Z,https://s3.eu-central-1.wasabisys.com/satnogs-network/data_obs/2026/9/23/5/15038589/waterfall_15038589_2026-09-23T05-34-05.png
satnogs_15039183,7.972747023365799,0.9629944586303284,0.0,0.9453125,0.0,34.99636803675964,0.8627450980392157,0.0,0.9921875,0.8237948587660324,0.9142790293914093,0.6342051538392773,0,0,station_1662,https://s3.eu-central-1.wasabisys.com/satnogs-network/data_obs/2026/9/23/5/15039183/waterfall_15039183_2026-09-23T05-33-10.png,15039183,7530,bad,,,USB,145950000,27.0,DK0SB-VHF-Omni,1662.0,2026-09-23T05:33:10Z,https://s3.eu-central-1.wasabisys.com/satnogs-network/data_obs/2026/9/23/5/15039183/waterfall_15039183_2026-09-23T05-33-10.png
satnogs_15039213,3.083738850338738,0.8910345299592924,0.0,0.2109375,0.0,2.691361170766317,0.4117647058823529,0.0,0.2421875,0.8723394525176388,0.9002312274995689,0.6352535380418597,0,0,station_1664,https://s3.eu-central-1.wasabisys.com/satnogs-network/data_obs/2026/9/23/5/15039213/waterfall_15039213_2026-09-23T05-20-10.png,15039213,7530,bad,,,USB,145950000,31.0,DK0SB-VHF/UHF-Hi,1664.0,2026-09-23T05:20:10Z,https://s3.eu-central-1.wasabisys.com/satnogs-network/data_obs/2026/9/23/5/15039213/waterfall_15039213_2026-09-23T05-20-10.png
satnogs_15039182,2.2089572372858495,1.0643020930043405,0.0,0.0546875,0.0,1.960652060635398,0.6078431372549019,0.0,0.09375,0.6758214704203088,0.9014640212332096,0.7087661070282834,0,0,station_1662,https://s3.eu-central-1.wasabisys.com/satnogs-network/data_obs/2026/9/23/5/15039182/waterfall_15039182_2026-09-23T05-20-10.png,15039182,7530,bad,,,USB,145950000,31.0,DK0SB-VHF-Omni,1662.0,2026-09-23T05:20:10Z,https://s3.eu-central-1.wasabisys.com/satnogs-network/data_obs/2026/9/23/5/15039182/waterfall_15039182_2026-09-23T05-20-10.png
satnogs_15047766,2.39993223720742,0.9389584939977704,0.0,0.015625,0.0,2.169212047275848,0.6470588235294118,0.5,0.0,0.8347525696005753,0.912228318542071,0.7350259245239067,0,0,station_4084,https://s3.eu-central-1.wasabisys.com/satnogs-network/data_obs/2026/9/23/5/15047766/waterfall_15047766_2026-09-23T05-06-46.png,15047766,39444,bad,,,USB,145960000,14.0,Astronomiemuseum Turnstile VHF (Test UHF),4084.0,2026-09-23T05:06:46Z,https://s3.eu-central-1.wasabisys.com/satnogs-network/data_obs/2026/9/23/5/15047766/waterfall_15047766_2026-09-23T05-06-46.png
satnogs_15039517,7.058624227080648,1.8646027733842074,0.7265625,0.8515625,0.8532110091743119,11.277061734620727,0.0392156862745098,0.0,0.984375,0.5441174853884962,0.9107853397827347,0.7100183062294501,0,0,station_1662,https://s3.eu-central-1.wasabisys.com/satnogs-network/data_obs/2026/9/23/5/15039517/waterfall_15039517_2026-09-23T05-03-30.png,15039517,39444,bad,,,BPSK,145935000,21.0,DK0SB-VHF-Omni,1662.0,2026-09-23T05:03:30Z,https://s3.eu-central-1.wasabisys.com/satnogs-network/data_obs/2026/9/23/5/15039517/waterfall_15039517_2026-09-23T05-03-30.png
satnogs_15045625,2.0913770913770984,1.2553242145185157,0.0,0.0,0.0,1.8428828170215352,0.45098039215686275,0.5,0.0,0.5774653197793242,0.922598225999014,0.771040267308828,0,0,station_4643,https://s3.eu-central-1.wasabisys.com/satnogs-network/data_obs/2026/9/23/5/15045625/waterfall_15045625_2026-09-23T05-02-50.png,15045625,67683,bad,,,FSK,400630000,26.0,CosmoBee_GS1,4643.0,2026-09-23T05:02:50Z,https://s3.eu-central-1.wasabisys.com/satnogs-network/data_obs/2026/9/23/5/15045625/waterfall_15045625_2026-09-23T05-02-50.png
satnogs_15047698,2.0188351544583902,1.1418747297077472,0.0,0.0,0.0,1.2876000377037522,0.5882352941176471,0.5,0.0,0.6651660560090198,0.912736461166517,0.7465728748715965,0,0,station_3689,https://s3.eu-central-1.wasabisys.com/satnogs-network/data_obs/2026/9/23/4/15047698/waterfall_15047698_2026-09-23T04-54-19.png,15047698,24278,bad,,,CW,435796000,79.0,DF0OHM Turnstile VHF (Test UHF),3689.0,2026-09-23T04:54:19Z,https://s3.eu-central-1.wasabisys.com/satnogs-network/data_obs/2026/9/23/4/15047698/waterfall_15047698_2026-09-23T04-54-19.png
satnogs_15042774,2.0944713057431112,1.179818831886415,0.0,0.0,0.0,1.6249095569208896,0.7058823529411765,0.5,0.0,0.72098926280763,0.9200830124256599,0.764170565081141,0,0,station_3068,https://s3.eu-central-1.wasabisys.com/satnogs-network/data_obs/2026/9/23/4/15042774/waterfall_15042774_2026-09-23T04-54-06.png,15042774,67683,bad,,,FSK,400630000,26.0,Mahanakorn Ground Station,3068.0,2026-09-23T04:54:06Z,https://s3.eu-central-1.wasabisys.com/satnogs-network/data_obs/2026/9/23/4/15042774/waterfall_15042774_2026-09-23T04-54-06.png
satnogs_15047984,2.3729428031836024,1.1693642577427572,0.0,0.0,0.0,1.508932184771927,0.0196078431372549,0.5,0.0,0.6193263222968076,0.9074578361898361,0.7378202329793403,0,0,station_4000,https://s3.eu-central-1.wasabisys.com/satnogs-network/data_obs/2026/9/23/4/15047984/waterfall_15047984_2026-09-23T04-50-54.png,15047984,27607,bad,,,FM,436793000,66.0,OnB Space,4000.0,2026-09-23T04:50:54Z,https://s3.eu-central-1.wasabisys.com/satnogs-network/data_obs/2026/9/23/4/15047984/waterfall_15047984_2026-09-23T04-50-54.png
satnogs_15045765,2.236469360369763,1.1965750591275723,0.0078125,0.015625,0.5,1.7210457432072437,0.4117647058823529,0.5,0.0,0.6679503492213513,0.9195556162041654,0.7594419095361157,0,0,station_4923,https://s3.eu-central-1.wasabisys.com/satnogs-network/data_obs/2026/9/23/4/15045765/waterfall_15045765_2026-09-23T04-40-00.png,15045765,67683,bad,,,FSK,400630000,17.0,ffzero,4923.0,2026-09-23T04:40:00Z,https://s3.eu-central-1.wasabisys.com/satnogs-network/data_obs/2026/9/23/4/15045765/waterfall_15045765_2026-09-23T04-40-00.png
satnogs_15040613,4.228487686601814,0.6655620656709761,0.0,0.75,0.0,4.856369165016852,0.3137254901960784,0.0,1.0,0.6361570695910491,0.9848719844333276,0.8802106859899499,0,0,station_3855,https://s3.eu-central-1.wasabisys.com/satnogs-network/data_obs/2026/9/23/4/15040613/waterfall_15040613_2026-09-23T04-34-30.png,15040613,59051,bad,,,FSK,137900000,25.0,GS ChNord UHF,3855.0,2026-09-23T04:34:30Z,https://s3.eu-central-1.wasabisys.com/satnogs-network/data_obs/2026/9/23/4/15040613/waterfall_15040613_2026-09-23T04-34-30.png
satnogs_15042440,2.1920949682989344,1.147681983558296,0.0,0.0,0.0,2.0628241313747466,0.0784313725490196,0.5,0.0,0.5656570835114558,0.905854499835703,0.7385604906992312,0,0,station_5024,https://s3.eu-central-1.wasabisys.com/satnogs-network/data_obs/2026/9/23/4/15042440/waterfall_15042440_2026-09-23T04-23-15.png,15042440,98248,bad,,,CW,435175000,26.0,INSTED-Ground Station(UHF),5024.0,2026-09-23T04:23:15Z,https://s3.eu-central-1.wasabisys.com/satnogs-network/data_obs/2026/9/23/4/15042440/waterfall_15042440_2026-09-23T04-23-15.png
satnogs_15043866,5.786225911631846,1.5208687029707206,0.6875,0.9296875,0.7394957983193278,1.8621810098592952,0.21568627450980393,0.0,1.0,0.44163216361369384,0.9194659724591473,0.7209175259615777,0,0,station_4803,https://s3.eu-central-1.wasabisys.com/satnogs-network/data_obs/2026/9/23/4/15043866/waterfall_15043866_2026-09-23T04-18-51.png,15043866,60237,bad,,,GFSK,436785000,12.0,KC1OCA  UC-4364-531R (UHF),4803.0,2026-09-23T04:18:51Z,https://s3.eu-central-1.wasabisys.com/satnogs-network/data_obs/2026/9/23/4/15043866/waterfall_15043866_2026-09-23T04-18-51.png
satnogs_15043751,7.494794016724273,1.1450673485179947,0.7421875,0.8828125,0.8407079646017699,5.360177625579577,0.11764705882352941,0.0,1.0,0.635502741591162,0.9537124095279268,0.7682631289351178,0,0,station_4806,https://s3.eu-central-1.wasabisys.com/satnogs-network/data_obs/2026/9/23/4/15043751/waterfall_15043751_2026-09-23T04-18-51.png,15043751,60237,bad,,,GFSK,145935000,12.0,KC1OCA UC-1464-531L (VHF),4806.0,2026-09-23T04:18:51Z,https://s3.eu-central-1.wasabisys.com/satnogs-network/data_obs/2026/9/23/4/15043751/waterfall_15043751_2026-09-23T04-18-51.png
satnogs_15045580,2.267038386018556,1.3123708328153423,0.0,0.015625,0.0,1.427454128088973,0.4117647058823529,0.5,0.0,0.5742062834980808,0.9189910963118864,0.7536945118927317,0,0,station_4186,https://s3.eu-central-1.wasabisys.com/satnogs-network/data_obs/2026/9/23/4/15045580/waterfall_15045580_2026-09-23T04-13-30.png,15045580,67683,bad,,,FSK,400630000,59.0,IAR-GS,4186.0,2026-09-23T04:13:30Z,https://s3.eu-central-1.wasabisys.com/satnogs-network/data_obs/2026/9/23/4/15045580/waterfall_15045580_2026-09-23T04-13-30.png
satnogs_15045833,3.3226699556121075,1.1704988888851102,0.0078125,0.2109375,0.037037037037037035,1.504813942872513,0.5490196078431373,0.0,0.9921875,0.5247258543234616,0.9105929991313868,0.747019086125876,0,0,station_3020,https://s3.eu-central-1.wasabisys.com/satnogs-network/data_obs/2026/9/23/3/15045833/waterfall_15045833_2026-09-23T03-58-46.png,15045833,98332,bad,,,GFSK,401540000,60.0,Jim UHF,3020.0,2026-09-23T03:58:46Z,https://s3.eu-central-1.wasabisys.com/satnogs-network/data_obs/2026/9/23/3/15045833/waterfall_15045833_2026-09-23T03-58-46.png
satnogs_15045681,2.431313566004147,-0.2140273527517379,0.0,0.0,0.0,1.6159712611611299,0.29411764705882354,0.5,0.0,1.11950389810767,0.8325217926576371,0.490754180807046,0,0,station_5165,https://s3.eu-central-1.wasabisys.com/satnogs-network/data_obs/2026/9/23/3/15045681/waterfall_15045681_2026-09-23T03-49-00.png,15045681,67683,bad,,,FSK,400630000,25.0,KI7CFO,5165.0,2026-09-23T03:49:00Z,https://s3.eu-central-1.wasabisys.com/satnogs-network/data_obs/2026/9/23/3/15045681/waterfall_15045681_2026-09-23T03-49-00.png
satnogs_15042735,12.121308938067575,0.9246709717135699,0.0,0.8984375,0.0,13.559195469138723,0.37254901960784315,0.0,1.0,0.7951995471422827,0.9231089625915949,0.744240058850168,0,0,station_2148,https://s3.eu-central-1.wasabisys.com/satnogs-network/data_obs/2026/9/23/3/15042735/waterfall_15042735_2026-09-23T03-48-55.png,15042735,67683,bad,,,FSK,400630000,62.0,KK6OAK Oakwood School,2148.0,2026-09-23T03:48:55Z,https://s3.eu-central-1.wasabisys.com/satnogs-network/data_obs/2026/9/23/3/15042735/waterfall_15042735_2026-09-23T03-48-55.png
satnogs_15047267,2.169308118316617,1.3098702366636878,0.0,0.0,0.0,1.6287242302568459,0.09803921568627451,0.5,0.0,0.5424568180548048,0.9194186949800398,0.7688351984621692,0,0,station_5104,https://s3.eu-central-1.wasabisys.com/satnogs-network/data_obs/2026/9/23/3/15047267/waterfall_15047267_2026-09-23T03-37-29.png,15047267,60237,bad,,,GFSK,436785000,46.0,VK4ATW - Discone,5104.0,2026-09-23T03:37:29Z,https://s3.eu-central-1.wasabisys.com/satnogs-network/data_obs/2026/9/23/3/15047267/waterfall_15047267_2026-09-23T03-37-29.png
satnogs_15047424,2.109945452721657,1.151368061570528,0.0,0.0,0.0,1.3489815189531884,0.47058823529411764,0.5,0.0,0.669551201930808,0.9072598365670298,0.7476739172680141,0,0,station_3689,https://s3.eu-central-1.wasabisys.com/satnogs-network/data_obs/2026/9/23/3/15047424/waterfall_15047424_2026-09-23T03-31-19.png,15047424,39444,bad,,,USB,145960000,73.0,DF0OHM Turnstile VHF (Test UHF),3689.0,2026-09-23T03:31:19Z,https://s3.eu-central-1.wasabisys.com/satnogs-network/data_obs/2026/9/23/3/15047424/waterfall_15047424_2026-09-23T03-31-19.png
satnogs_15045624,2.169308118316617,1.280057999771381,0.0,0.0,0.0,1.3309148021814943,0.5882352941176471,0.5,0.0,0.5735555846724377,0.9194705384092683,0.769089199296931,0,0,station_4643,https://s3.eu-central-1.wasabisys.com/satnogs-network/data_obs/2026/9/23/3/15045624/waterfall_15045624_2026-09-23T03-27-35.png,15045624,67683,bad,,,FSK,400630000,23.0,CosmoBee_GS1,4643.0,2026-09-23T03:27:35Z,https://s3.eu-central-1.wasabisys.com/satnogs-network/data_obs/2026/9/23/3/15045624/waterfall_15045624_2026-09-23T03-27-35.png
satnogs_15041751,2.4139669286530774,1.1346646251314005,0.0,0.015625,0.0,5.3075875325839394,0.6470588235294118,0.5,0.0,0.6779868490007872,0.9211218919627964,0.7552471113138843,0,0,station_4856,https://s3.eu-central-1.wasabisys.com/satnogs-network/data_obs/2026/9/23/3/15041751/waterfall_15041751_2026-09-23T03-26-43.png,15041751,67683,bad,,,FSK,145825000,73.0,biGS,4856.0,2026-09-23T03:26:43Z,https://s3.eu-central-1.wasabisys.com/satnogs-network/data_obs/2026/9/23/3/15041751/waterfall_15041751_2026-09-23T03-26-43.png
satnogs_15042813,2.1832200898847685,1.2118515961625445,0.0,0.0,0.0,1.4827167557459622,0.6078431372549019,0.5,0.0,0.5892111952466261,0.911561069895485,0.7548868915849785,0,0,station_3655,https://s3.eu-central-1.wasabisys.com/satnogs-network/data_obs/2026/9/23/3/15042813/waterfall_15042813_2026-09-23T03-23-59.png,15042813,67683,bad,,,FSK,400630000,42.0,SPL-NCU-02,3655.0,2026-09-23T03:23:59Z,https://s3.eu-central-1.wasabisys.com/satnogs-network/data_obs/2026/9/23/3/15042813/waterfall_15042813_2026-09-23T03-23-59.png
satnogs_15045648,2.041222035258117,1.282924036992164,0.0,0.0,0.0,2.0355665954962605,0.6078431372549019,0.5,0.0,0.5746669039823384,0.9222568401166289,0.7699629467377231,0,0,station_5017,https://s3.eu-central-1.wasabisys.com/satnogs-network/data_obs/2026/9/23/3/15045648/waterfall_15045648_2026-09-23T03-15-38.png,15045648,67683,bad,,,FSK,400630000,56.0,verdGS,5017.0,2026-09-23T03:15:38Z,https://s3.eu-central-1.wasabisys.com/satnogs-network/data_obs/2026/9/23/3/15045648/waterfall_15045648_2026-09-23T03-15-38.png
satnogs_15046933,2.1473583362928337,1.3192498772070547,0.0,0.0,0.0,1.5109080009213975,0.0,0.5,0.0,0.49945377568779303,0.9215561002843926,0.7677594984313827,0,0,station_3677,https://s3.eu-central-1.wasabisys.com/satnogs-network/data_obs/2026/9/23/2/15046933/waterfall_15046933_2026-09-23T02-53-34.png,15046933,98526,bad,,,GFSK,436025000,40.0,SOBE01,3677.0,2026-09-23T02:53:34Z,https://s3.eu-central-1.wasabisys.com/satnogs-network/data_obs/2026/9/23/2/15046933/waterfall_15046933_2026-09-23T02-53-34.png
satnogs_15042439,2.191736196618367,1.3022066610985301,0.0,0.1015625,0.0,1.3181144746817197,0.0196078431372549,0.0,0.1015625,0.4456986819352244,0.9193025649598425,0.7015178492089337,0,0,station_5024,https://s3.eu-central-1.wasabisys.com/satnogs-network/data_obs/2026/9/23/2/15042439/waterfall_15042439_2026-09-23T02-45-27.png,15042439,67291,bad,,,SSTV,436950000,6.0,INSTED-Ground Station(UHF),5024.0,2026-09-23T02:45:27Z,https://s3.eu-central-1.wasabisys.com/satnogs-network/data_obs/2026/9/23/2/15042439/waterfall_15042439_2026-09-23T02-45-27.png
satnogs_15047045,3.2736221652652318,1.4849404508419675,0.0546875,0.0546875,1.0,2.0696427768463392,0.0,0.024509803921568627,0.765625,1.9533704648343193,0.9081431191847519,0.78680373556646,0,0,station_4326,https://s3.eu-central-1.wasabisys.com/satnogs-network/data_obs/2026/9/23/2/15047045/waterfall_15047045_2026-09-23T02-28-10.png,15047045,57172,bad,,,SSTV,437625000,69.0,KB9LEB_Debian_12,4326.0,2026-09-23T02:28:10Z,https://s3.eu-central-1.wasabisys.com/satnogs-network/data_obs/2026/9/23/2/15047045/waterfall_15047045_2026-09-23T02-28-10.png
satnogs_15045738,2.173359113869029,1.2960785608703667,0.0,0.0,0.0,1.4956099449263627,0.5490196078431373,0.5,0.0,0.5560820189199444,0.920973965228866,0.772943204197621,0,0,station_4343,https://s3.eu-central-1.wasabisys.com/satnogs-network/data_obs/2026/9/23/2/15045738/waterfall_15045738_2026-09-23T02-19-49.png,15045738,67683,bad,,,FSK,400630000,19.0,W8DLS,4343.0,2026-09-23T02:19:49Z,https://s3.eu-central-1.wasabisys.com/satnogs-network/data_obs/2026/9/23/2/15045738/waterfall_15045738_2026-09-23T02-19-49.png
satnogs_15042877,2.2993577349101497,1.2550921572595044,0.0,0.015625,0.0,4.71821834927984,0.5882352941176471,0.5,0.0,0.6871133039157746,0.92116631033661,0.7706781108986844,0,0,station_2303,https://s3.eu-central-1.wasabisys.com/satnogs-network/data_obs/2026/9/23/2/15042877/waterfall_15042877_2026-09-23T02-18-56.png,15042877,67683,bad,,,FSK,400630000,66.0,Rhodes College,2303.0,2026-09-23T02:18:56Z,https://s3.eu-central-1.wasabisys.com/satnogs-network/data_obs/2026/9/23/2/15042877/waterfall_15042877_2026-09-23T02-18-56.png
satnogs_15044462,2.356301349623897,1.0180255411890915,0.0,0.0,0.0,1.6174086641508736,0.35294117647058826,0.5,0.0,0.7908040579184821,0.9103920278552591,0.7374933847592894,0,0,station_4000,https://s3.eu-central-1.wasabisys.com/satnogs-network/data_obs/2026/9/23/2/15044462/waterfall_15044462_2026-09-23T02-18-04.png,15044462,62695,bad,,,GMSK,401540000,60.0,OnB Space,4000.0,2026-09-23T02:18:04Z,https://s3.eu-central-1.wasabisys.com/satnogs-network/data_obs/2026/9/23/2/15044462/waterfall_15044462_2026-09-23T02-18-04.png
satnogs_15045728,2.1682067539008116,1.2967277720027264,0.0,0.0,0.0,1.3735263064159449,0.09803921568627451,0.5,0.0,0.6217859287453206,0.9215704178560004,0.7750503261691722,0,0,station_4196,https://s3.eu-central-1.wasabisys.com/satnogs-network/data_obs/2026/9/23/2/15045728/waterfall_15045728_2026-09-23T02-17-22.png,15045728,67683,bad,,,FSK,400630000,20.0,KC9POS,4196.0,2026-09-23T02:17:22Z,https://s3.eu-central-1.wasabisys.com/satnogs-network/data_obs/2026/9/23/2/15045728/waterfall_15045728_2026-09-23T02-17-22.png
satnogs_15047044,2.1920949682989344,1.1468590180406442,0.0,0.015625,0.0,2.06277331480874,0.5490196078431373,0.5,0.0,0.6030912575752457,0.9087375796751106,0.7352840007151097,0,0,station_4326,https://s3.eu-central-1.wasabisys.com/satnogs-network/data_obs/2026/9/23/2/15047044/waterfall_15047044_2026-09-23T02-13-29.png,15047044,43017,bad,,,DUV,145960000,84.0,KB9LEB_Debian_12,4326.0,2026-09-23T02:13:29Z,https://s3.eu-central-1.wasabisys.com/satnogs-network/data_obs/2026/9/23/2/15047044/waterfall_15047044_2026-09-23T02-13-29.png
satnogs_15042871,2.9499602799886224,1.129195136899582,0.0,0.203125,0.0,1.6192670272837921,0.6666666666666666,0.0,0.4296875,0.7409147943658632,0.9147094228924895,0.7506626020310739,0,0,station_2009,https://s3.eu-central-1.wasabisys.com/satnogs-network/data_obs/2026/9/23/2/15042871/waterfall_15042871_2026-09-23T02-13-19.png,15042871,67683,bad,,,FSK,400630000,18.0,VA6RPI UHF Alberta Canada.,2009.0,2026-09-23T02:13:19Z,https://s3.eu-central-1.wasabisys.com/satnogs-network/data_obs/2026/9/23/2/15042871/waterfall_15042871_2026-09-23T02-13-19.png
satnogs_15045680,2.510069183480758,-0.13970465133645527,0.0,0.0,0.0,2.01741454497392,0.2549019607843137,0.5,0.0,1.1502219758126528,0.7856677014486274,0.4816576309630794,0,0,station_5165,https://s3.eu-central-1.wasabisys.com/satnogs-network/data_obs/2026/9/23/2/15045680/waterfall_15045680_2026-09-23T02-13-18.png,15045680,67683,bad,,,FSK,400630000,40.0,KI7CFO,5165.0,2026-09-23T02:13:18Z,https://s3.eu-central-1.wasabisys.com/satnogs-network/data_obs/2026/9/23/2/15045680/waterfall_15045680_2026-09-23T02-13-18.png
satnogs_15042373,2.002394442196142,1.1860273721740822,0.0,0.0,0.0,2.969269829185941,0.7058823529411765,0.5,0.0,0.9194737765226452,0.9063532333072721,0.749335030834393,0,0,station_3050,https://s3.eu-central-1.wasabisys.com/satnogs-network/data_obs/2026/9/23/1/15042373/waterfall_15042373_2026-09-23T01-59-27.png,15042373,40908,bad,,,AFSK,144390000,37.0,station-02,3050.0,2026-09-23T01:59:27Z,https://s3.eu-central-1.wasabisys.com/satnogs-network/data_obs/2026/9/23/1/15042373/waterfall_15042373_2026-09-23T01-59-27.png
satnogs_15045881,2.196418627013528,1.1310993217654608,0.0,0.0,0.0,1.2983590623751373,0.5098039215686274,0.5,0.0,0.8712117193817341,0.9230908917263182,0.7631196620548623,0,0,station_4000,https://s3.eu-central-1.wasabisys.com/satnogs-network/data_obs/2026/9/23/1/15045881/waterfall_15045881_2026-09-23T01-53-40.png,15045881,98332,bad,,,GFSK,401540000,69.0,OnB Space,4000.0,2026-09-23T01:53:40Z,https://s3.eu-central-1.wasabisys.com/satnogs-network/data_obs/2026/9/23/1/15045881/waterfall_15045881_2026-09-23T01-53-40.png
satnogs_15041759,2.08628423040605,1.153828652565842,0.0,0.0,0.0,1.7656364212461444,0.29411764705882354,0.5,0.0,0.6022761447699543,0.908345028762728,0.7447952225044748,0,0,station_4856,https://s3.eu-central-1.wasabisys.com/satnogs-network/data_obs/2026/9/23/1/15041759/waterfall_15041759_2026-09-23T01-53-26.png,15041759,33499,bad,,,CW,437387000,22.0,biGS,4856.0,2026-09-23T01:53:26Z,https://s3.eu-central-1.wasabisys.com/satnogs-network/data_obs/2026/9/23/1/15041759/waterfall_15041759_2026-09-23T01-53-26.png
satnogs_15045736,2.3516029181751565,1.1953378319400652,0.0,0.1484375,0.0,1.5397590147905456,0.2549019607843137,0.004901960784313725,0.1484375,0.5809799764097706,0.909413218949705,0.7546500956107547,0,0,station_4330,https://s3.eu-central-1.wasabisys.com/satnogs-network/data_obs/2026/9/23/1/15045736/waterfall_15045736_2026-09-23T01-40-00.png,15045736,67683,bad,,,FSK,400630000,22.0,I LOVE BALI,4330.0,2026-09-23T01:40:00Z,https://s3.eu-central-1.wasabisys.com/satnogs-network/data_obs/2026/9/23/1/15045736/waterfall_15045736_2026-09-23T01-40-00.png
satnogs_15038870,2.2932685822204237,1.2077104212789933,0.0234375,0.0234375,1.0,1.8238946986329654,0.11764705882352941,0.00980392156862745,0.140625,0.5330039854729224,0.9108375383811543,0.7364497920045084,0,0,station_1190,https://s3.eu-central-1.wasabisys.com/satnogs-network/data_obs/2026/9/23/1/15038870/waterfall_15038870_2026-09-23T01-39-05.png,15038870,68416,bad,,,GFSK Pkst,400500000,45.0,om3tps_home,1190.0,2026-09-23T01:39:05Z,https://s3.eu-central-1.wasabisys.com/satnogs-network/data_obs/2026/9/23/1/15038870/waterfall_15038870_2026-09-23T01-39-05.png
satnogs_15047189,2.3973211201152944,0.7794535453924539,0.0078125,0.015625,0.5,4.113325434771863,0.5490196078431373,0.5,0.0,1.2026539339351052,0.8953978890639511,0.7074412078963831,0,0,station_4084,https://s3.eu-central-1.wasabisys.com/satnogs-network/data_obs/2026/9/23/1/15047189/waterfall_15047189_2026-09-23T01-37-18.png,15047189,59112,bad,,,AFSK,145825000,14.0,Astronomiemuseum Turnstile VHF (Test UHF),4084.0,2026-09-23T01:37:18Z,https://s3.eu-central-1.wasabisys.com/satnogs-network/data_obs/2026/9/23/1/15047189/waterfall_15047189_2026-09-23T01-37-18.png
satnogs_15038851,2.047561234125378,1.799757172699108,0.0,0.0,0.0,1.1092259019756916,0.6862745098039216,0.5,0.0,0.4626577594341381,0.9565709518789165,0.8464491387173836,0,0,station_3918,https://s3.eu-central-1.wasabisys.com/satnogs-network/data_obs/2026/9/23/1/15038851/waterfall_15038851_2026-09-23T01-35-49.png,15038851,68416,bad,,,GFSK Pkst,400500000,67.0,YL3CT-1,3918.0,2026-09-23T01:35:49Z,https://s3.eu-central-1.wasabisys.com/satnogs-network/data_obs/2026/9/23/1/15038851/waterfall_15038851_2026-09-23T01-35-49.png
satnogs_15046932,2.1583704303251046,1.318479410177669,0.0,0.0,0.0,1.207069978169731,0.6078431372549019,0.5,0.0,0.46986300140027826,0.9253703486943212,0.769015228371323,0,0,station_3677,https://s3.eu-central-1.wasabisys.com/satnogs-network/data_obs/2026/9/23/1/15046932/waterfall_15046932_2026-09-23T01-14-37.png,15046932,98526,bad,,,GFSK,436025000,46.0,SOBE01,3677.0,2026-09-23T01:14:37Z,https://s3.eu-central-1.wasabisys.com/satnogs-network/data_obs/2026/9/23/1/15046932/waterfall_15046932_2026-09-23T01-14-37.png
satnogs_15047370,3.8951841359773374,1.1497990662270574,0.2109375,0.453125,0.46551724137931033,2.659042624780206,0.11764705882352941,0.00980392156862745,0.921875,1.0237454098753993,0.9111201550054198,0.7228520093492935,0,0,station_4595,https://s3.eu-central-1.wasabisys.com/satnogs-network/data_obs/2026/9/23/1/15047370/waterfall_15047370_2026-09-23T01-07-36.png,15047370,60237,bad,,,GFSK,436785000,38.0,EA4TA,4595.0,2026-09-23T01:07:36Z,https://s3.eu-central-1.wasabisys.com/satnogs-network/data_obs/2026/9/23/1/15047370/waterfall_15047370_2026-09-23T01-07-36.png
satnogs_15044544,2.3607176581680833,1.1230705100737177,0.0,0.0390625,0.0,1.4658385806254264,0.13725490196078433,0.00980392156862745,0.1484375,0.7155454075124248,0.9070659585401658,0.735981639073827,0,0,station_4000,https://s3.eu-central-1.wasabisys.com/satnogs-network/data_obs/2026/9/23/0/15044544/waterfall_15044544_2026-09-23T00-55-33.png,15044544,58300,bad,,,FSK AX.100 Mode 5,401415000,71.0,OnB Space,4000.0,2026-09-23T00:55:33Z,https://s3.eu-central-1.wasabisys.com/satnogs-network/data_obs/2026/9/23/0/15044544/waterfall_15044544_2026-09-23T00-55-33.png
satnogs_15057757,1.3864532278130013,1.4618818318364488,0.0,0.0,0.0,1.0314881212503209,0.11764705882352941,0.5,0.0,0.25321331040877554,0.9926103627768146,0.9122196916000969,1,0,station_4084,https://s3.eu-central-1.wasabisys.com/satnogs-network/data_obs/2026/9/24/19/15057757/waterfall_15057757_2026-09-24T19-21-48.png,15057757,57166,good,unknown,status,FSK,137900000,71.0,Astronomiemuseum Turnstile VHF (Test UHF),4084.0,2026-09-24T19:21:48Z,https://s3.eu-central-1.wasabisys.com/satnogs-network/data_obs/2026/9/24/19/15057757/waterfall_15057757_2026-09-24T19-21-48.png
satnogs_15053220,0.9707988387842323,1.7397392319190033,0.0,0.0,0.0,0.9047615211151068,0.0392156862745098,0.5,0.0,0.2401890977668177,1.0021755994966648,0.9373436628884856,1,0,station_2381,https://s3.eu-central-1.wasabisys.com/satnogs-network/data_obs/2026/9/24/19/15053220/waterfall_15053220_2026-09-24T19-20-50.png,15053220,57166,good,unknown,status,FSK,137900000,68.0,Piszkesteto VHF,2381.0,2026-09-24T19:20:50Z,https://s3.eu-central-1.wasabisys.com/satnogs-network/data_obs/2026/9/24/19/15053220/waterfall_15053220_2026-09-24T19-20-50.png
satnogs_15047147,1.2051562834765635,1.7055547822153356,0.0,0.0,0.0,1.0017922134574897,0.0392156862745098,0.5,0.0,0.35578456508727346,1.0032219964764848,0.9328561319699006,1,0,station_39,https://s3.eu-central-1.wasabisys.com/satnogs-network/data_obs/2026/9/24/19/15047147/waterfall_15047147_2026-09-24T19-20-27.png,15047147,57166,good,unknown,status,FSK,137900000,57.0,CGBSAT-VHF,39.0,2026-09-24T19:20:27Z,https://s3.eu-central-1.wasabisys.com/satnogs-network/data_obs/2026/9/24/19/15047147/waterfall_15047147_2026-09-24T19-20-27.png
satnogs_15058054,1.814884683323935,1.2987007750614246,0.0,0.0,0.0,0.9469531144800172,0.0392156862745098,0.5,0.0,0.6671637182311195,0.980308439728339,0.9204155082637588,1,0,station_5026,https://s3.eu-central-1.wasabisys.com/satnogs-network/data_obs/2026/9/24/19/15058054/waterfall_15058054_2026-09-24T19-18-02.png,15058054,57166,good,unknown,status,FSK,137900000,63.0,NKUA EVRIPOS - VHF,5026.0,2026-09-24T19:18:02Z,https://s3.eu-central-1.wasabisys.com/satnogs-network/data_obs/2026/9/24/19/15058054/waterfall_15058054_2026-09-24T19-18-02.png
satnogs_15057745,1.7394761691764824,1.4706937876164332,0.0,0.0,0.0,0.9769260511471304,0.17647058823529413,0.5,0.0,0.4198999413609485,0.9471816663740816,0.8536505484493648,1,0,station_5026,https://s3.eu-central-1.wasabisys.com/satnogs-network/data_obs/2026/9/24/17/15057745/waterfall_15057745_2026-09-24T17-40-42.png,15057745,57166,good,with-signal,waterfall,FSK,137900000,17.0,NKUA EVRIPOS - VHF,5026.0,2026-09-24T17:40:42Z,https://s3.eu-central-1.wasabisys.com/satnogs-network/data_obs/2026/9/24/17/15057745/waterfall_15057745_2026-09-24T17-40-42.png
satnogs_15047038,1.2395824079649151,1.4384614482841434,0.0,0.0,0.0,1.1111023273596736,0.0392156862745098,0.5,0.0,0.46630496247025194,0.9907244283447899,0.9211390155328291,1,0,station_4326,https://s3.eu-central-1.wasabisys.com/satnogs-network/data_obs/2026/9/24/14/15047038/waterfall_15047038_2026-09-24T14-48-37.png,15047038,57166,good,with-signal,waterfall,FSK,137900000,90.0,KB9LEB_Debian_12,4326.0,2026-09-24T14:48:37Z,https://s3.eu-central-1.wasabisys.com/satnogs-network/data_obs/2026/9/24/14/15047038/waterfall_15047038_2026-09-24T14-48-37.png
satnogs_15054698,2.031407463835393,1.5420369947679125,0.0,0.0,0.0,0.8996343649046705,0.45098039215686275,0.5,0.0,1.0386857906849365,0.9939209782148257,0.9217946700142235,1,0,station_4434,https://s3.eu-central-1.wasabisys.com/satnogs-network/data_obs/2026/9/24/12/15054698/waterfall_15054698_2026-09-24T12-29-39.png,15054698,57166,good,unknown,status,FSK,137900000,40.0,"JF6FYI Nishikazu, KitaKyushu, QFH (VHF)",4434.0,2026-09-24T12:29:39Z,https://s3.eu-central-1.wasabisys.com/satnogs-network/data_obs/2026/9/24/12/15054698/waterfall_15054698_2026-09-24T12-29-39.png
satnogs_15055766,1.7051732683397067,1.6132708375071072,0.0,0.0,0.0,1.1239470417474917,0.0392156862745098,0.5,0.0,0.6045961436836937,0.9890268586757108,0.8901388989834901,1,0,station_4113,https://s3.eu-central-1.wasabisys.com/satnogs-network/data_obs/2026/9/24/11/15055766/waterfall_15055766_2026-09-24T11-14-08.png,15055766,57166,good,with-signal,waterfall,FSK,137900000,23.0,M0JFP Staines Space and weather VHF,4113.0,2026-09-24T11:14:08Z,https://s3.eu-central-1.wasabisys.com/satnogs-network/data_obs/2026/9/24/11/15055766/waterfall_15055766_2026-09-24T11-14-08.png
satnogs_15049037,0.973625461909208,1.581198928997658,0.0,0.0,0.0,0.9490321406651272,0.0392156862745098,0.5,0.0,0.28622536411697863,0.9986381558551974,0.9363414384433041,1,0,station_2381,https://s3.eu-central-1.wasabisys.com/satnogs-network/data_obs/2026/9/24/9/15049037/waterfall_15049037_2026-09-24T09-37-00.png,15049037,57166,good,unknown,status,FSK,137900000,25.0,Piszkesteto VHF,2381.0,2026-09-24T09:37:00Z,https://s3.eu-central-1.wasabisys.com/satnogs-network/data_obs/2026/9/24/9/15049037/waterfall_15049037_2026-09-24T09-37-00.png
satnogs_15055765,1.5251998254831116,1.610839286330871,0.0,0.0,0.0,1.0284481205994283,0.0392156862745098,0.5,0.0,0.5740708228228077,0.994367473804166,0.9154391997408317,1,0,station_4113,https://s3.eu-central-1.wasabisys.com/satnogs-network/data_obs/2026/9/24/9/15055765/waterfall_15055765_2026-09-24T09-33-50.png,15055765,57166,good,with-signal,waterfall,FSK,137900000,74.0,M0JFP Staines Space and weather VHF,4113.0,2026-09-24T09:33:50Z,https://s3.eu-central-1.wasabisys.com/satnogs-network/data_obs/2026/9/24/9/15055765/waterfall_15055765_2026-09-24T09-33-50.png
satnogs_15055777,1.5195424006599156,1.6138361461285369,0.0,0.0,0.0,0.836913057376544,0.1568627450980392,0.5,0.0,0.5448104000467886,0.9906577122658432,0.8898880607151131,1,0,station_4113,https://s3.eu-central-1.wasabisys.com/satnogs-network/data_obs/2026/9/24/15/15055777/waterfall_15055777_2026-09-24T15-38-45.png,15055777,59051,good,unknown,status,FSK,137900000,17.0,M0JFP Staines Space and weather VHF,4113.0,2026-09-24T15:38:45Z,https://s3.eu-central-1.wasabisys.com/satnogs-network/data_obs/2026/9/24/15/15055777/waterfall_15055777_2026-09-24T15-38-45.png
satnogs_15056076,1.099512333941299,1.4579629340967637,0.0,0.0,0.0,0.897451646248552,0.09803921568627451,0.5,0.0,0.20377182184933829,0.9915952444560968,0.9134558068903291,1,0,station_4084,https://s3.eu-central-1.wasabisys.com/satnogs-network/data_obs/2026/9/24/13/15056076/waterfall_15056076_2026-09-24T13-58-46.png,15056076,59051,good,unknown,status,FSK,137900000,43.0,Astronomiemuseum Turnstile VHF (Test UHF),4084.0,2026-09-24T13:58:46Z,https://s3.eu-central-1.wasabisys.com/satnogs-network/data_obs/2026/9/24/13/15056076/waterfall_15056076_2026-09-24T13-58-46.png
satnogs_15047146,1.287664177182591,1.8758147090924964,0.0,0.0,0.0,0.970064217659481,0.058823529411764705,0.5,0.0,0.534952489930357,1.0024043391220907,0.9420014158847828,1,0,station_39,https://s3.eu-central-1.wasabisys.com/satnogs-network/data_obs/2026/9/24/13/15047146/waterfall_15047146_2026-09-24T13-57-02.png,15047146,59051,good,unknown,status,FSK,137900000,58.0,CGBSAT-VHF,39.0,2026-09-24T13:57:02Z,https://s3.eu-central-1.wasabisys.com/satnogs-network/data_obs/2026/9/24/13/15047146/waterfall_15047146_2026-09-24T13-57-02.png
satnogs_15055776,1.3939475695849632,1.8064638508850188,0.0,0.0,0.0,0.7708549103335364,0.11764705882352941,0.5,0.0,0.5719686964108072,0.9989371917423102,0.9292398894287931,1,0,station_4113,https://s3.eu-central-1.wasabisys.com/satnogs-network/data_obs/2026/9/24/13/15055776/waterfall_15055776_2026-09-24T13-56-54.png,15055776,59051,good,unknown,status,FSK,137900000,87.0,M0JFP Staines Space and weather VHF,4113.0,2026-09-24T13:56:54Z,https://s3.eu-central-1.wasabisys.com/satnogs-network/data_obs/2026/9/24/13/15055776/waterfall_15055776_2026-09-24T13-56-54.png
satnogs_15056339,1.2388605786304812,1.5138004564432006,0.0,0.0,0.0,0.7364884217449199,0.2549019607843137,0.5,0.0,0.4446360673359536,0.984034380493086,0.8943473780977815,1,0,station_5026,https://s3.eu-central-1.wasabisys.com/satnogs-network/data_obs/2026/9/24/13/15056339/waterfall_15056339_2026-09-24T13-56-36.png,15056339,59051,good,unknown,status,FSK,137900000,19.0,NKUA EVRIPOS - VHF,5026.0,2026-09-24T13:56:36Z,https://s3.eu-central-1.wasabisys.com/satnogs-network/data_obs/2026/9/24/13/15056339/waterfall_15056339_2026-09-24T13-56-36.png
satnogs_15055942,1.6464905952527602,1.5275134872276288,0.0,0.0,0.0,1.3178511762081178,0.09803921568627451,0.5,0.0,0.18189915063928977,0.9855454881367208,0.8873635890181913,1,0,station_4084,https://s3.eu-central-1.wasabisys.com/satnogs-network/data_obs/2026/9/24/12/15055942/waterfall_15055942_2026-09-24T12-19-09.png,15055942,59051,good,unknown,status,FSK,137900000,34.0,Astronomiemuseum Turnstile VHF (Test UHF),4084.0,2026-09-24T12:19:09Z,https://s3.eu-central-1.wasabisys.com/satnogs-network/data_obs/2026/9/24/12/15055942/waterfall_15055942_2026-09-24T12-19-09.png
satnogs_15055775,1.885821103026399,1.7473614800027666,0.0,0.0,0.0,1.2177515503619394,0.1568627450980392,0.5,0.0,0.4817699419308455,0.973958500425072,0.8335469025140895,1,0,station_4113,https://s3.eu-central-1.wasabisys.com/satnogs-network/data_obs/2026/9/24/12/15055775/waterfall_15055775_2026-09-24T12-18-41.png,15055775,59051,good,with-signal,waterfall,FSK,137900000,19.0,M0JFP Staines Space and weather VHF,4113.0,2026-09-24T12:18:41Z,https://s3.eu-central-1.wasabisys.com/satnogs-network/data_obs/2026/9/24/12/15055775/waterfall_15055775_2026-09-24T12-18-41.png
satnogs_15044518,2.10778362336436,1.3814739334118915,0.0,0.0,0.0,1.2754793208051,0.6470588235294118,0.5,0.0,0.5976718153681696,0.9565254515253908,0.826651176720415,1,0,station_5065,https://s3.eu-central-1.wasabisys.com/satnogs-network/data_obs/2026/9/24/12/15044518/waterfall_15044518_2026-09-24T12-18-06.png,15044518,59051,good,unknown,status,FSK,137900000,53.0,329CZ144,5065.0,2026-09-24T12:18:06Z,https://s3.eu-central-1.wasabisys.com/satnogs-network/data_obs/2026/9/24/12/15044518/waterfall_15044518_2026-09-24T12-18-06.png
satnogs_15047145,1.3926985126229696,1.5286694988298541,0.0,0.0,0.0,0.7343992510628089,0.2549019607843137,0.5,0.0,0.5447195456651571,0.991580354131534,0.9117827242388927,1,0,station_39,https://s3.eu-central-1.wasabisys.com/satnogs-network/data_obs/2026/9/24/12/15047145/waterfall_15047145_2026-09-24T12-17-47.png,15047145,59051,good,unknown,status,FSK,137900000,30.0,CGBSAT-VHF,39.0,2026-09-24T12:17:47Z,https://s3.eu-central-1.wasabisys.com/satnogs-network/data_obs/2026/9/24/12/15047145/waterfall_15047145_2026-09-24T12-17-47.png
satnogs_15055331,2.3333734381893025,1.6946044170673402,0.0,0.0,0.0,1.5234827980104384,0.13725490196078433,0.5,0.0,0.3989573177850128,0.9634457287020831,0.8242857663153454,1,0,station_5198,https://s3.eu-central-1.wasabisys.com/satnogs-network/data_obs/2026/9/24/9/15055331/waterfall_15055331_2026-09-24T09-19-34.png,15055331,59051,good,unknown,status,FSK,137900000,19.0,FULLERS-1,5198.0,2026-09-24T09:19:34Z,https://s3.eu-central-1.wasabisys.com/satnogs-network/data_obs/2026/9/24/9/15055331/waterfall_15055331_2026-09-24T09-19-34.png
satnogs_15054367,22.39215642190147,8.124797533377007,0.859375,0.859375,1.0,25.3519205819517,0.0392156862745098,0.0,0.9921875,0.7222593329804289,0.8487933561584283,0.9461331103221365,1,0,station_5196,https://s3.eu-central-1.wasabisys.com/satnogs-network/data_obs/2026/9/24/19/15054367/waterfall_15054367_2026-09-24T19-20-07.png,15054367,25544,good,with-signal,waterfall,FM,437800000,21.0,PA5TJ,5196.0,2026-09-24T19:20:07Z,https://s3.eu-central-1.wasabisys.com/satnogs-network/data_obs/2026/9/24/19/15054367/waterfall_15054367_2026-09-24T19-20-07.png
satnogs_15053994,2.2426817752596793,1.1964492773029893,0.0078125,0.015625,0.5,2.5477051954487195,0.5882352941176471,0.5,0.0,1.6536063444735796,0.9012602498401584,0.7466930642114536,1,0,station_733,https://s3.eu-central-1.wasabisys.com/satnogs-network/data_obs/2026/9/24/19/15053994/waterfall_15053994_2026-09-24T19-19-38.png,15053994,25544,good,unknown,status,AFSK,437825000,30.0,VAUBAN-IEPER  ON7XX,733.0,2026-09-24T19:19:38Z,https://s3.eu-central-1.wasabisys.com/satnogs-network/data_obs/2026/9/24/19/15053994/waterfall_15053994_2026-09-24T19-19-38.png
satnogs_15047866,1.9600471530358246,0.6616371187526647,0.0,0.0,0.0,1.9292206436645567,0.0392156862745098,0.5,0.0,0.8114288777993014,0.9636690059177648,0.9163090766574008,1,0,station_5137,https://s3.eu-central-1.wasabisys.com/satnogs-network/data_obs/2026/9/24/19/15047866/waterfall_15047866_2026-09-24T19-06-07.png,15047866,25544,good,with-signal,waterfall,FM,437800000,56.0,berlin_ma_sat,5137.0,2026-09-24T19:06:07Z,https://s3.eu-central-1.wasabisys.com/satnogs-network/data_obs/2026/9/24/19/15047866/waterfall_15047866_2026-09-24T19-06-07.png
satnogs_15057737,26.590331908105046,7.711711824771788,0.8515625,0.8515625,1.0,43.19331579958606,0.0392156862745098,0.0,1.0,0.9153457120921019,0.828135522993942,0.9336907755671664,1,0,station_4755,https://s3.eu-central-1.wasabisys.com/satnogs-network/data_obs/2026/9/24/17/15057737/waterfall_15057737_2026-09-24T17-46-58.png,15057737,25544,good,with-signal,waterfall,FSK,437800000,29.0,NKUA EVRIPOS - UHF,4755.0,2026-09-24T17:46:58Z,https://s3.eu-central-1.wasabisys.com/satnogs-network/data_obs/2026/9/24/17/15057737/waterfall_15057737_2026-09-24T17-46-58.png
satnogs_15057692,34.40817437072302,10.841429197837487,0.828125,0.828125,1.0,16.767564615281053,0.0196078431372549,0.0,1.0,0.9429256646033977,0.908880946127758,0.987150911354626,1,0,station_1696,https://s3.eu-central-1.wasabisys.com/satnogs-network/data_obs/2026/9/24/17/15057692/waterfall_15057692_2026-09-24T17-45-04.png,15057692,25544,good,with-signal,waterfall,FM,437800000,70.0,PE0SAT-31,1696.0,2026-09-24T17:45:04Z,https://s3.eu-central-1.wasabisys.com/satnogs-network/data_obs/2026/9/24/17/15057692/waterfall_15057692_2026-09-24T17-45-04.png
satnogs_15057701,36.258529982277196,11.497118475943665,0.8359375,0.84375,0.9907407407407407,14.591780623397536,0.0392156862745098,0.0,1.0,0.965040439046177,0.927264701222474,0.9896609621984201,1,0,station_1466,https://s3.eu-central-1.wasabisys.com/satnogs-network/data_obs/2026/9/24/17/15057701/waterfall_15057701_2026-09-24T17-44-41.png,15057701,25544,good,with-signal,waterfall,FM,437800000,70.0,PE0SAT-12,1466.0,2026-09-24T17:44:41Z,https://s3.eu-central-1.wasabisys.com/satnogs-network/data_obs/2026/9/24/17/15057701/waterfall_15057701_2026-09-24T17-44-41.png
satnogs_15057685,32.34863599035361,9.563418889249451,0.84375,0.8515625,0.9908256880733946,20.806599448067807,0.0392156862745098,0.0,1.0,0.9432222669755914,0.8522354261506164,0.9729826041396027,1,0,station_2173,https://s3.eu-central-1.wasabisys.com/satnogs-network/data_obs/2026/9/24/17/15057685/waterfall_15057685_2026-09-24T17-43-40.png,15057685,25544,good,with-signal,waterfall,FM,437800000,70.0,PE0SAT-21,2173.0,2026-09-24T17:43:40Z,https://s3.eu-central-1.wasabisys.com/satnogs-network/data_obs/2026/9/24/17/15057685/waterfall_15057685_2026-09-24T17-43-40.png
satnogs_15054366,28.598408201807636,6.717433255171758,0.703125,0.703125,1.0,18.654439883128095,0.0392156862745098,0.0,1.0,1.2328842473294443,0.8410823985643399,0.9505046679412866,1,0,station_5196,https://s3.eu-central-1.wasabisys.com/satnogs-network/data_obs/2026/9/24/17/15054366/waterfall_15054366_2026-09-24T17-43-01.png,15054366,25544,good,with-signal,waterfall,FM,437800000,62.0,PA5TJ,5196.0,2026-09-24T17:43:01Z,https://s3.eu-central-1.wasabisys.com/satnogs-network/data_obs/2026/9/24/17/15054366/waterfall_15054366_2026-09-24T17-43-01.png
satnogs_15053990,2.474116417105092,1.2407080838709423,0.015625,0.015625,1.0,1.6909902515126518,0.058823529411764705,0.5,0.0,2.3662207938055895,0.8916441618592549,0.7510502731309099,1,0,station_733,https://s3.eu-central-1.wasabisys.com/satnogs-network/data_obs/2026/9/24/17/15053990/waterfall_15053990_2026-09-24T17-42-40.png,15053990,25544,good,unknown,status,AFSK,437825000,88.0,VAUBAN-IEPER  ON7XX,733.0,2026-09-24T17:42:40Z,https://s3.eu-central-1.wasabisys.com/satnogs-network/data_obs/2026/9/24/17/15053990/waterfall_15053990_2026-09-24T17-42-40.png
satnogs_15056882,28.741599272876872,9.835141970223281,0.9140625,0.921875,0.9915254237288136,21.784356314409887,0.0392156862745098,0.0,0.9921875,0.7944150890784785,0.8952561717345177,0.9740511197711063,1,0,station_2173,https://s3.eu-central-1.wasabisys.com/satnogs-network/data_obs/2026/9/24/16/15056882/waterfall_15056882_2026-09-24T16-06-51.png,15056882,25544,good,with-signal,waterfall,FM,437800000,88.0,PE0SAT-21,2173.0,2026-09-24T16:06:51Z,https://s3.eu-central-1.wasabisys.com/satnogs-network/data_obs/2026/9/24/16/15056882/waterfall_15056882_2026-09-24T16-06-51.png
satnogs_15051964,2.7689620652197067,1.070737766554363,0.0,0.0390625,0.0,2.251228104173672,0.39215686274509803,0.03431372549019608,0.8125,1.028287234212587,0.9418341393311646,0.7888645051522921,0,0,station_5198,https://s3.eu-central-1.wasabisys.com/satnogs-network/data_obs/2026/9/24/2/15051964/waterfall_15051964_2026-09-24T02-27-16.png,15051964,57166,bad,without-signal,waterfall,LRPT,137900000,20.0,FULLERS-1,5198.0,2026-09-24T02:27:16Z,https://s3.eu-central-1.wasabisys.com/satnogs-network/data_obs/2026/9/24/2/15051964/waterfall_15051964_2026-09-24T02-27-16.png
satnogs_15052773,2.518098835379289,1.4746550178144913,0.0,0.0859375,0.0,1.1110983245564294,0.6862745098039216,0.0,0.5390625,0.5495445883107862,0.9568319738296998,0.8307261733932781,0,0,station_3689,https://s3.eu-central-1.wasabisys.com/satnogs-network/data_obs/2026/9/23/19/15052773/waterfall_15052773_2026-09-23T19-44-44.png,15052773,57166,bad,without-signal,waterfall,FSK,137900000,81.0,DF0OHM Turnstile VHF (Test UHF),3689.0,2026-09-23T19:44:44Z,https://s3.eu-central-1.wasabisys.com/satnogs-network/data_obs/2026/9/23/19/15052773/waterfall_15052773_2026-09-23T19-44-44.png
satnogs_15040606,4.3014693717564,0.7522097245547426,0.0,0.75,0.0,5.213130507131323,0.3137254901960784,0.0,0.9921875,0.7374345077896621,0.9763878739955314,0.8373177031773229,0,0,station_3855,https://s3.eu-central-1.wasabisys.com/satnogs-network/data_obs/2026/9/22/21/15040606/waterfall_15040606_2026-09-22T21-51-33.png,15040606,57166,bad,without-signal,waterfall,FSK,137900000,16.0,GS ChNord UHF,3855.0,2026-09-22T21:51:33Z,https://s3.eu-central-1.wasabisys.com/satnogs-network/data_obs/2026/9/22/21/15040606/waterfall_15040606_2026-09-22T21-51-33.png
satnogs_15046548,1.5504527847708747,1.4734953342655632,0.0,0.0,0.0,0.8344642682705594,0.0392156862745098,0.5,0.0,0.4958528878485447,0.9823136524395673,0.862562586316184,0,0,station_5026,https://s3.eu-central-1.wasabisys.com/satnogs-network/data_obs/2026/9/22/20/15046548/waterfall_15046548_2026-09-22T20-05-51.png,15046548,57166,bad,without-signal,waterfall,FSK,137900000,23.0,NKUA EVRIPOS - VHF,5026.0,2026-09-22T20:05:51Z,https://s3.eu-central-1.wasabisys.com/satnogs-network/data_obs/2026/9/22/20/15046548/waterfall_15046548_2026-09-22T20-05-51.png
satnogs_15040604,5.45183780982201,0.1965665931896341,0.0,1.0,0.0,5.82474677018679,0.3333333333333333,0.00980392156862745,1.0,0.9278625675058559,0.9776288262517744,0.8564292255705068,0,0,station_3855,https://s3.eu-central-1.wasabisys.com/satnogs-network/data_obs/2026/9/22/18/15040604/waterfall_15040604_2026-09-22T18-31-15.png,15040604,57166,bad,without-signal,waterfall,FSK,137900000,18.0,GS ChNord UHF,3855.0,2026-09-22T18:31:15Z,https://s3.eu-central-1.wasabisys.com/satnogs-network/data_obs/2026/9/22/18/15040604/waterfall_15040604_2026-09-22T18-31-15.png
satnogs_15030186,7.683062923856156,0.8958822444335277,0.1328125,0.5703125,0.2328767123287671,2.083282257979511,0.7450980392156863,0.0,0.953125,0.5706822339349982,0.9505605523826196,0.8356634804476506,0,0,station_3855,https://s3.eu-central-1.wasabisys.com/satnogs-network/data_obs/2026/9/22/10/15030186/waterfall_15030186_2026-09-22T10-22-56.png,15030186,57166,bad,without-signal,waterfall,FSK,137900000,40.0,GS ChNord UHF,3855.0,2026-09-22T10:22:56Z,https://s3.eu-central-1.wasabisys.com/satnogs-network/data_obs/2026/9/22/10/15030186/waterfall_15030186_2026-09-22T10-22-56.png
satnogs_15041035,2.072978170711885,1.6365167453267353,0.0,0.0,0.0,0.837190982438478,0.17647058823529413,0.5,0.0,0.7606798161620321,0.9811557566780083,0.894128733842099,0,0,station_5198,https://s3.eu-central-1.wasabisys.com/satnogs-network/data_obs/2026/9/22/1/15041035/waterfall_15041035_2026-09-22T01-33-02.png,15041035,57166,bad,without-signal,waterfall,FSK,137900000,62.0,FULLERS-1,5198.0,2026-09-22T01:33:02Z,https://s3.eu-central-1.wasabisys.com/satnogs-network/data_obs/2026/9/22/1/15041035/waterfall_15041035_2026-09-22T01-33-02.png
satnogs_15055815,2.10778362336436,1.8674691680850812,0.0,0.0,0.0,0.9936560811961364,0.09803921568627451,0.5,0.0,0.629483734258593,0.9622698945895355,0.8455328063571083,0,0,station_5198,https://s3.eu-central-1.wasabisys.com/satnogs-network/data_obs/2026/9/24/18/15055815/waterfall_15055815_2026-09-24T18-59-32.png,15055815,59051,bad,without-signal,waterfall,FSK,137900000,81.0,FULLERS-1,5198.0,2026-09-24T18:59:32Z,https://s3.eu-central-1.wasabisys.com/satnogs-network/data_obs/2026/9/24/18/15055815/waterfall_15055815_2026-09-24T18-59-32.png
satnogs_15044527,1.7763306261024836,0.11620825373161181,0.0,0.0,0.0,1.5854661560918646,0.7843137254901961,0.5,0.0,0.6461492083058399,0.9814598852155879,0.9049956689160982,0,0,station_5068,https://s3.eu-central-1.wasabisys.com/satnogs-network/data_obs/2026/9/24/10/15044527/waterfall_15044527_2026-09-24T10-40-34.png,15044527,59051,bad,without-signal,waterfall,FSK,137900000,11.0,329CZ144,5068.0,2026-09-24T10:40:34Z,https://s3.eu-central-1.wasabisys.com/satnogs-network/data_obs/2026/9/24/10/15044527/waterfall_15044527_2026-09-24T10-40-34.png
satnogs_15044517,2.0030331645062525,1.333528196238578,0.0,0.0,0.0,1.4568706828738216,0.6666666666666666,0.5,0.0,0.508656977968101,0.9580354930616698,0.8241788973020688,0,0,station_5065,https://s3.eu-central-1.wasabisys.com/satnogs-network/data_obs/2026/9/24/4/15044517/waterfall_15044517_2026-09-24T04-13-33.png,15044517,59051,bad,without-signal,waterfall,FSK,137900000,14.0,329CZ144,5065.0,2026-09-24T04:13:33Z,https://s3.eu-central-1.wasabisys.com/satnogs-network/data_obs/2026/9/24/4/15044517/waterfall_15044517_2026-09-24T04-13-33.png
satnogs_15054751,2.652996987274608,1.4987994725746767,0.0,0.0703125,0.0,1.0084023572878633,0.5882352941176471,0.0,0.421875,0.582897572190767,0.9574157968803012,0.8315464328885943,0,0,station_3689,https://s3.eu-central-1.wasabisys.com/satnogs-network/data_obs/2026/9/24/2/15054751/waterfall_15054751_2026-09-24T02-32-06.png,15054751,59051,bad,without-signal,waterfall,FSK,137900000,79.0,DF0OHM Turnstile VHF (Test UHF),3689.0,2026-09-24T02:32:06Z,https://s3.eu-central-1.wasabisys.com/satnogs-network/data_obs/2026/9/24/2/15054751/waterfall_15054751_2026-09-24T02-32-06.png
satnogs_15044516,2.0867057871307164,1.3784963015836644,0.0,0.0,0.0,1.3165401112827442,0.5490196078431373,0.5,0.0,0.5753903604813814,0.9557582185803738,0.8259154025948529,0,0,station_5065,https://s3.eu-central-1.wasabisys.com/satnogs-network/data_obs/2026/9/24/2/15044516/waterfall_15044516_2026-09-24T02-31-41.png,15044516,59051,bad,without-signal,waterfall,FSK,137900000,66.0,329CZ144,5065.0,2026-09-24T02:31:41Z,https://s3.eu-central-1.wasabisys.com/satnogs-network/data_obs/2026/9/24/2/15044516/waterfall_15044516_2026-09-24T02-31-41.png
satnogs_15044515,2.023472278429786,1.3681394310664432,0.0,0.0,0.0,1.3257636520588294,0.6274509803921569,0.5,0.0,0.584706032268685,0.9586297952675782,0.8249630282077329,0,0,station_5065,https://s3.eu-central-1.wasabisys.com/satnogs-network/data_obs/2026/9/24/0/15044515/waterfall_15044515_2026-09-24T00-52-28.png,15044515,59051,bad,without-signal,waterfall,FSK,137900000,21.0,329CZ144,5065.0,2026-09-24T00:52:28Z,https://s3.eu-central-1.wasabisys.com/satnogs-network/data_obs/2026/9/24/0/15044515/waterfall_15044515_2026-09-24T00-52-28.png
satnogs_15044524,1.8107482696717825,0.1195990762833789,0.0,0.0,0.0,1.6023037087251129,0.7843137254901961,0.5,0.0,0.6844855713831693,0.98116444032622,0.904648489646755,0,0,station_5068,https://s3.eu-central-1.wasabisys.com/satnogs-network/data_obs/2026/9/24/0/15044524/waterfall_15044524_2026-09-24T00-51-05.png,15044524,59051,bad,without-signal,waterfall,FSK,137900000,21.0,329CZ144,5068.0,2026-09-24T00:51:05Z,https://s3.eu-central-1.wasabisys.com/satnogs-network/data_obs/2026/9/24/0/15044524/waterfall_15044524_2026-09-24T00-51-05.png
satnogs_15044512,8.253499211543566,0.4571592422746181,0.0,0.984375,0.0,5.867973205718013,0.5098039215686274,0.0,1.0,1.1862848670747754,0.9637820215144709,0.7124039463698646,0,0,station_5065,https://s3.eu-central-1.wasabisys.com/satnogs-network/data_obs/2026/9/23/11/15044512/waterfall_15044512_2026-09-23T11-02-37.png,15044512,59051,bad,without-signal,waterfall,FSK,137900000,16.0,329CZ144,5065.0,2026-09-23T11:02:37Z,https://s3.eu-central-1.wasabisys.com/satnogs-network/data_obs/2026/9/23/11/15044512/waterfall_15044512_2026-09-23T11-02-37.png
satnogs_15044521,5.61350374016005,1.132869704127653,0.0,0.9296875,0.0,5.410521613558816,0.5098039215686274,0.0,1.0,1.1495620350489877,0.9513175864642932,0.7992833252760753,0,0,station_5068,https://s3.eu-central-1.wasabisys.com/satnogs-network/data_obs/2026/9/23/11/15044521/waterfall_15044521_2026-09-23T11-01-00.png,15044521,59051,bad,without-signal,waterfall,FSK,137900000,16.0,329CZ144,5068.0,2026-09-23T11:01:00Z,https://s3.eu-central-1.wasabisys.com/satnogs-network/data_obs/2026/9/23/11/15044521/waterfall_15044521_2026-09-23T11-01-00.png
satnogs_15047258,2.534399028733315,1.4715760005607532,0.0,0.0625,0.0,1.177540805118099,0.6666666666666666,0.0,0.703125,0.6483858780721368,0.9565433197974462,0.8312669623376642,0,0,station_3689,https://s3.eu-central-1.wasabisys.com/satnogs-network/data_obs/2026/9/23/2/15047258/waterfall_15047258_2026-09-23T02-53-46.png,15047258,59051,bad,without-signal,waterfall,FSK,137900000,72.0,DF0OHM Turnstile VHF (Test UHF),3689.0,2026-09-23T02:53:46Z,https://s3.eu-central-1.wasabisys.com/satnogs-network/data_obs/2026/9/23/2/15047258/waterfall_15047258_2026-09-23T02-53-46.png
satnogs_15053916,20.223811904365352,2.1129339573967676,0.8984375,1.0,0.8984375,7.052525810302944,0.058823529411764705,0.0,1.0,0.9364528443147033,0.8695258182560084,0.6273113548296356,0,0,station_4954,https://s3.eu-central-1.wasabisys.com/satnogs-network/data_obs/2026/9/24/19/15053916/waterfall_15053916_2026-09-24T19-16-23.png,15053916,25544,bad,without-signal,waterfall,FM,437800000,41.0,EA1JAO - ORTEGAL CAP,4954.0,2026-09-24T19:16:23Z,https://s3.eu-central-1.wasabisys.com/satnogs-network/data_obs/2026/9/24/19/15053916/waterfall_15053916_2026-09-24T19-16-23.png
satnogs_15057746,2.1114493340136895,0.938067484353022,0.0078125,0.0078125,1.0,1.3330377497158208,0.29411764705882354,0.5,0.0,0.9758124727716282,0.9055689304567383,0.7311074649059648,0,0,station_5026,https://s3.eu-central-1.wasabisys.com/satnogs-network/data_obs/2026/9/24/17/15057746/waterfall_15057746_2026-09-24T17-47-58.png,15057746,25544,bad,without-signal,waterfall,FM,145800000,29.0,NKUA EVRIPOS - VHF,5026.0,2026-09-24T17:47:58Z,https://s3.eu-central-1.wasabisys.com/satnogs-network/data_obs/2026/9/24/17/15057746/waterfall_15057746_2026-09-24T17-47-58.png
satnogs_15053915,16.408020108083704,1.9544594446439039,0.625,0.984375,0.6349206349206349,6.461646452720155,0.058823529411764705,0.0,1.0,1.0756093097565758,0.8596660246920242,0.6325980779680482,0,0,station_4954,https://s3.eu-central-1.wasabisys.com/satnogs-network/data_obs/2026/9/24/17/15053915/waterfall_15053915_2026-09-24T17-39-16.png,15053915,25544,bad,without-signal,waterfall,FM,437800000,21.0,EA1JAO - ORTEGAL CAP,4954.0,2026-09-24T17:39:16Z,https://s3.eu-central-1.wasabisys.com/satnogs-network/data_obs/2026/9/24/17/15053915/waterfall_15053915_2026-09-24T17-39-16.png
satnogs_15056171,5.817482800485633,0.4823828138431955,0.0,0.2109375,0.0,2.9442787760087565,0.7254901960784313,0.029411764705882353,0.328125,1.1542635486781445,0.8890345288528427,0.757729939974315,0,0,station_5026,https://s3.eu-central-1.wasabisys.com/satnogs-network/data_obs/2026/9/24/12/15056171/waterfall_15056171_2026-09-24T12-54-34.png,15056171,25544,bad,without-signal,waterfall,FM,145800000,28.0,NKUA EVRIPOS - VHF,5026.0,2026-09-24T12:54:34Z,https://s3.eu-central-1.wasabisys.com/satnogs-network/data_obs/2026/9/24/12/15056171/waterfall_15056171_2026-09-24T12-54-34.png
satnogs_15053913,20.068745156230584,2.1675612907497057,0.8203125,1.0,0.8203125,4.402404332765469,0.058823529411764705,0.0,1.0,0.7625113693610776,0.8996710272337377,0.6086812803842913,0,0,station_4954,https://s3.eu-central-1.wasabisys.com/satnogs-network/data_obs/2026/9/24/12/15053913/waterfall_15053913_2026-09-24T12-49-28.png,15053913,25544,bad,without-signal,waterfall,FM,437800000,9.0,EA1JAO - ORTEGAL CAP,4954.0,2026-09-24T12:49:28Z,https://s3.eu-central-1.wasabisys.com/satnogs-network/data_obs/2026/9/24/12/15053913/waterfall_15053913_2026-09-24T12-49-28.png
satnogs_15056251,2.1246458923512748,1.1488862099372328,0.0,0.0,0.0,1.362659405076925,0.3137254901960784,0.5,0.0,0.6232699268354889,0.9057783060767834,0.7413699132823164,0,0,station_5184,https://s3.eu-central-1.wasabisys.com/satnogs-network/data_obs/2026/9/24/12/15056251/waterfall_15056251_2026-09-24T12-43-29.png,15056251,25544,bad,without-signal,waterfall,AFSK,437825000,61.0,satpi,5184.0,2026-09-24T12:43:29Z,https://s3.eu-central-1.wasabisys.com/satnogs-network/data_obs/2026/9/24/12/15056251/waterfall_15056251_2026-09-24T12-43-29.png
satnogs_15056075,2.279855413708111,0.9228133131310728,0.0,0.0,0.0,2.016435055417591,0.5686274509803921,0.5,0.0,0.9677604876659579,0.8969612365351237,0.726058009142374,0,0,station_5026,https://s3.eu-central-1.wasabisys.com/satnogs-network/data_obs/2026/9/24/11/15056075/waterfall_15056075_2026-09-24T11-17-43.png,15056075,25544,bad,without-signal,waterfall,FM,145800000,32.0,NKUA EVRIPOS - VHF,5026.0,2026-09-24T11:17:43Z,https://s3.eu-central-1.wasabisys.com/satnogs-network/data_obs/2026/9/24/11/15056075/waterfall_15056075_2026-09-24T11-17-43.png
satnogs_15051970,2.114528530959133,1.3142863377645675,0.0,0.0,0.0,1.736546050588948,0.6078431372549019,0.5,0.0,0.6645565994621542,0.9253900429359592,0.7821575144622993,0,0,station_5198,https://s3.eu-central-1.wasabisys.com/satnogs-network/data_obs/2026/9/24/0/15051970/waterfall_15051970_2026-09-24T00-45-46.png,15051970,25544,bad,without-signal,waterfall,SSTV,145800000,81.0,FULLERS-1,5198.0,2026-09-24T00:45:46Z,https://s3.eu-central-1.wasabisys.com/satnogs-network/data_obs/2026/9/24/0/15051970/waterfall_15051970_2026-09-24T00-45-46.png
satnogs_15048955,5.479555132406828,0.5340368310942579,0.0,0.1484375,0.0,1.414262967844026,0.7254901960784313,0.024509803921568627,0.796875,1.1392049690903479,0.9290470907666364,0.8775104537193894,0,0,station_4806,https://s3.eu-central-1.wasabisys.com/satnogs-network/data_obs/2026/9/23/23/15048955/waterfall_15048955_2026-09-23T23-09-14.png,15048955,25544,bad,without-signal,waterfall,FM,121750000,20.0,KC1OCA UC-1464-531L (VHF),4806.0,2026-09-23T23:09:14Z,https://s3.eu-central-1.wasabisys.com/satnogs-network/data_obs/2026/9/23/23/15048955/waterfall_15048955_2026-09-23T23-09-14.png
satnogs_15044216,20.434842920010492,2.295316711590296,0.84375,1.0,0.84375,5.317411850276165,0.058823529411764705,0.0,1.0,1.0391950854589436,0.8728060469323399,0.6475462768018783,0,0,station_4954,https://s3.eu-central-1.wasabisys.com/satnogs-network/data_obs/2026/9/23/21/15044216/waterfall_15044216_2026-09-23T21-41-05.png,15044216,25544,bad,without-signal,waterfall,FM,437800000,20.0,EA1JAO - ORTEGAL CAP,4954.0,2026-09-23T21:41:05Z,https://s3.eu-central-1.wasabisys.com/satnogs-network/data_obs/2026/9/23/21/15044216/waterfall_15044216_2026-09-23T21-41-05.png
satnogs_14440475,1.3741961267840912,1.3997212821746743,0.0,0.0,0.0,0.8653685950846354,0.0392156862745098,0.5,0.0,0.4173527129999536,0.9679773490239371,0.8914006192666967,1,0,station_2381,https://s3.eu-central-1.wasabisys.com/satnogs-network/data_obs/2026/7/5/20/14440475/waterfall_14440475_2026-07-05T20-46-20.png,14440475,57166,good,unknown,status,FSK,137900000,15.0,Piszkesteto VHF,2381.0,2026-07-05T20:46:20Z,https://s3.eu-central-1.wasabisys.com/satnogs-network/data_obs/2026/7/5/20/14440475/waterfall_14440475_2026-07-05T20-46-20.png
satnogs_14446221,2.266557554356198,1.6483202590620345,0.0,0.0,0.0,1.7101390517360253,0.09803921568627451,0.5,0.0,0.2047642637196247,0.9801634699042804,0.8702803910311456,1,0,station_4084,https://s3.eu-central-1.wasabisys.com/satnogs-network/data_obs/2026/7/5/20/14446221/waterfall_14446221_2026-07-05T20-45-30.png,14446221,57166,good,with-signal,waterfall,FSK,137900000,28.0,Astronomiemuseum Turnstile VHF (Test UHF),4084.0,2026-07-05T20:45:30Z,https://s3.eu-central-1.wasabisys.com/satnogs-network/data_obs/2026/7/5/20/14446221/waterfall_14446221_2026-07-05T20-45-30.png
satnogs_14445828,1.0137555726264995,1.7471358316528085,0.0,0.0,0.0,1.0077803851980016,0.058823529411764705,0.5,0.0,0.296745148479432,1.000680445364227,0.9382877105923555,1,0,station_793,https://s3.eu-central-1.wasabisys.com/satnogs-network/data_obs/2026/7/5/20/14445828/waterfall_14445828_2026-07-05T20-44-35.png,14445828,57166,good,unknown,status,FSK,137900000,55.0,F6KRK RX WX,793.0,2026-07-05T20:44:35Z,https://s3.eu-central-1.wasabisys.com/satnogs-network/data_obs/2026/7/5/20/14445828/waterfall_14445828_2026-07-05T20-44-35.png
satnogs_14434187,1.8691734514635026,1.7311582862149704,0.0,0.0,0.0,1.0298130390081024,0.0392156862745098,0.5,0.0,0.7463595514562466,0.9916981637351558,0.9191154751480333,1,0,station_39,https://s3.eu-central-1.wasabisys.com/satnogs-network/data_obs/2026/7/5/20/14434187/waterfall_14434187_2026-07-05T20-43-15.png,14434187,57166,good,unknown,status,FSK,137900000,38.0,CGBSAT-VHF,39.0,2026-07-05T20:43:15Z,https://s3.eu-central-1.wasabisys.com/satnogs-network/data_obs/2026/7/5/20/14434187/waterfall_14434187_2026-07-05T20-43-15.png
satnogs_14444027,1.209964339519083,1.6711473016644325,0.0,0.0,0.0,0.9315040405340584,0.058823529411764705,0.5,0.0,0.6107929502600629,0.9767434458633172,0.9353945039982302,1,0,station_4924,https://s3.eu-central-1.wasabisys.com/satnogs-network/data_obs/2026/7/5/19/14444027/waterfall_14444027_2026-07-05T19-05-57.png,14444027,57166,good,with-signal,waterfall,FSK,137900000,77.0,Wroclaw Ground Station,4924.0,2026-07-05T19:05:57Z,https://s3.eu-central-1.wasabisys.com/satnogs-network/data_obs/2026/7/5/19/14444027/waterfall_14444027_2026-07-05T19-05-57.png
satnogs_14445338,0.9980903724046726,1.7883576513511625,0.0,0.0,0.0,1.0568292125885632,0.058823529411764705,0.5,0.0,0.1914528541792975,0.9967904282411733,0.9377730331842391,1,0,station_793,https://s3.eu-central-1.wasabisys.com/satnogs-network/data_obs/2026/7/5/19/14445338/waterfall_14445338_2026-07-05T19-05-52.png,14445338,57166,good,unknown,status,FSK,137900000,26.0,F6KRK RX WX,793.0,2026-07-05T19:05:52Z,https://s3.eu-central-1.wasabisys.com/satnogs-network/data_obs/2026/7/5/19/14445338/waterfall_14445338_2026-07-05T19-05-52.png
satnogs_14445813,1.3534781240163678,1.4807527118496124,0.0,0.0,0.0,1.15265904122778,0.09803921568627451,0.5,0.0,0.221543441745169,0.9953338040631159,0.9168213868909442,1,0,station_4084,https://s3.eu-central-1.wasabisys.com/satnogs-network/data_obs/2026/7/5/19/14445813/waterfall_14445813_2026-07-05T19-04-45.png,14445813,57166,good,with-signal,waterfall,FSK,137900000,51.0,Astronomiemuseum Turnstile VHF (Test UHF),4084.0,2026-07-05T19:04:45Z,https://s3.eu-central-1.wasabisys.com/satnogs-network/data_obs/2026/7/5/19/14445813/waterfall_14445813_2026-07-05T19-04-45.png
satnogs_14445902,1.6840187444193948,1.5671422901077334,0.0,0.0,0.0,0.9575791075555891,0.23529411764705882,0.5,0.0,0.7269890399875247,0.9755365679175242,0.8937681885556822,1,0,station_3689,https://s3.eu-central-1.wasabisys.com/satnogs-network/data_obs/2026/7/5/19/14445902/waterfall_14445902_2026-07-05T19-04-33.png,14445902,57166,good,with-signal,waterfall,FSK,137900000,48.0,DF0OHM Turnstile VHF (Test UHF),3689.0,2026-07-05T19:04:33Z,https://s3.eu-central-1.wasabisys.com/satnogs-network/data_obs/2026/7/5/19/14445902/waterfall_14445902_2026-07-05T19-04-33.png
satnogs_14439806,0.9097782337126168,1.7904810917218856,0.0,0.0,0.0,0.8073222730181926,0.0392156862745098,0.5,0.0,0.2822094534816128,1.003055982001195,0.938566476228185,1,0,station_2381,https://s3.eu-central-1.wasabisys.com/satnogs-network/data_obs/2026/7/5/19/14439806/waterfall_14439806_2026-07-05T19-03-30.png,14439806,57166,good,unknown,status,FSK,137900000,85.0,Piszkesteto VHF,2381.0,2026-07-05T19:03:30Z,https://s3.eu-central-1.wasabisys.com/satnogs-network/data_obs/2026/7/5/19/14439806/waterfall_14439806_2026-07-05T19-03-30.png
satnogs_14434186,1.442823711576021,1.684260352743142,0.0,0.0,0.0,1.0223410038292373,0.0392156862745098,0.5,0.0,0.7044837903885057,1.0006573226440056,0.9333099697040124,1,0,station_39,https://s3.eu-central-1.wasabisys.com/satnogs-network/data_obs/2026/7/5/19/14434186/waterfall_14434186_2026-07-05T19-03-17.png,14434186,57166,good,unknown,status,FSK,137900000,42.0,CGBSAT-VHF,39.0,2026-07-05T19:03:17Z,https://s3.eu-central-1.wasabisys.com/satnogs-network/data_obs/2026/7/5/19/14434186/waterfall_14434186_2026-07-05T19-03-17.png
satnogs_14436399,2.331298380361136,1.8202109742094659,0.0,0.0,0.0,0.9722043324794197,0.43137254901960786,0.5,0.0,0.9055444140325282,0.9752479813634786,0.8627552498916048,1,0,station_4326,https://s3.eu-central-1.wasabisys.com/satnogs-network/data_obs/2026/7/5/19/14436399/waterfall_14436399_2026-07-05T19-47-01.png,14436399,59051,good,with-signal,waterfall,FSK,137900000,86.0,KB9LEB_Debian_12,4326.0,2026-07-05T19:47:01Z,https://s3.eu-central-1.wasabisys.com/satnogs-network/data_obs/2026/7/5/19/14436399/waterfall_14436399_2026-07-05T19-47-01.png
satnogs_14444987,2.1247680827062543,1.563148417494025,0.0,0.0,0.0,1.7114368940041267,0.0784313725490196,0.5,0.0,0.07072908123103362,0.9832178528479514,0.87337341386852,1,0,station_4084,https://s3.eu-central-1.wasabisys.com/satnogs-network/data_obs/2026/7/5/14/14444987/waterfall_14444987_2026-07-05T14-53-10.png,14444987,59051,good,with-signal,waterfall,FSK,137900000,17.0,Astronomiemuseum Turnstile VHF (Test UHF),4084.0,2026-07-05T14:53:10Z,https://s3.eu-central-1.wasabisys.com/satnogs-network/data_obs/2026/7/5/14/14444987/waterfall_14444987_2026-07-05T14-53-10.png
satnogs_14444426,0.8592238974224143,2.053483910931436,0.0,0.0,0.0,0.7381981218240865,0.2549019607843137,0.5,0.0,0.1269082017326076,0.9999889168483292,0.9436368916881535,1,0,station_793,https://s3.eu-central-1.wasabisys.com/satnogs-network/data_obs/2026/7/5/14/14444426/waterfall_14444426_2026-07-05T14-51-23.png,14444426,59051,good,unknown,status,FSK,137900000,33.0,F6KRK RX WX,793.0,2026-07-05T14:51:23Z,https://s3.eu-central-1.wasabisys.com/satnogs-network/data_obs/2026/7/5/14/14444426/waterfall_14444426_2026-07-05T14-51-23.png
satnogs_14434185,1.986513880650246,1.9434342482384703,0.0,0.0,0.0,0.8078375087488024,0.058823529411764705,0.5,0.0,0.7131005587252097,0.9905424148591662,0.9183699560450658,1,0,station_39,https://s3.eu-central-1.wasabisys.com/satnogs-network/data_obs/2026/7/5/14/14434185/waterfall_14434185_2026-07-05T14-50-05.png,14434185,59051,good,unknown,status,FSK,137900000,24.0,CGBSAT-VHF,39.0,2026-07-05T14:50:05Z,https://s3.eu-central-1.wasabisys.com/satnogs-network/data_obs/2026/7/5/14/14434185/waterfall_14434185_2026-07-05T14-50-05.png
satnogs_14443573,2.598731139807629,1.6757514770866713,0.0,0.0078125,0.0,1.2840985989430127,0.21568627450980393,0.5,0.0,0.14066533558025293,1.0008321760424899,0.9386919296271234,1,0,station_1167,https://s3.eu-central-1.wasabisys.com/satnogs-network/data_obs/2026/7/5/14/14443573/waterfall_14443573_2026-07-05T14-48-09.png,14443573,59051,good,unknown,status,FSK,137900000,29.0,F1SXJ,1167.0,2026-07-05T14:48:09Z,https://s3.eu-central-1.wasabisys.com/satnogs-network/data_obs/2026/7/5/14/14443573/waterfall_14443573_2026-07-05T14-48-09.png
satnogs_14445232,2.406705664496033,1.8903268556972108,0.0,0.0,0.0,0.8463577931567438,0.2549019607843137,0.5,0.0,0.8953494213841784,0.9746737356419505,0.8615090761323028,1,0,station_4680,https://s3.eu-central-1.wasabisys.com/satnogs-network/data_obs/2026/7/5/14/14445232/waterfall_14445232_2026-07-05T14-46-37.png,14445232,59051,good,with-signal,waterfall,FSK,137900000,68.0,MAJESAT,4680.0,2026-07-05T14:46:37Z,https://s3.eu-central-1.wasabisys.com/satnogs-network/data_obs/2026/7/5/14/14445232/waterfall_14445232_2026-07-05T14-46-37.png
satnogs_14444026,1.1037024189594016,1.6764814991152273,0.0,0.0,0.0,0.7522066640534079,0.09803921568627451,0.5,0.0,0.260999305111213,0.9701817200901768,0.937812265861415,1,0,station_4924,https://s3.eu-central-1.wasabisys.com/satnogs-network/data_obs/2026/7/5/13/14444026/waterfall_14444026_2026-07-05T13-12-05.png,14444026,59051,good,with-signal,waterfall,FSK,137900000,66.0,Wroclaw Ground Station,4924.0,2026-07-05T13:12:05Z,https://s3.eu-central-1.wasabisys.com/satnogs-network/data_obs/2026/7/5/13/14444026/waterfall_14444026_2026-07-05T13-12-05.png
satnogs_14443537,0.8919252806236555,2.093890523258655,0.0,0.0,0.0,0.7461692411213008,0.2549019607843137,0.5,0.0,0.2175127711990347,1.0003030309774135,0.9429378049782459,1,0,station_793,https://s3.eu-central-1.wasabisys.com/satnogs-network/data_obs/2026/7/5/13/14443537/waterfall_14443537_2026-07-05T13-11-03.png,14443537,59051,good,unknown,status,FSK,137900000,41.0,F6KRK RX WX,793.0,2026-07-05T13:11:03Z,https://s3.eu-central-1.wasabisys.com/satnogs-network/data_obs/2026/7/5/13/14443537/waterfall_14443537_2026-07-05T13-11-03.png
satnogs_14444308,1.3733020992227871,1.618062114164326,0.0,0.0,0.0,1.114179073273498,0.0196078431372549,0.5,0.0,0.10329917822989988,0.9968892291857995,0.9273836693402097,1,0,station_4084,https://s3.eu-central-1.wasabisys.com/satnogs-network/data_obs/2026/7/5/13/14444308/waterfall_14444308_2026-07-05T13-10-32.png,14444308,59051,good,with-signal,waterfall,FSK,137900000,83.0,Astronomiemuseum Turnstile VHF (Test UHF),4084.0,2026-07-05T13:10:32Z,https://s3.eu-central-1.wasabisys.com/satnogs-network/data_obs/2026/7/5/13/14444308/waterfall_14444308_2026-07-05T13-10-32.png
satnogs_14444483,1.6313264880364164,1.6887556623545394,0.0,0.0,0.0,0.7556594370448708,0.2549019607843137,0.5,0.0,0.6251662784515746,0.9819166067589957,0.9120190651978918,1,0,station_3689,https://s3.eu-central-1.wasabisys.com/satnogs-network/data_obs/2026/7/5/13/14444483/waterfall_14444483_2026-07-05T13-10-17.png,14444483,59051,good,with-signal,waterfall,FSK,137900000,80.0,DF0OHM Turnstile VHF (Test UHF),3689.0,2026-07-05T13:10:17Z,https://s3.eu-central-1.wasabisys.com/satnogs-network/data_obs/2026/7/5/13/14444483/waterfall_14444483_2026-07-05T13-10-17.png
satnogs_14446790,13.868541750978046,3.5177036466144536,0.6015625,0.6953125,0.8651685393258427,23.740981138639476,0.0196078431372549,0.0,0.9921875,1.1384050563518304,0.7980293291240099,0.8241387175178646,1,0,station_4791,https://s3.eu-central-1.wasabisys.com/satnogs-network/data_obs/2026/7/5/20/14446790/waterfall_14446790_2026-07-05T20-08-24.png,14446790,25544,good,with-signal,waterfall,FM,437800000,88.0,MEGANISI_1,4791.0,2026-07-05T20:08:24Z,https://s3.eu-central-1.wasabisys.com/satnogs-network/data_obs/2026/7/5/20/14446790/waterfall_14446790_2026-07-05T20-08-24.png
satnogs_14446579,21.977730792843268,5.017142429614501,0.5,0.5,1.0,14.742938420071651,0.058823529411764705,0.0,0.65625,1.2552985182178156,0.7275166066723003,0.9201736364748287,1,0,station_4188,https://s3.eu-central-1.wasabisys.com/satnogs-network/data_obs/2026/7/5/20/14446579/waterfall_14446579_2026-07-05T20-04-00.png,14446579,25544,good,with-signal,waterfall,FM,437800000,8.0,ISAE Supaero V/UHF,4188.0,2026-07-05T20:04:00Z,https://s3.eu-central-1.wasabisys.com/satnogs-network/data_obs/2026/7/5/20/14446579/waterfall_14446579_2026-07-05T20-04-00.png
satnogs_14445522,30.757145203197705,5.196031639654262,0.34375,0.34375,1.0,10.96926826503812,0.0,0.0,0.4765625,1.7743909836835907,0.7773744472163843,0.9332309124480112,1,0,station_342,https://s3.eu-central-1.wasabisys.com/satnogs-network/data_obs/2026/7/5/20/14445522/waterfall_14445522_2026-07-05T20-02-40.png,14445522,25544,good,with-signal,waterfall,FM,437800000,11.0,EA5WA Pobla Llarga,342.0,2026-07-05T20:02:40Z,https://s3.eu-central-1.wasabisys.com/satnogs-network/data_obs/2026/7/5/20/14445522/waterfall_14445522_2026-07-05T20-02-40.png
satnogs_14432580,12.116945456180591,1.5377211436982727,0.3046875,1.0,0.3046875,13.001390846462641,0.29411764705882354,0.0,1.0,0.8061130601833167,0.8739500827840326,0.6727615578240678,1,0,station_3634,https://s3.eu-central-1.wasabisys.com/satnogs-network/data_obs/2026/7/5/15/14432580/waterfall_14432580_2026-07-05T15-01-50.png,14432580,25544,good,with-signal,waterfall,FM,437800000,36.0,ZR6DM @ Heidelberg - UHF,3634.0,2026-07-05T15:01:50Z,https://s3.eu-central-1.wasabisys.com/satnogs-network/data_obs/2026/7/5/15/14432580/waterfall_14432580_2026-07-05T15-01-50.png
satnogs_14432931,9.124448250872986,2.3180703617503395,0.4140625,0.4140625,1.0,17.401459213729883,0.058823529411764705,0.0,0.671875,1.3623164521437638,0.8354996260943783,0.7748952199651473,1,0,station_3905,https://s3.eu-central-1.wasabisys.com/satnogs-network/data_obs/2026/7/5/14/14432931/waterfall_14432931_2026-07-05T14-40-43.png,14432931,25544,good,with-signal,waterfall,FM,437800000,13.0,LW1EXU-GroundStation,3905.0,2026-07-05T14:40:43Z,https://s3.eu-central-1.wasabisys.com/satnogs-network/data_obs/2026/7/5/14/14432931/waterfall_14432931_2026-07-05T14-40-43.png
satnogs_14435736,2.537369999935763,1.2273367208073032,0.078125,0.078125,1.0,3.719067104336227,0.0196078431372549,0.0,0.2890625,0.8209733974871998,0.9050006725031663,0.7277179451359284,1,0,station_4856,https://s3.eu-central-1.wasabisys.com/satnogs-network/data_obs/2026/7/5/13/14435736/waterfall_14435736_2026-07-05T13-57-17.png,14435736,25544,good,with-signal,waterfall,FM,437800000,10.0,biGS,4856.0,2026-07-05T13:57:17Z,https://s3.eu-central-1.wasabisys.com/satnogs-network/data_obs/2026/7/5/13/14435736/waterfall_14435736_2026-07-05T13-57-17.png
satnogs_14432930,11.63025985148656,2.2629825284748595,0.234375,0.234375,1.0,7.57502340614645,0.058823529411764705,0.0,0.4765625,1.9881525656492534,0.7809356417110722,0.8040563298517123,1,0,station_3905,https://s3.eu-central-1.wasabisys.com/satnogs-network/data_obs/2026/7/5/13/14432930/waterfall_14432930_2026-07-05T13-02-44.png,14432930,25544,good,with-signal,waterfall,FM,437800000,89.0,LW1EXU-GroundStation,3905.0,2026-07-05T13:02:44Z,https://s3.eu-central-1.wasabisys.com/satnogs-network/data_obs/2026/7/5/13/14432930/waterfall_14432930_2026-07-05T13-02-44.png
satnogs_14444973,8.408610440723118,1.7182307102516392,0.1796875,0.1796875,1.0,15.602705525445513,0.0196078431372549,0.0,0.328125,2.4035749463121237,0.6833351596878044,0.7954809028103663,1,0,station_754,https://s3.eu-central-1.wasabisys.com/satnogs-network/data_obs/2026/7/5/12/14444973/waterfall_14444973_2026-07-05T12-39-46.png,14444973,25544,good,with-signal,waterfall,FM,437800000,72.0,W6MSU UHF,754.0,2026-07-05T12:39:46Z,https://s3.eu-central-1.wasabisys.com/satnogs-network/data_obs/2026/7/5/12/14444973/waterfall_14444973_2026-07-05T12-39-46.png
satnogs_14432929,2.8526743558613434,1.3386967747438923,0.078125,0.078125,1.0,5.478067029689617,0.058823529411764705,0.0,0.1875,2.0110489028430516,0.8848647170340732,0.7519312142966103,1,0,station_3905,https://s3.eu-central-1.wasabisys.com/satnogs-network/data_obs/2026/7/5/11/14432929/waterfall_14432929_2026-07-05T11-28-11.png,14432929,25544,good,with-signal,waterfall,FM,437800000,7.0,LW1EXU-GroundStation,3905.0,2026-07-05T11:28:11Z,https://s3.eu-central-1.wasabisys.com/satnogs-network/data_obs/2026/7/5/11/14432929/waterfall_14432929_2026-07-05T11-28-11.png
satnogs_14443677,3.304271579305483,1.260046257387054,0.140625,0.140625,1.0,8.590572940958989,0.0392156862745098,0.0,0.4453125,1.4982243367392856,0.8589549368650189,0.7223347106848766,1,0,station_4944,https://s3.eu-central-1.wasabisys.com/satnogs-network/data_obs/2026/7/5/9/14443677/waterfall_14443677_2026-07-05T09-31-13.png,14443677,25544,good,with-signal,waterfall,FM,437800000,85.0,N8EAL,4944.0,2026-07-05T09:31:13Z,https://s3.eu-central-1.wasabisys.com/satnogs-network/data_obs/2026/7/5/9/14443677/waterfall_14443677_2026-07-05T09-31-13.png
satnogs_14434496,6.0299165910559465,2.853835982625069,1.0,1.0,1.0,5.673592317346411,0.0784313725490196,0.0,1.0,0.1064834194583221,0.9627723221727146,0.8704742852943581,0,0,station_91,https://s3.eu-central-1.wasabisys.com/satnogs-network/data_obs/2026/7/5/13/14434496/waterfall_14434496_2026-07-05T13-13-53.png,14434496,59051,bad,without-signal,waterfall,FSK,137900000,35.0,M0EYT,91.0,2026-07-05T13:13:53Z,https://s3.eu-central-1.wasabisys.com/satnogs-network/data_obs/2026/7/5/13/14434496/waterfall_14434496_2026-07-05T13-13-53.png
satnogs_14442059,4.391416623306558,1.0969552481049076,0.0,0.78125,0.0,3.897227902329146,0.37254901960784315,0.0,1.0,0.6891142018780544,0.9571108712666497,0.7735168418960346,0,0,station_4950,https://s3.eu-central-1.wasabisys.com/satnogs-network/data_obs/2026/7/5/4/14442059/waterfall_14442059_2026-07-05T04-45-35.png,14442059,59051,bad,without-signal,waterfall,FSK,137900000,74.0,jp7dvx,4950.0,2026-07-05T04:45:35Z,https://s3.eu-central-1.wasabisys.com/satnogs-network/data_obs/2026/7/5/4/14442059/waterfall_14442059_2026-07-05T04-45-35.png
satnogs_14421909,2.6582871108783457,1.6650524253194026,0.0,0.015625,0.0,1.4643679704642374,0.35294117647058826,0.5,0.0,0.48385054332234784,0.9496334702500642,0.831040844397702,0,0,station_4326,https://s3.eu-central-1.wasabisys.com/satnogs-network/data_obs/2026/7/3/20/14421909/waterfall_14421909_2026-07-03T20-30-46.png,14421909,59051,bad,without-signal,waterfall,FSK,137900000,30.0,KB9LEB_Debian_12,4326.0,2026-07-03T20:30:46Z,https://s3.eu-central-1.wasabisys.com/satnogs-network/data_obs/2026/7/3/20/14421909/waterfall_14421909_2026-07-03T20-30-46.png
satnogs_14418456,2.473132784747516,1.5025376888243496,0.0,0.0234375,0.0,1.922610928748795,0.43137254901960786,0.08823529411764706,0.15625,0.58002158059116,0.9574813922971472,0.8350564309794909,0,0,station_4326,https://s3.eu-central-1.wasabisys.com/satnogs-network/data_obs/2026/7/3/9/14418456/waterfall_14418456_2026-07-03T09-15-38.png,14418456,59051,bad,without-signal,waterfall,FSK,137900000,27.0,KB9LEB_Debian_12,4326.0,2026-07-03T09:15:38Z,https://s3.eu-central-1.wasabisys.com/satnogs-network/data_obs/2026/7/3/9/14418456/waterfall_14418456_2026-07-03T09-15-38.png
satnogs_14435733,2.2866881845669935,1.033028685114618,0.0,0.015625,0.0,1.3412435752498248,0.5490196078431373,0.5,0.0,0.7706153325074381,0.9046312000179949,0.7335280112194461,0,0,station_4856,https://s3.eu-central-1.wasabisys.com/satnogs-network/data_obs/2026/7/5/20/14435733/waterfall_14435733_2026-07-05T20-27-16.png,14435733,25544,bad,without-signal,waterfall,FM,437800000,15.0,biGS,4856.0,2026-07-05T20:27:16Z,https://s3.eu-central-1.wasabisys.com/satnogs-network/data_obs/2026/7/5/20/14435733/waterfall_14435733_2026-07-05T20-27-16.png
satnogs_14446668,2.3678930917795364,0.8048792041076572,0.0,0.0,0.0,1.5217988030976908,0.4117647058823529,0.5,0.0,0.9936112839928054,0.8903347776763754,0.7196393702744467,0,0,station_5026,https://s3.eu-central-1.wasabisys.com/satnogs-network/data_obs/2026/7/5/20/14446668/waterfall_14446668_2026-07-05T20-07-10.png,14446668,25544,bad,without-signal,waterfall,FM,145800000,66.0,NKUA EVRIPOS - VHF,5026.0,2026-07-05T20:07:10Z,https://s3.eu-central-1.wasabisys.com/satnogs-network/data_obs/2026/7/5/20/14446668/waterfall_14446668_2026-07-05T20-07-10.png
satnogs_14435721,2.4347471317691727,1.0913616724932218,0.0,0.1796875,0.0,1.856129270386847,0.45098039215686275,0.00980392156862745,0.7109375,0.74830661797386,0.9044890838526095,0.737942656739129,0,0,station_4856,https://s3.eu-central-1.wasabisys.com/satnogs-network/data_obs/2026/7/5/18/14435721/waterfall_14435721_2026-07-05T18-49-55.png,14435721,25544,bad,without-signal,waterfall,FM,437800000,45.0,biGS,4856.0,2026-07-05T18:49:55Z,https://s3.eu-central-1.wasabisys.com/satnogs-network/data_obs/2026/7/5/18/14435721/waterfall_14435721_2026-07-05T18-49-55.png
satnogs_14432932,2.1752326993120197,1.0847816906507646,0.0,0.0,0.0,1.179184342686943,0.5098039215686274,0.5,0.0,0.6499822945718751,0.9078846632819269,0.7417916126305443,0,0,station_3905,https://s3.eu-central-1.wasabisys.com/satnogs-network/data_obs/2026/7/5/16/14432932/waterfall_14432932_2026-07-05T16-20-10.png,14432932,25544,bad,without-signal,waterfall,FM,437800000,5.0,LW1EXU-GroundStation,3905.0,2026-07-05T16:20:10Z,https://s3.eu-central-1.wasabisys.com/satnogs-network/data_obs/2026/7/5/16/14432932/waterfall_14432932_2026-07-05T16-20-10.png
satnogs_14436315,2.0909213543774454,1.1560557739384705,0.0,0.0,0.0,1.4662842597317318,0.11764705882352941,0.5,0.0,0.6690770121397656,0.9091784340098329,0.7431208907074934,0,0,station_4632,https://s3.eu-central-1.wasabisys.com/satnogs-network/data_obs/2026/7/5/15/14436315/waterfall_14436315_2026-07-05T15-50-34.png,14436315,25544,bad,without-signal,waterfall,FM,437800000,37.0,KH6DAD-UHF EggNOG,4632.0,2026-07-05T15:50:34Z,https://s3.eu-central-1.wasabisys.com/satnogs-network/data_obs/2026/7/5/15/14436315/waterfall_14436315_2026-07-05T15-50-34.png
satnogs_14445415,2.3607176581680833,1.1787609431166235,0.015625,0.015625,1.0,1.2248488547498422,0.5686274509803921,0.5,0.0,1.8396725640404377,0.8957583894196325,0.7385337574924744,0,0,station_2987,https://s3.eu-central-1.wasabisys.com/satnogs-network/data_obs/2026/7/5/15/14445415/waterfall_14445415_2026-07-05T15-19-04.png,14445415,25544,bad,without-signal,waterfall,FM,437800000,17.0,VU2JEK_Nitin,2987.0,2026-07-05T15:19:04Z,https://s3.eu-central-1.wasabisys.com/satnogs-network/data_obs/2026/7/5/15/14445415/waterfall_14445415_2026-07-05T15-19-04.png
satnogs_14444311,8.267163463998491,0.866035061821935,0.8828125,1.0,0.8828125,1.6739457596336866,0.23529411764705882,0.19607843137254902,1.0,0.4325640831696242,0.8535399056577134,0.502653204570561,0,0,station_4451,https://s3.eu-central-1.wasabisys.com/satnogs-network/data_obs/2026/7/5/10/14444311/waterfall_14444311_2026-07-05T10-32-49.png,14444311,25544,bad,without-signal,waterfall,AFSK,437825000,40.0,(¯`·._.·(¯`·._.· I LOVE BALI ·._.·´¯)·._.·´¯),4451.0,2026-07-05T10:32:49Z,https://s3.eu-central-1.wasabisys.com/satnogs-network/data_obs/2026/7/5/10/14444311/waterfall_14444311_2026-07-05T10-32-49.png
satnogs_14436314,2.174367967569107,1.193816216833214,0.0,0.0,0.0,2.0494542029088536,0.11764705882352941,0.5,0.0,0.679166468063283,0.9088717684840294,0.7482577435499604,0,0,station_4632,https://s3.eu-central-1.wasabisys.com/satnogs-network/data_obs/2026/7/5/7/14436314/waterfall_14436314_2026-07-05T07-37-33.png,14436314,25544,bad,without-signal,waterfall,FM,437800000,20.0,KH6DAD-UHF EggNOG,4632.0,2026-07-05T07:37:33Z,https://s3.eu-central-1.wasabisys.com/satnogs-network/data_obs/2026/7/5/7/14436314/waterfall_14436314_2026-07-05T07-37-33.png
satnogs_14436313,2.039923272563361,1.131733137876169,0.0,0.0,0.0,1.680580476808503,0.17647058823529413,0.5,0.0,0.6508619932616054,0.9089404720121587,0.7396300974187694,0,0,station_4632,https://s3.eu-central-1.wasabisys.com/satnogs-network/data_obs/2026/7/5/6/14436313/waterfall_14436313_2026-07-05T06-01-12.png,14436313,25544,bad,without-signal,waterfall,FM,437800000,18.0,KH6DAD-UHF EggNOG,4632.0,2026-07-05T06:01:12Z,https://s3.eu-central-1.wasabisys.com/satnogs-network/data_obs/2026/7/5/6/14436313/waterfall_14436313_2026-07-05T06-01-12.png
satnogs_14440575,2.936261895853541,0.961889746812189,0.0078125,0.0625,0.125,2.2932685822204246,0.45098039215686275,0.24509803921568626,0.7734375,0.5069120816569368,0.8931898440249642,0.7290242208363483,0,0,station_5026,https://s3.eu-central-1.wasabisys.com/satnogs-network/data_obs/2026/7/5/3/14440575/waterfall_14440575_2026-07-05T03-25-07.png,14440575,25544,bad,without-signal,waterfall,SSTV,145800000,47.0,NKUA EVRIPOS - VHF,5026.0,2026-07-05T03:25:07Z,https://s3.eu-central-1.wasabisys.com/satnogs-network/data_obs/2026/7/5/3/14440575/waterfall_14440575_2026-07-05T03-25-07.png
satnogs_14820463,1.0937480838330713,1.5331944006034042,0.0,0.0,0.0,0.9226562343719463,0.0392156862745098,0.5,0.0,0.531901618315969,1.0021193029646516,0.933312155734555,1,0,station_4621,https://s3.eu-central-1.wasabisys.com/satnogs-network/data_obs/2026/8/19/20/14820463/waterfall_14820463_2026-08-19T20-01-27.png,14820463,57166,good,unknown,status,FSK,137900000,46.0,B-Raspi,4621.0,2026-08-19T20:01:27Z,https://s3.eu-central-1.wasabisys.com/satnogs-network/data_obs/2026/8/19/20/14820463/waterfall_14820463_2026-08-19T20-01-27.png
satnogs_14821026,2.339405623754069,2.07249719017289,0.0,0.0,0.0,0.9142852647473649,0.23529411764705882,0.5,0.0,0.8863170652571482,0.968954533380281,0.9289996652388891,1,0,station_4924,https://s3.eu-central-1.wasabisys.com/satnogs-network/data_obs/2026/8/19/20/14821026/waterfall_14821026_2026-08-19T20-01-20.png,14821026,57166,good,with-signal,waterfall,FSK,137900000,41.0,Wroclaw Ground Station,4924.0,2026-08-19T20:01:20Z,https://s3.eu-central-1.wasabisys.com/satnogs-network/data_obs/2026/8/19/20/14821026/waterfall_14821026_2026-08-19T20-01-20.png
satnogs_14827332,0.9966698515401952,1.7749911474555125,0.0,0.0,0.0,1.0078597555397397,0.058823529411764705,0.5,0.0,0.20519401682244287,1.0016696255201218,0.937779691456131,1,0,station_793,https://s3.eu-central-1.wasabisys.com/satnogs-network/data_obs/2026/8/19/19/14827332/waterfall_14827332_2026-08-19T19-58-37.png,14827332,57166,good,unknown,status,FSK,137900000,66.0,F6KRK RX WX,793.0,2026-08-19T19:58:37Z,https://s3.eu-central-1.wasabisys.com/satnogs-network/data_obs/2026/8/19/19/14827332/waterfall_14827332_2026-08-19T19-58-37.png
satnogs_14828016,1.0117361392148927,1.4754470603161,0.0,0.0,0.0,0.752331207609676,0.23529411764705882,0.5,0.0,0.3703661495489806,0.9978822500191069,0.9315356570350632,1,0,station_4084,https://s3.eu-central-1.wasabisys.com/satnogs-network/data_obs/2026/8/19/19/14828016/waterfall_14828016_2026-08-19T19-58-36.png,14828016,57166,good,with-signal,waterfall,FSK,137900000,63.0,Astronomiemuseum Turnstile VHF (Test UHF),4084.0,2026-08-19T19:58:36Z,https://s3.eu-central-1.wasabisys.com/satnogs-network/data_obs/2026/8/19/19/14828016/waterfall_14828016_2026-08-19T19-58-36.png
satnogs_14827939,4.476451885044414,1.475208913285404,0.0,0.0390625,0.0,1.0106321640469944,0.0392156862745098,0.024509803921568627,0.0390625,0.7099558703655761,0.9706327845848669,0.9103998179465738,1,0,station_3689,https://s3.eu-central-1.wasabisys.com/satnogs-network/data_obs/2026/8/19/19/14827939/waterfall_14827939_2026-08-19T19-58-21.png,14827939,57166,good,with-signal,waterfall,FSK,137900000,64.0,DF0OHM Turnstile VHF (Test UHF),3689.0,2026-08-19T19:58:21Z,https://s3.eu-central-1.wasabisys.com/satnogs-network/data_obs/2026/8/19/19/14827939/waterfall_14827939_2026-08-19T19-58-21.png
satnogs_14820135,1.0157993365611373,1.4989415102024974,0.0,0.0,0.0,0.9219315108092684,0.0392156862745098,0.5,0.0,0.18711788001158808,0.9895138550696315,0.9258379522368646,1,0,station_2381,https://s3.eu-central-1.wasabisys.com/satnogs-network/data_obs/2026/8/19/19/14820135/waterfall_14820135_2026-08-19T19-58-10.png,14820135,57166,good,unknown,status,FSK,137900000,34.0,Piszkesteto VHF,2381.0,2026-08-19T19:58:10Z,https://s3.eu-central-1.wasabisys.com/satnogs-network/data_obs/2026/8/19/19/14820135/waterfall_14820135_2026-08-19T19-58-10.png
satnogs_14812585,1.1842204174016557,1.7331608134679601,0.0,0.0,0.0,0.9978422230047397,0.0392156862745098,0.5,0.0,0.52112730640627,1.0042481429658132,0.9360238641710752,1,0,station_39,https://s3.eu-central-1.wasabisys.com/satnogs-network/data_obs/2026/8/19/19/14812585/waterfall_14812585_2026-08-19T19-56-56.png,14812585,57166,good,unknown,status,FSK,137900000,81.0,CGBSAT-VHF,39.0,2026-08-19T19:56:56Z,https://s3.eu-central-1.wasabisys.com/satnogs-network/data_obs/2026/8/19/19/14812585/waterfall_14812585_2026-08-19T19-56-56.png
satnogs_14828404,2.0667190388903496,1.476276333729626,0.0390625,0.046875,0.8333333333333334,1.0573808996127974,0.17647058823529413,0.0,0.6640625,0.4734565327169252,0.9804048173350642,0.8765301342954592,1,0,station_5026,https://s3.eu-central-1.wasabisys.com/satnogs-network/data_obs/2026/8/19/19/14828404/waterfall_14828404_2026-08-19T19-55-40.png,14828404,57166,good,unknown,status,FSK,137900000,28.0,NKUA EVRIPOS - VHF,5026.0,2026-08-19T19:55:40Z,https://s3.eu-central-1.wasabisys.com/satnogs-network/data_obs/2026/8/19/19/14828404/waterfall_14828404_2026-08-19T19-55-40.png
satnogs_14818748,2.2978414009287396,1.7587174232058982,0.0,0.0,0.0,0.75328640894816,0.21568627450980393,0.5,0.0,0.7462299099490531,0.9766281857696618,0.8677025936718137,1,0,station_4825,https://s3.eu-central-1.wasabisys.com/satnogs-network/data_obs/2026/8/19/18/14818748/waterfall_14818748_2026-08-19T18-40-23.png,14818748,57166,good,unknown,status,FSK,137900000,39.0,PISTATION-VHF,4825.0,2026-08-19T18:40:23Z,https://s3.eu-central-1.wasabisys.com/satnogs-network/data_obs/2026/8/19/18/14818748/waterfall_14818748_2026-08-19T18-40-23.png
satnogs_14826905,1.1365169297180642,1.827734242383884,0.0703125,0.0703125,1.0,1.4043282633133043,0.058823529411764705,0.0,0.0703125,0.26207818364689645,0.999304738672807,0.9379303374787371,1,0,station_793,https://s3.eu-central-1.wasabisys.com/satnogs-network/data_obs/2026/8/19/18/14826905/waterfall_14826905_2026-08-19T18-22-37.png,14826905,57166,good,unknown,status,FSK,137900000,13.0,F6KRK RX WX,793.0,2026-08-19T18:22:37Z,https://s3.eu-central-1.wasabisys.com/satnogs-network/data_obs/2026/8/19/18/14826905/waterfall_14826905_2026-08-19T18-22-37.png
satnogs_14826722,2.0422081328596913,1.921685616330259,0.0,0.0,0.0,0.8280534433691424,0.3333333333333333,0.5,0.0,0.6208980567441624,0.9686013996996884,0.8507568911215969,1,0,station_2107,https://s3.eu-central-1.wasabisys.com/satnogs-network/data_obs/2026/8/19/19/14826722/waterfall_14826722_2026-08-19T19-10-04.png,14826722,59051,good,with-signal,waterfall,FSK,137900000,17.0,JH4XSY-pi,2107.0,2026-08-19T19:10:04Z,https://s3.eu-central-1.wasabisys.com/satnogs-network/data_obs/2026/8/19/19/14826722/waterfall_14826722_2026-08-19T19-10-04.png
satnogs_14826508,2.013405252168941,1.91628528181811,0.0,0.0,0.0,0.7556542331656017,0.058823529411764705,0.5,0.0,0.7303803631709611,0.9805838494942294,0.9026810352395247,1,0,station_2107,https://s3.eu-central-1.wasabisys.com/satnogs-network/data_obs/2026/8/19/17/14826508/waterfall_14826508_2026-08-19T17-32-18.png,14826508,59051,good,unknown,status,FSK,137900000,52.0,JH4XSY-pi,2107.0,2026-08-19T17:32:18Z,https://s3.eu-central-1.wasabisys.com/satnogs-network/data_obs/2026/8/19/17/14826508/waterfall_14826508_2026-08-19T17-32-18.png
satnogs_14826882,1.2186177587182183,1.516971248589421,0.0,0.0,0.0,0.8394317312263303,0.23529411764705882,0.5,0.0,0.6289887407986022,0.9885642451844739,0.9131776250063023,1,0,station_766,https://s3.eu-central-1.wasabisys.com/satnogs-network/data_obs/2026/8/19/15/14826882/waterfall_14826882_2026-08-19T15-20-53.png,14826882,59051,good,with-signal,waterfall,FSK,137900000,25.0,Dunchurch,766.0,2026-08-19T15:20:53Z,https://s3.eu-central-1.wasabisys.com/satnogs-network/data_obs/2026/8/19/15/14826882/waterfall_14826882_2026-08-19T15-20-53.png
satnogs_14820473,1.077244234559742,1.5579054241787613,0.0,0.0,0.0,0.7258749066521327,0.23529411764705882,0.5,0.0,0.3911512799173867,0.9992745648742081,0.92720854896536,1,0,station_4621,https://s3.eu-central-1.wasabisys.com/satnogs-network/data_obs/2026/8/19/15/14820473/waterfall_14820473_2026-08-19T15-20-36.png,14820473,59051,good,unknown,status,FSK,137900000,35.0,B-Raspi,4621.0,2026-08-19T15:20:36Z,https://s3.eu-central-1.wasabisys.com/satnogs-network/data_obs/2026/8/19/15/14820473/waterfall_14820473_2026-08-19T15-20-36.png
satnogs_14825870,0.8712845454376572,1.9363285296476822,0.0,0.0,0.0,0.7613257567876175,0.2549019607843137,0.5,0.0,0.10503167083508433,0.9980537517806204,0.9424945884040995,1,0,station_793,https://s3.eu-central-1.wasabisys.com/satnogs-network/data_obs/2026/8/19/15/14825870/waterfall_14825870_2026-08-19T15-19-10.png,14825870,59051,good,unknown,status,FSK,137900000,20.0,F6KRK RX WX,793.0,2026-08-19T15:19:10Z,https://s3.eu-central-1.wasabisys.com/satnogs-network/data_obs/2026/8/19/15/14825870/waterfall_14825870_2026-08-19T15-19-10.png
satnogs_14820472,1.0626868800386644,1.582822851866815,0.0,0.0,0.0,0.7533036564346859,0.23529411764705882,0.5,0.0,0.4968420377975866,1.0015162291203499,0.9322141603557221,1,0,station_4621,https://s3.eu-central-1.wasabisys.com/satnogs-network/data_obs/2026/8/19/13/14820472/waterfall_14820472_2026-08-19T13-40-07.png,14820472,59051,good,unknown,status,FSK,137900000,46.0,B-Raspi,4621.0,2026-08-19T13:40:07Z,https://s3.eu-central-1.wasabisys.com/satnogs-network/data_obs/2026/8/19/13/14820472/waterfall_14820472_2026-08-19T13-40-07.png
satnogs_14821024,1.551328746796169,1.670570061515321,0.0,0.0,0.0,0.7369078113612278,0.1568627450980392,0.5,0.0,0.5644078882777211,0.9462756451248969,0.907974147943126,1,0,station_4924,https://s3.eu-central-1.wasabisys.com/satnogs-network/data_obs/2026/8/19/13/14821024/waterfall_14821024_2026-08-19T13-39-59.png,14821024,59051,good,with-signal,waterfall,FSK,137900000,41.0,Wroclaw Ground Station,4924.0,2026-08-19T13:39:59Z,https://s3.eu-central-1.wasabisys.com/satnogs-network/data_obs/2026/8/19/13/14821024/waterfall_14821024_2026-08-19T13-39-59.png
satnogs_14826703,1.6243064355264396,1.4767905461306803,0.0,0.0,0.0,0.8254070520451738,0.27450980392156865,0.5,0.0,0.5832771225218362,0.9840271714078639,0.9019415920512966,1,0,station_766,https://s3.eu-central-1.wasabisys.com/satnogs-network/data_obs/2026/8/19/13/14826703/waterfall_14826703_2026-08-19T13-39-19.png,14826703,59051,good,with-signal,waterfall,FSK,137900000,61.0,Dunchurch,766.0,2026-08-19T13:39:19Z,https://s3.eu-central-1.wasabisys.com/satnogs-network/data_obs/2026/8/19/13/14826703/waterfall_14826703_2026-08-19T13-39-19.png
satnogs_14825188,0.8768379873195737,2.0223912644023616,0.0,0.0,0.0,0.7592721103814045,0.2549019607843137,0.5,0.0,0.13774087210753125,1.001084301899406,0.9428556770390578,1,0,station_793,https://s3.eu-central-1.wasabisys.com/satnogs-network/data_obs/2026/8/19/13/14825188/waterfall_14825188_2026-08-19T13-37-17.png,14825188,59051,good,unknown,status,FSK,137900000,66.0,F6KRK RX WX,793.0,2026-08-19T13:37:17Z,https://s3.eu-central-1.wasabisys.com/satnogs-network/data_obs/2026/8/19/13/14825188/waterfall_14825188_2026-08-19T13-37-17.png
satnogs_14826230,0.9078051731320212,1.78741766808457,0.0,0.0,0.0,0.756684046626911,0.2549019607843137,0.5,0.0,0.20203025989346507,1.00114089423386,0.9393783754955036,1,0,station_4084,https://s3.eu-central-1.wasabisys.com/satnogs-network/data_obs/2026/8/19/13/14826230/waterfall_14826230_2026-08-19T13-37-15.png,14826230,59051,good,with-signal,waterfall,FSK,137900000,63.0,Astronomiemuseum Turnstile VHF (Test UHF),4084.0,2026-08-19T13:37:15Z,https://s3.eu-central-1.wasabisys.com/satnogs-network/data_obs/2026/8/19/13/14826230/waterfall_14826230_2026-08-19T13-37-15.png
satnogs_14827446,6.707738077106663,0.46841458109942935,0.0,0.1171875,0.0,1.0814535322567371,0.6274509803921569,0.0196078431372549,0.8046875,1.196205812048436,0.7416216976943691,0.9057537772700746,1,0,station_3929,https://s3.eu-central-1.wasabisys.com/satnogs-network/data_obs/2026/8/19/19/14827446/waterfall_14827446_2026-08-19T19-57-34.png,14827446,25544,good,with-signal,waterfall,FM,437800000,29.0,Facultad de Ingeniería 1 y 47 - UNLP,3929.0,2026-08-19T19:57:34Z,https://s3.eu-central-1.wasabisys.com/satnogs-network/data_obs/2026/8/19/19/14827446/waterfall_14827446_2026-08-19T19-57-34.png
satnogs_14813234,11.345095167434314,2.225727991857744,0.2734375,0.2734375,1.0,13.208388271008939,0.058823529411764705,0.0,0.6015625,1.9218139315278362,0.836477296133786,0.7910315658644259,1,0,station_3905,https://s3.eu-central-1.wasabisys.com/satnogs-network/data_obs/2026/8/19/19/14813234/waterfall_14813234_2026-08-19T19-55-22.png,14813234,25544,good,with-signal,waterfall,FM,437800000,30.0,LW1EXU-GroundStation,3905.0,2026-08-19T19:55:22Z,https://s3.eu-central-1.wasabisys.com/satnogs-network/data_obs/2026/8/19/19/14813234/waterfall_14813234_2026-08-19T19-55-22.png
satnogs_14813247,6.281391270521001,1.7979999826533155,0.2109375,0.2109375,1.0,9.712972135901637,0.0196078431372549,0.0,0.6171875,1.8177139818014456,0.8593195602062677,0.756824875251479,1,0,station_4762,https://s3.eu-central-1.wasabisys.com/satnogs-network/data_obs/2026/8/19/19/14813247/waterfall_14813247_2026-08-19T19-55-20.png,14813247,25544,good,with-signal,waterfall,FM,437800000,29.0,SatNogs CNLP,4762.0,2026-08-19T19:55:20Z,https://s3.eu-central-1.wasabisys.com/satnogs-network/data_obs/2026/8/19/19/14813247/waterfall_14813247_2026-08-19T19-55-20.png
satnogs_14813233,5.5678389645086375,1.8053000409726523,0.296875,0.296875,1.0,13.53433603174157,0.058823529411764705,0.0,0.8203125,1.333750208402456,0.8877792827656064,0.7525817921756557,1,0,station_3905,https://s3.eu-central-1.wasabisys.com/satnogs-network/data_obs/2026/8/19/18/14813233/waterfall_14813233_2026-08-19T18-18-52.png,14813233,25544,good,with-signal,waterfall,FM,437800000,24.0,LW1EXU-GroundStation,3905.0,2026-08-19T18:18:52Z,https://s3.eu-central-1.wasabisys.com/satnogs-network/data_obs/2026/8/19/18/14813233/waterfall_14813233_2026-08-19T18-18-52.png
satnogs_14813246,6.775887112207091,1.9625570433720627,0.328125,0.328125,1.0,19.28574601022854,0.0196078431372549,0.0,0.84375,1.5543762783192816,0.8429754104777667,0.7571423271108711,1,0,station_4762,https://s3.eu-central-1.wasabisys.com/satnogs-network/data_obs/2026/8/19/18/14813246/waterfall_14813246_2026-08-19T18-18-50.png,14813246,25544,good,with-signal,waterfall,FM,437800000,24.0,SatNogs CNLP,4762.0,2026-08-19T18:18:50Z,https://s3.eu-central-1.wasabisys.com/satnogs-network/data_obs/2026/8/19/18/14813246/waterfall_14813246_2026-08-19T18-18-50.png
satnogs_14827330,12.167275501016674,2.7796940538214803,0.4921875,0.4921875,1.0,20.037701043760837,0.0196078431372549,0.0,0.7421875,1.3990326706687948,0.8043608578357412,0.8333519288511093,1,0,station_754,https://s3.eu-central-1.wasabisys.com/satnogs-network/data_obs/2026/8/19/17/14827330/waterfall_14827330_2026-08-19T17-56-00.png,14827330,25544,good,with-signal,waterfall,FM,437800000,34.0,W6MSU UHF,754.0,2026-08-19T17:56:00Z,https://s3.eu-central-1.wasabisys.com/satnogs-network/data_obs/2026/8/19/17/14827330/waterfall_14827330_2026-08-19T17-56-00.png
satnogs_14822170,15.927061606948312,4.503381047069079,0.796875,1.0,0.796875,20.569918606479735,0.058823529411764705,0.0,1.0,0.8266838895889617,0.9166419650208716,0.8122897609102885,1,0,station_4803,https://s3.eu-central-1.wasabisys.com/satnogs-network/data_obs/2026/8/19/16/14822170/waterfall_14822170_2026-08-19T16-26-42.png,14822170,25544,good,with-signal,waterfall,FM,437800000,13.0,KC1OCA  UC-4364-531R (UHF),4803.0,2026-08-19T16:26:42Z,https://s3.eu-central-1.wasabisys.com/satnogs-network/data_obs/2026/8/19/16/14822170/waterfall_14822170_2026-08-19T16-26-42.png
satnogs_14811411,7.567046026591453,2.1505274793535185,0.3828125,0.3828125,1.0,26.77335047682567,0.0196078431372549,0.0,0.4375,1.2475732257024674,0.8935910336093351,0.7569383877272645,1,0,station_4326,https://s3.eu-central-1.wasabisys.com/satnogs-network/data_obs/2026/8/19/16/14811411/waterfall_14811411_2026-08-19T16-24-42.png,14811411,25544,good,with-signal,waterfall,FM,437800000,47.0,KB9LEB_Debian_12,4326.0,2026-08-19T16:24:42Z,https://s3.eu-central-1.wasabisys.com/satnogs-network/data_obs/2026/8/19/16/14811411/waterfall_14811411_2026-08-19T16-24-42.png
satnogs_14822159,25.42730973409196,5.961071001471742,0.8203125,0.9921875,0.8267716535433071,25.751989408800384,0.058823529411764705,0.0,1.0,1.1077999373693594,0.9059114610713287,0.8948868423302156,1,0,station_4803,https://s3.eu-central-1.wasabisys.com/satnogs-network/data_obs/2026/8/19/14/14822159/waterfall_14822159_2026-08-19T14-48-54.png,14822159,25544,good,with-signal,waterfall,FM,437800000,77.0,KC1OCA  UC-4364-531R (UHF),4803.0,2026-08-19T14:48:54Z,https://s3.eu-central-1.wasabisys.com/satnogs-network/data_obs/2026/8/19/14/14822159/waterfall_14822159_2026-08-19T14-48-54.png
satnogs_14811521,2.2380446512882837,1.1291846324223742,0.0,0.0,0.0,1.371252440256662,0.3333333333333333,0.5,0.0,1.022520648135707,0.9079337457254507,0.7453541917754514,1,0,station_3634,https://s3.eu-central-1.wasabisys.com/satnogs-network/data_obs/2026/8/19/13/14811521/waterfall_14811521_2026-08-19T13-43-10.png,14811521,25544,good,with-signal,waterfall,FM,437800000,21.0,ZR6DM @ Heidelberg - UHF,3634.0,2026-08-19T13:43:10Z,https://s3.eu-central-1.wasabisys.com/satnogs-network/data_obs/2026/8/19/13/14811521/waterfall_14811521_2026-08-19T13-43-10.png
satnogs_14826070,21.164426263576406,1.0157891826051302,0.4453125,1.0,0.4453125,15.212441031298496,0.49019607843137253,0.0,1.0,0.2547944232820946,0.974868652286645,0.5576886449638112,0,0,station_4950,https://s3.eu-central-1.wasabisys.com/satnogs-network/data_obs/2026/8/19/11/14826070/waterfall_14826070_2026-08-19T11-32-37.png,14826070,57166,bad,without-signal,waterfall,FSK,137900000,63.0,jp7dvx,4950.0,2026-08-19T11:32:37Z,https://s3.eu-central-1.wasabisys.com/satnogs-network/data_obs/2026/8/19/11/14826070/waterfall_14826070_2026-08-19T11-32-37.png
satnogs_14820490,20.58102382701061,0.5817115430790929,0.734375,1.0,0.734375,10.638612188052537,0.49019607843137253,0.0,1.0,0.22433954093831784,0.9799284695431018,0.5989835957612332,0,0,station_4950,https://s3.eu-central-1.wasabisys.com/satnogs-network/data_obs/2026/8/19/0/14820490/waterfall_14820490_2026-08-19T00-11-57.png,14820490,57166,bad,without-signal,waterfall,FSK,137900000,86.0,jp7dvx,4950.0,2026-08-19T00:11:57Z,https://s3.eu-central-1.wasabisys.com/satnogs-network/data_obs/2026/8/19/0/14820490/waterfall_14820490_2026-08-19T00-11-57.png
satnogs_14805684,1.8528019414172547,0.554289045419891,0.0,0.0,0.0,0.8371005821920067,0.6666666666666666,0.5,0.0,0.8511084513790621,0.9460363686693629,0.9334074485605419,0,0,station_91,https://s3.eu-central-1.wasabisys.com/satnogs-network/data_obs/2026/8/18/20/14805684/waterfall_14805684_2026-08-18T20-24-04.png,14805684,57166,bad,without-signal,waterfall,FSK,137900000,81.0,M0EYT,91.0,2026-08-18T20:24:04Z,https://s3.eu-central-1.wasabisys.com/satnogs-network/data_obs/2026/8/18/20/14805684/waterfall_14805684_2026-08-18T20-24-04.png
satnogs_14817298,22.522691796265256,0.7848234903026368,0.5546875,1.0,0.5546875,28.2709014587035,0.45098039215686275,0.0,1.0,0.316418848993656,0.9789911336096773,0.5707157538721223,0,0,station_4950,https://s3.eu-central-1.wasabisys.com/satnogs-network/data_obs/2026/8/18/11/14817298/waterfall_14817298_2026-08-18T11-56-47.png,14817298,57166,bad,without-signal,waterfall,FSK,137900000,38.0,jp7dvx,4950.0,2026-08-18T11:56:47Z,https://s3.eu-central-1.wasabisys.com/satnogs-network/data_obs/2026/8/18/11/14817298/waterfall_14817298_2026-08-18T11-56-47.png
satnogs_14805601,5.740725752057205,2.4432765500493536,0.8203125,0.8203125,1.0,4.399868787927134,0.09803921568627451,0.0,0.84375,0.31865047197720886,0.9660002623061845,0.8562465165045764,0,0,station_91,https://s3.eu-central-1.wasabisys.com/satnogs-network/data_obs/2026/8/18/10/14805601/waterfall_14805601_2026-08-18T10-38-19.png,14805601,57166,bad,without-signal,waterfall,FSK,137900000,45.0,M0EYT,91.0,2026-08-18T10:38:19Z,https://s3.eu-central-1.wasabisys.com/satnogs-network/data_obs/2026/8/18/10/14805601/waterfall_14805601_2026-08-18T10-38-19.png
satnogs_14801183,2.444585259181956,1.9088639910265583,0.0,0.0,0.0,1.411832637002275,0.0392156862745098,0.5,0.0,0.8700380882365876,0.967187490753548,0.8564804590237267,0,0,station_4545,https://s3.eu-central-1.wasabisys.com/satnogs-network/data_obs/2026/8/17/20/14801183/waterfall_14801183_2026-08-17T20-47-06.png,14801183,57166,bad,without-signal,waterfall,FSK,137900000,31.0,OE9BKJ,4545.0,2026-08-17T20:47:06Z,https://s3.eu-central-1.wasabisys.com/satnogs-network/data_obs/2026/8/17/20/14801183/waterfall_14801183_2026-08-17T20-47-06.png
satnogs_14801182,1.461843751149703,1.4976753682737582,0.0,0.0,0.0,1.0554525163100046,0.0392156862745098,0.5,0.0,0.5221487327573129,0.9873649543946912,0.8813863970058979,0,0,station_4545,https://s3.eu-central-1.wasabisys.com/satnogs-network/data_obs/2026/8/17/19/14801182/waterfall_14801182_2026-08-17T19-06-34.png,14801182,57166,bad,without-signal,waterfall,FSK,137900000,41.0,OE9BKJ,4545.0,2026-08-17T19:06:34Z,https://s3.eu-central-1.wasabisys.com/satnogs-network/data_obs/2026/8/17/19/14801182/waterfall_14801182_2026-08-17T19-06-34.png
satnogs_14805244,3.8850667745851886,0.6663336368541752,0.0,0.3515625,0.0,2.626625097227932,0.5098039215686274,0.0,0.984375,0.8865609584523156,0.9424346060232076,0.7679082198408039,0,0,station_None,https://s3.eu-central-1.wasabisys.com/satnogs-network/data_obs/2026/8/17/11/14805244/waterfall_14805244_2026-08-17T11-22-12.png,14805244,57166,bad,without-signal,waterfall,LRPT,137900000,32.0,,,2026-08-17T11:22:12Z,https://s3.eu-central-1.wasabisys.com/satnogs-network/data_obs/2026/8/17/11/14805244/waterfall_14805244_2026-08-17T11-22-12.png
satnogs_14805242,3.500387099044575,0.8204493846436223,0.0,0.2265625,0.0,2.4769596826736264,0.5098039215686274,0.0,0.828125,0.9034821270365813,0.9430851496896314,0.7638733276520556,0,0,station_None,https://s3.eu-central-1.wasabisys.com/satnogs-network/data_obs/2026/8/17/0/14805242/waterfall_14805242_2026-08-17T00-07-17.png,14805242,57166,bad,without-signal,waterfall,LRPT,137900000,36.0,,,2026-08-17T00:07:17Z,https://s3.eu-central-1.wasabisys.com/satnogs-network/data_obs/2026/8/17/0/14805242/waterfall_14805242_2026-08-17T00-07-17.png
satnogs_14822382,3.991720625927431,0.9388455718689743,0.0,0.5,0.0,2.1083132334673653,0.39215686274509803,0.0,0.8984375,1.1833440173598329,0.9610945902413912,0.8114613916157307,0,0,station_4806,https://s3.eu-central-1.wasabisys.com/satnogs-network/data_obs/2026/8/19/18/14822382/waterfall_14822382_2026-08-19T18-38-58.png,14822382,59051,bad,without-signal,waterfall,FSK,137900000,58.0,KC1OCA UC-1464-531L (VHF),4806.0,2026-08-19T18:38:58Z,https://s3.eu-central-1.wasabisys.com/satnogs-network/data_obs/2026/8/19/18/14822382/waterfall_14822382_2026-08-19T18-38-58.png
satnogs_14813584,2.1881213379550615,0.647793643825319,0.0,0.0,0.0,0.9806634634401121,0.09803921568627451,0.5,0.0,0.6241546532420635,0.9449202900686918,0.9109763988555942,0,0,station_91,https://s3.eu-central-1.wasabisys.com/satnogs-network/data_obs/2026/8/19/13/14813584/waterfall_14813584_2026-08-19T13-39-46.png,14813584,59051,bad,without-signal,waterfall,FSK,137900000,54.0,M0EYT,91.0,2026-08-19T13:39:46Z,https://s3.eu-central-1.wasabisys.com/satnogs-network/data_obs/2026/8/19/13/14813584/waterfall_14813584_2026-08-19T13-39-46.png
satnogs_14812070,5.495518852016735,1.3858812934699376,0.0,0.8515625,0.0,4.724131931066707,0.5098039215686274,0.0,0.9609375,0.5836886341832945,0.9570523710708162,0.793074253295532,0,0,station_5068,https://s3.eu-central-1.wasabisys.com/satnogs-network/data_obs/2026/8/18/0/14812070/waterfall_14812070_2026-08-18T00-52-50.png,14812070,59051,bad,without-signal,waterfall,FSK,137900000,22.0,329CZ144,5068.0,2026-08-18T00:52:50Z,https://s3.eu-central-1.wasabisys.com/satnogs-network/data_obs/2026/8/18/0/14812070/waterfall_14812070_2026-08-18T00-52-50.png
satnogs_14805245,3.5784559012625268,0.1821834160058476,0.0,0.0859375,0.0,2.6597932806191564,0.43137254901960786,0.0,0.65625,0.47468875986527875,0.9818420284412173,0.9372560133646207,0,0,station_None,https://s3.eu-central-1.wasabisys.com/satnogs-network/data_obs/2026/8/17/18/14805245/waterfall_14805245_2026-08-17T18-59-43.png,14805245,59051,bad,without-signal,waterfall,LRPT,137900000,39.0,,,2026-08-17T18:59:43Z,https://s3.eu-central-1.wasabisys.com/satnogs-network/data_obs/2026/8/17/18/14805245/waterfall_14805245_2026-08-17T18-59-43.png
satnogs_14806065,6.019566555375703,0.6458865083745964,0.0,0.9453125,0.0,3.533613550970605,0.45098039215686275,0.0,1.0,1.0307228448178847,0.9566843412218387,0.7190888980149258,0,0,station_4806,https://s3.eu-central-1.wasabisys.com/satnogs-network/data_obs/2026/8/17/17/14806065/waterfall_14806065_2026-08-17T17-43-59.png,14806065,59051,bad,without-signal,waterfall,FSK,137900000,20.0,KC1OCA UC-1464-531L (VHF),4806.0,2026-08-17T17:43:59Z,https://s3.eu-central-1.wasabisys.com/satnogs-network/data_obs/2026/8/17/17/14806065/waterfall_14806065_2026-08-17T17-43-59.png
satnogs_14801195,1.1631524321586184,1.4856458568858546,0.0,0.0,0.0,0.7176669745632286,0.19607843137254902,0.5,0.0,0.32406238562543493,0.9861702835733561,0.8871946818099594,0,0,station_4545,https://s3.eu-central-1.wasabisys.com/satnogs-network/data_obs/2026/8/17/14/14801195/waterfall_14801195_2026-08-17T14-22-24.png,14801195,59051,bad,without-signal,waterfall,FSK,137900000,33.0,OE9BKJ,4545.0,2026-08-17T14:22:24Z,https://s3.eu-central-1.wasabisys.com/satnogs-network/data_obs/2026/8/17/14/14801195/waterfall_14801195_2026-08-17T14-22-24.png
satnogs_14801194,1.4590186332395998,1.5531798131833545,0.0,0.0,0.0,0.8557442904407194,0.1568627450980392,0.5,0.0,0.3921007017033279,0.9822743176998747,0.8702255604926112,0,0,station_4545,https://s3.eu-central-1.wasabisys.com/satnogs-network/data_obs/2026/8/17/12/14801194/waterfall_14801194_2026-08-17T12-42-04.png,14801194,59051,bad,without-signal,waterfall,FSK,137900000,39.0,OE9BKJ,4545.0,2026-08-17T12:42:04Z,https://s3.eu-central-1.wasabisys.com/satnogs-network/data_obs/2026/8/17/12/14801194/waterfall_14801194_2026-08-17T12-42-04.png
satnogs_14806025,6.9008096255748095,1.0379931630720973,0.0,0.96875,0.0,4.064003661671237,0.39215686274509803,0.0,1.0,0.677451634636134,0.9564924379598927,0.6935996409009425,0,0,station_4806,https://s3.eu-central-1.wasabisys.com/satnogs-network/data_obs/2026/8/17/7/14806025/waterfall_14806025_2026-08-17T07-59-56.png,14806025,59051,bad,without-signal,waterfall,FSK,137900000,84.0,KC1OCA UC-1464-531L (VHF),4806.0,2026-08-17T07:59:56Z,https://s3.eu-central-1.wasabisys.com/satnogs-network/data_obs/2026/8/17/7/14806025/waterfall_14806025_2026-08-17T07-59-56.png
satnogs_14805718,1.7986420252709205,1.8873908899761074,0.0,0.0,0.0,0.7570775722355826,0.29411764705882354,0.5,0.0,0.7539718914755148,0.9973443186610657,0.9193670388125068,0,0,station_5134,https://s3.eu-central-1.wasabisys.com/satnogs-network/data_obs/2026/8/17/2/14805718/waterfall_14805718_2026-08-17T02-56-46.png,14805718,59051,bad,without-signal,waterfall,FSK,137900000,76.0,SANTS-BCN,5134.0,2026-08-17T02:56:46Z,https://s3.eu-central-1.wasabisys.com/satnogs-network/data_obs/2026/8/17/2/14805718/waterfall_14805718_2026-08-17T02-56-46.png
satnogs_14811946,2.225819506272764,1.021813204743654,0.0,0.0,0.0,2.285900195772361,0.7058823529411765,0.5,0.0,0.8724771777091622,0.9065564325662204,0.7372089637460342,0,0,station_5078,https://s3.eu-central-1.wasabisys.com/satnogs-network/data_obs/2026/8/19/19/14811946/waterfall_14811946_2026-08-19T19-35-54.png,14811946,25544,bad,without-signal,waterfall,AFSK,437825000,15.0,dm43,5078.0,2026-08-19T19:35:54Z,https://s3.eu-central-1.wasabisys.com/satnogs-network/data_obs/2026/8/19/19/14811946/waterfall_14811946_2026-08-19T19-35-54.png
satnogs_14825831,9.15380316432522,0.7918039737141317,0.9296875,1.0,0.9296875,1.7461758657707873,0.21568627450980393,0.19607843137254902,1.0,0.43736251388559194,0.8598476626319412,0.4714087840736806,0,0,station_4451,https://s3.eu-central-1.wasabisys.com/satnogs-network/data_obs/2026/8/19/17/14825831/waterfall_14825831_2026-08-19T17-22-52.png,14825831,25544,bad,without-signal,waterfall,AFSK,437825000,36.0,(¯`·._.·(¯`·._.· I LOVE BALI ·._.·´¯)·._.·´¯),4451.0,2026-08-19T17:22:52Z,https://s3.eu-central-1.wasabisys.com/satnogs-network/data_obs/2026/8/19/17/14825831/waterfall_14825831_2026-08-19T17-22-52.png
satnogs_14811520,2.1368710373667943,1.1685970864974888,0.0,0.0,0.0,1.5663287682247728,0.17647058823529413,0.5,0.0,0.5445524793098796,0.9073698431297553,0.7451991183454606,0,0,station_3634,https://s3.eu-central-1.wasabisys.com/satnogs-network/data_obs/2026/8/19/12/14811520/waterfall_14811520_2026-08-19T12-06-26.png,14811520,25544,bad,without-signal,waterfall,FM,437800000,22.0,ZR6DM @ Heidelberg - UHF,3634.0,2026-08-19T12:06:26Z,https://s3.eu-central-1.wasabisys.com/satnogs-network/data_obs/2026/8/19/12/14811520/waterfall_14811520_2026-08-19T12-06-26.png
satnogs_14810653,2.2426817752596793,1.1219034798763698,0.0,0.0078125,0.0,1.6682268935292224,0.5490196078431373,0.5,0.0,0.658421990736645,0.9071571208087341,0.7431096863060778,0,0,station_342,https://s3.eu-central-1.wasabisys.com/satnogs-network/data_obs/2026/8/19/11/14810653/waterfall_14810653_2026-08-19T11-46-20.png,14810653,25544,bad,without-signal,waterfall,FM,437800000,16.0,EA5WA Pobla Llarga,342.0,2026-08-19T11:46:20Z,https://s3.eu-central-1.wasabisys.com/satnogs-network/data_obs/2026/8/19/11/14810653/waterfall_14810653_2026-08-19T11-46-20.png
satnogs_14822143,13.803373096169588,1.0430237368790765,0.21875,1.0,0.21875,1.4409477645906483,0.09803921568627451,0.0,1.0,1.2196807508298693,0.8969446640918951,0.6209491406741996,0,0,station_4803,https://s3.eu-central-1.wasabisys.com/satnogs-network/data_obs/2026/8/19/11/14822143/waterfall_14822143_2026-08-19T11-35-00.png,14822143,25544,bad,without-signal,waterfall,FM,437800000,16.0,KC1OCA  UC-4364-531R (UHF),4803.0,2026-08-19T11:35:00Z,https://s3.eu-central-1.wasabisys.com/satnogs-network/data_obs/2026/8/19/11/14822143/waterfall_14822143_2026-08-19T11-35-00.png
satnogs_14825471,2.3104896228879115,0.8386881589475041,0.0,0.0,0.0,2.402710315660632,0.35294117647058826,0.5,0.0,0.9487056076657996,0.8928959273328285,0.7275205649985197,0,0,station_5026,https://s3.eu-central-1.wasabisys.com/satnogs-network/data_obs/2026/8/19/10/14825471/waterfall_14825471_2026-08-19T10-16-13.png,14825471,25544,bad,without-signal,waterfall,FM,145800000,16.0,NKUA EVRIPOS - VHF,5026.0,2026-08-19T10:16:13Z,https://s3.eu-central-1.wasabisys.com/satnogs-network/data_obs/2026/8/19/10/14825471/waterfall_14825471_2026-08-19T10-16-13.png
satnogs_14810652,2.693325913934985,1.1121410320502139,0.0,0.3046875,0.0,6.162619389848358,0.7843137254901961,0.0,0.3515625,0.6048219995868374,0.9049083028468845,0.7222303306085215,0,0,station_342,https://s3.eu-central-1.wasabisys.com/satnogs-network/data_obs/2026/8/19/10/14810652/waterfall_14810652_2026-08-19T10-09-14.png,14810652,25544,bad,without-signal,waterfall,FM,437800000,51.0,EA5WA Pobla Llarga,342.0,2026-08-19T10:09:14Z,https://s3.eu-central-1.wasabisys.com/satnogs-network/data_obs/2026/8/19/10/14810652/waterfall_14810652_2026-08-19T10-09-14.png
satnogs_14817442,7.506035529382222,0.6342622340036923,0.0,0.25,0.0,2.169187313280264,0.6470588235294118,0.029411764705882353,0.3046875,1.6505215291107238,0.9460351010859978,0.8944342022897416,0,0,station_4806,https://s3.eu-central-1.wasabisys.com/satnogs-network/data_obs/2026/8/19/9/14817442/waterfall_14817442_2026-08-19T09-57-52.png,14817442,25544,bad,without-signal,waterfall,FM,121750000,35.0,KC1OCA UC-1464-531L (VHF),4806.0,2026-08-19T09:57:52Z,https://s3.eu-central-1.wasabisys.com/satnogs-network/data_obs/2026/8/19/9/14817442/waterfall_14817442_2026-08-19T09-57-52.png
satnogs_14822134,12.981068195951124,1.4014462794721978,0.375,0.9921875,0.3779527559055118,5.932576979147097,0.0392156862745098,0.0,1.0,1.024630624784784,0.8777271474492442,0.6179843184863031,0,0,station_4803,https://s3.eu-central-1.wasabisys.com/satnogs-network/data_obs/2026/8/19/9/14822134/waterfall_14822134_2026-08-19T09-56-46.png,14822134,25544,bad,without-signal,waterfall,FM,437800000,35.0,KC1OCA  UC-4364-531R (UHF),4803.0,2026-08-19T09:56:46Z,https://s3.eu-central-1.wasabisys.com/satnogs-network/data_obs/2026/8/19/9/14822134/waterfall_14822134_2026-08-19T09-56-46.png
satnogs_14824878,14.846999974478742,1.3156959629422555,0.2890625,0.984375,0.29365079365079366,22.654366831620607,0.39215686274509803,0.0,1.0,1.1390716936695844,0.9150259134360962,0.6783723663626471,0,0,station_4272,https://s3.eu-central-1.wasabisys.com/satnogs-network/data_obs/2026/8/19/8/14824878/waterfall_14824878_2026-08-19T08-38-17.png,14824878,25544,bad,without-signal,waterfall,SSTV,145800000,89.0,Sofia SAT Club - Hadji Boby VHF,4272.0,2026-08-19T08:38:17Z,https://s3.eu-central-1.wasabisys.com/satnogs-network/data_obs/2026/8/19/8/14824878/waterfall_14824878_2026-08-19T08-38-17.png
satnogs_14582488,3.659233840336605,1.92643687228894,0.1328125,0.1328125,1.0,3.31928780957007,0.09803921568627451,0.0,0.7734375,0.1847395142039984,0.9665841921897598,0.8852036953904024,1,0,station_91,https://s3.eu-central-1.wasabisys.com/satnogs-network/data_obs/2026/7/23/20/14582488/waterfall_14582488_2026-07-23T20-28-22.png,14582488,57166,good,with-signal,waterfall,FSK,137900000,85.0,M0EYT,91.0,2026-07-23T20:28:22Z,https://s3.eu-central-1.wasabisys.com/satnogs-network/data_obs/2026/7/23/20/14582488/waterfall_14582488_2026-07-23T20-28-22.png
satnogs_14599055,1.4670174018615947,1.5548112392974192,0.0,0.0,0.0,0.9659917071356772,0.0392156862745098,0.5,0.0,0.5389959058039254,0.9861644724700623,0.9182125576864562,1,0,station_766,https://s3.eu-central-1.wasabisys.com/satnogs-network/data_obs/2026/7/23/20/14599055/waterfall_14599055_2026-07-23T20-28-03.png,14599055,57166,good,with-signal,waterfall,FSK,137900000,87.0,Dunchurch,766.0,2026-07-23T20:28:03Z,https://s3.eu-central-1.wasabisys.com/satnogs-network/data_obs/2026/7/23/20/14599055/waterfall_14599055_2026-07-23T20-28-03.png
satnogs_14592317,1.7961982181713678,2.097498744386288,0.0,0.0,0.0,0.90168430522436,0.0392156862745098,0.5,0.0,0.7585238714042878,1.0011919926918924,0.9394221556901032,1,0,station_4621,https://s3.eu-central-1.wasabisys.com/satnogs-network/data_obs/2026/7/23/20/14592317/waterfall_14592317_2026-07-23T20-26-43.png,14592317,57166,good,unknown,status,FSK,137900000,71.0,B-Raspi,4621.0,2026-07-23T20:26:43Z,https://s3.eu-central-1.wasabisys.com/satnogs-network/data_obs/2026/7/23/20/14592317/waterfall_14592317_2026-07-23T20-26-43.png
satnogs_14597119,0.9652909421807603,1.888953339068013,0.0,0.0,0.0,1.0104219188252457,0.058823529411764705,0.5,0.0,0.13886523611792956,0.9982492211784136,0.9384809681738069,1,0,station_793,https://s3.eu-central-1.wasabisys.com/satnogs-network/data_obs/2026/7/23/20/14597119/waterfall_14597119_2026-07-23T20-26-06.png,14597119,57166,good,unknown,status,FSK,137900000,77.0,F6KRK RX WX,793.0,2026-07-23T20:26:06Z,https://s3.eu-central-1.wasabisys.com/satnogs-network/data_obs/2026/7/23/20/14597119/waterfall_14597119_2026-07-23T20-26-06.png
satnogs_14590352,2.6427391069742407,1.1408735324866492,0.0,0.109375,0.0,7.447995184688189,0.13725490196078433,0.0,0.515625,0.5346184053210576,0.8978727056975526,0.6992820726057077,1,0,station_4094,https://s3.eu-central-1.wasabisys.com/satnogs-network/data_obs/2026/7/23/20/14590352/waterfall_14590352_2026-07-23T20-26-00.png,14590352,57166,good,with-signal,waterfall,LRPT,137900000,16.0,Sofia SAT Club - LZ1GNU,4094.0,2026-07-23T20:26:00Z,https://s3.eu-central-1.wasabisys.com/satnogs-network/data_obs/2026/7/23/20/14590352/waterfall_14590352_2026-07-23T20-26-00.png
satnogs_14599064,1.713571118670269,1.4434832772401514,0.0,0.03125,0.0,1.0415480880816144,0.23529411764705882,0.0,0.03125,0.5537532359089153,0.9798773343344622,0.8639760454257668,1,0,station_5026,https://s3.eu-central-1.wasabisys.com/satnogs-network/data_obs/2026/7/23/20/14599064/waterfall_14599064_2026-07-23T20-24-49.png,14599064,57166,good,with-signal,waterfall,FSK,137900000,16.0,NKUA EVRIPOS - VHF,5026.0,2026-07-23T20:24:49Z,https://s3.eu-central-1.wasabisys.com/satnogs-network/data_obs/2026/7/23/20/14599064/waterfall_14599064_2026-07-23T20-24-49.png
satnogs_14582154,1.3603174981040576,1.7408922617538936,0.0,0.0,0.0,0.9689705340749278,0.0392156862745098,0.5,0.0,0.6641585315674299,1.0027866742059486,0.9335406873955256,1,0,station_39,https://s3.eu-central-1.wasabisys.com/satnogs-network/data_obs/2026/7/23/20/14582154/waterfall_14582154_2026-07-23T20-24-40.png,14582154,57166,good,unknown,status,FSK,137900000,51.0,CGBSAT-VHF,39.0,2026-07-23T20:24:40Z,https://s3.eu-central-1.wasabisys.com/satnogs-network/data_obs/2026/7/23/20/14582154/waterfall_14582154_2026-07-23T20-24-40.png
satnogs_14593099,1.408670966694482,1.6323006646314673,0.0,0.0,0.0,0.9720513135788222,0.058823529411764705,0.5,0.0,0.5711578559534691,0.9449148982726886,0.9209671364542973,1,0,station_4924,https://s3.eu-central-1.wasabisys.com/satnogs-network/data_obs/2026/7/23/18/14593099/waterfall_14593099_2026-07-23T18-48-25.png,14593099,57166,good,with-signal,waterfall,FSK,137900000,57.0,Wroclaw Ground Station,4924.0,2026-07-23T18:48:25Z,https://s3.eu-central-1.wasabisys.com/satnogs-network/data_obs/2026/7/23/18/14593099/waterfall_14593099_2026-07-23T18-48-25.png
satnogs_14596922,1.0317343789585212,1.884961863208629,0.0,0.0,0.0,1.0414712470670267,0.058823529411764705,0.5,0.0,0.19035470787132136,0.9952371174562376,0.9383539368062668,1,0,station_793,https://s3.eu-central-1.wasabisys.com/satnogs-network/data_obs/2026/7/23/18/14596922/waterfall_14596922_2026-07-23T18-48-21.png,14596922,57166,good,unknown,status,FSK,137900000,20.0,F6KRK RX WX,793.0,2026-07-23T18:48:21Z,https://s3.eu-central-1.wasabisys.com/satnogs-network/data_obs/2026/7/23/18/14596922/waterfall_14596922_2026-07-23T18-48-21.png
satnogs_14592203,0.9072092331653253,1.7510644927234351,0.0,0.0,0.0,0.868694584758806,0.0392156862745098,0.5,0.0,0.2429210503347835,1.0030131707964918,0.9384026297945034,1,0,station_2381,https://s3.eu-central-1.wasabisys.com/satnogs-network/data_obs/2026/7/23/18/14592203/waterfall_14592203_2026-07-23T18-45-20.png,14592203,57166,good,unknown,status,FSK,137900000,61.0,Piszkesteto VHF,2381.0,2026-07-23T18:45:20Z,https://s3.eu-central-1.wasabisys.com/satnogs-network/data_obs/2026/7/23/18/14592203/waterfall_14592203_2026-07-23T18-45-20.png
satnogs_15048610,3.3552221606096864,0.9713854698773713,0.0,0.0,0.0,3.844871798327905,0.3137254901960784,0.5,0.0,0.6393725529058716,0.9786695542778561,0.8438917728820996,1,0,station_3855,https://s3.eu-central-1.wasabisys.com/satnogs-network/data_obs/2026/9/24/21/15048610/waterfall_15048610_2026-09-24T21-02-51.png,15048610,57166,good,unknown,status,FSK,137900000,36.0,GS ChNord UHF,3855,2026-09-24T21:02:51Z,https://s3.eu-central-1.wasabisys.com/satnogs-network/data_obs/2026/9/24/21/15048610/waterfall_15048610_2026-09-24T21-02-51.png
satnogs_15047148,1.8087021232010236,1.690937541053371,0.0,0.0,0.0,0.9989094044728802,0.0392156862745098,0.5,0.0,0.4360103080953827,0.9930646760500891,0.9099549541336281,1,0,station_39,https://s3.eu-central-1.wasabisys.com/satnogs-network/data_obs/2026/9/24/21/15047148/waterfall_15047148_2026-09-24T21-01-06.png,15047148,57166,good,unknown,status,FSK,137900000,28.0,CGBSAT-VHF,39,2026-09-24T21:01:06Z,https://s3.eu-central-1.wasabisys.com/satnogs-network/data_obs/2026/9/24/21/15047148/waterfall_15047148_2026-09-24T21-01-06.png
satnogs_15055768,1.6736174920349944,1.6217329190512564,0.0,0.0,0.0,0.9708558318621571,0.0392156862745098,0.5,0.0,0.6588542723323365,0.9953966461725618,0.9154172207230724,1,0,station_4113,https://s3.eu-central-1.wasabisys.com/satnogs-network/data_obs/2026/9/24/21/15055768/waterfall_15055768_2026-09-24T21-00-29.png,15055768,57166,good,unknown,status,FSK,137900000,44.0,M0JFP Staines Space and weather VHF,4113,2026-09-24T21:00:29Z,https://s3.eu-central-1.wasabisys.com/satnogs-network/data_obs/2026/9/24/21/15055768/waterfall_15055768_2026-09-24T21-00-29.png
satnogs_15047144,1.2704896612258418,1.7342185775873853,0.0,0.0,0.0,0.9886812162875689,0.0392156862745098,0.5,0.0,0.6274206412377524,1.003408008008793,0.9367964117175448,1,0,station_39,https://s3.eu-central-1.wasabisys.com/satnogs-network/data_obs/2026/9/24/9/15047144/waterfall_15047144_2026-09-24T09-33-09.png,15047144,57166,good,unknown,status,FSK,137900000,75.0,CGBSAT-VHF,39,2026-09-24T09:33:09Z,https://s3.eu-central-1.wasabisys.com/satnogs-network/data_obs/2026/9/24/9/15047144/waterfall_15047144_2026-09-24T09-33-09.png
satnogs_15054260,1.319373056912115,1.40111707104528,0.0,0.0,0.0,0.8670598356052309,0.058823529411764705,0.5,0.0,0.5339335384495904,0.9538116976968115,0.9237111663118978,1,0,station_4924,https://s3.eu-central-1.wasabisys.com/satnogs-network/data_obs/2026/9/24/7/15054260/waterfall_15054260_2026-09-24T07-58-03.png,15054260,57166,good,unknown,status,FSK,137900000,43.0,Wroclaw Ground Station,4924,2026-09-24T07:58:03Z,https://s3.eu-central-1.wasabisys.com/satnogs-network/data_obs/2026/9/24/7/15054260/waterfall_15054260_2026-09-24T07-58-03.png
satnogs_15055356,1.7494597346374823,1.6161478819378174,0.0,0.0,0.0,1.2248987877624418,0.09803921568627451,0.5,0.0,0.4398203200523189,0.977036689548224,0.8780511739185833,1,0,station_4084,https://s3.eu-central-1.wasabisys.com/satnogs-network/data_obs/2026/9/24/7/15055356/waterfall_15055356_2026-09-24T07-56-25.png,15055356,57166,good,with-signal,waterfall,FSK,137900000,29.0,Astronomiemuseum Turnstile VHF (Test UHF),4084,2026-09-24T07:56:25Z,https://s3.eu-central-1.wasabisys.com/satnogs-network/data_obs/2026/9/24/7/15055356/waterfall_15055356_2026-09-24T07-56-25.png
satnogs_15048627,0.9480242590414022,1.6295194925358918,0.0,0.0,0.0,0.9130096466195134,0.0392156862745098,0.5,0.0,0.23134170095959417,0.999818005543867,0.9370609674673185,1,0,station_2381,https://s3.eu-central-1.wasabisys.com/satnogs-network/data_obs/2026/9/24/7/15048627/waterfall_15048627_2026-09-24T07-56-20.png,15048627,57166,good,unknown,status,FSK,137900000,57.0,Piszkesteto VHF,2381,2026-09-24T07:56:20Z,https://s3.eu-central-1.wasabisys.com/satnogs-network/data_obs/2026/9/24/7/15048627/waterfall_15048627_2026-09-24T07-56-20.png
satnogs_15047037,1.3334802060629374,1.4076170228951563,0.0,0.0,0.0,1.096759694835589,0.0392156862745098,0.5,0.0,0.493959808161212,0.9912112104425344,0.9117183426135345,1,0,station_4326,https://s3.eu-central-1.wasabisys.com/satnogs-network/data_obs/2026/9/24/2/15047037/waterfall_15047037_2026-09-24T02-26-14.png,15047037,57166,good,with-signal,waterfall,FSK,137900000,62.0,KB9LEB_Debian_12,4326,2026-09-24T02:26:14Z,https://s3.eu-central-1.wasabisys.com/satnogs-network/data_obs/2026/9/24/2/15047037/waterfall_15047037_2026-09-24T02-26-14.png
satnogs_15043916,1.3146998567862076,1.6387723706696438,0.0,0.0,0.0,0.794419105393555,0.058823529411764705,0.5,0.0,0.6434796191481713,0.9941290029281863,0.929242403708066,1,0,station_4330,https://s3.eu-central-1.wasabisys.com/satnogs-network/data_obs/2026/9/24/1/15043916/waterfall_15043916_2026-09-24T01-26-09.png,15043916,57166,good,unknown,status,FSK,137900000,69.0,I LOVE BALI,4330,2026-09-24T01:26:09Z,https://s3.eu-central-1.wasabisys.com/satnogs-network/data_obs/2026/9/24/1/15043916/waterfall_15043916_2026-09-24T01-26-09.png
satnogs_15051212,6.902324250947909,1.3230075813339295,0.484375,0.8828125,0.5486725663716814,2.759245844837535,0.09803921568627451,0.0,1.0,0.38661883469912645,0.9700289401320591,0.7632181377657817,1,0,station_4434,https://s3.eu-central-1.wasabisys.com/satnogs-network/data_obs/2026/9/24/1/15051212/waterfall_15051212_2026-09-24T01-12-36.png,15051212,57166,good,unknown,status,FSK,137900000,43.0,"JF6FYI Nishikazu, KitaKyushu, QFH (VHF)",4434,2026-09-24T01:12:36Z,https://s3.eu-central-1.wasabisys.com/satnogs-network/data_obs/2026/9/24/1/15051212/waterfall_15051212_2026-09-24T01-12-36.png
satnogs_15044991,1.4346350401499315,1.5089734517137399,0.0,0.0,0.0,1.053757157829668,0.0392156862745098,0.5,0.0,0.5532212336211406,0.986679593777528,0.9066772941416161,1,0,station_5104,https://s3.eu-central-1.wasabisys.com/satnogs-network/data_obs/2026/9/23/22/15044991/waterfall_15044991_2026-09-23T22-11-44.png,15044991,57166,good,unknown,status,FSK,137900000,52.0,VK4ATW - Discone,5104,2026-09-23T22:11:44Z,https://s3.eu-central-1.wasabisys.com/satnogs-network/data_obs/2026/9/23/22/15044991/waterfall_15044991_2026-09-23T22-11-44.png
satnogs_15053015,3.0215397759665765,1.944776248667226,0.0078125,0.0078125,1.0,2.3916126686908674,0.0784313725490196,0.5,0.0,0.22789553675193408,0.9768227468722304,0.8369213360505103,1,0,station_4084,https://s3.eu-central-1.wasabisys.com/satnogs-network/data_obs/2026/9/23/21/15053015/waterfall_15053015_2026-09-23T21-28-45.png,15053015,57166,good,with-signal,waterfall,FSK,137900000,13.0,Astronomiemuseum Turnstile VHF (Test UHF),4084,2026-09-23T21:28:45Z,https://s3.eu-central-1.wasabisys.com/satnogs-network/data_obs/2026/9/23/21/15053015/waterfall_15053015_2026-09-23T21-28-45.png
satnogs_15047082,1.5908003278424403,1.6626317735892082,0.0,0.0,0.0,0.8779140051357602,0.23529411764705882,0.5,0.0,0.7230551987329754,0.9722423991095034,0.9283227491753698,1,0,station_4924,https://s3.eu-central-1.wasabisys.com/satnogs-network/data_obs/2026/9/23/19/15047082/waterfall_15047082_2026-09-23T19-47-23.png,15047082,57166,good,unknown,status,FSK,137900000,51.0,Wroclaw Ground Station,4924,2026-09-23T19:47:23Z,https://s3.eu-central-1.wasabisys.com/satnogs-network/data_obs/2026/9/23/19/15047082/waterfall_15047082_2026-09-23T19-47-23.png
satnogs_15052072,4.455420201568743,2.306401253891422,0.8359375,0.8359375,1.0,3.6524176637912866,0.0392156862745098,0.0,0.9921875,0.12268562853678856,0.9585223700532658,0.760900189178504,1,0,station_4084,https://s3.eu-central-1.wasabisys.com/satnogs-network/data_obs/2026/9/23/18/15052072/waterfall_15052072_2026-09-23T18-07-06.png,15052072,57166,good,with-signal,waterfall,FSK,137900000,21.0,Astronomiemuseum Turnstile VHF (Test UHF),4084,2026-09-23T18:07:06Z,https://s3.eu-central-1.wasabisys.com/satnogs-network/data_obs/2026/9/23/18/15052072/waterfall_15052072_2026-09-23T18-07-06.png
satnogs_15046527,1.9051474472177055,1.6713385756673662,0.0,0.0,0.0,2.390697492321327,0.0392156862745098,0.5,0.0,0.15465759263390325,0.991023630929372,0.8952358421017921,1,0,station_2381,https://s3.eu-central-1.wasabisys.com/satnogs-network/data_obs/2026/9/23/18/15046527/waterfall_15046527_2026-09-23T18-05-10.png,15046527,57166,good,unknown,status,FSK,137900000,31.0,Piszkesteto VHF,2381,2026-09-23T18:05:10Z,https://s3.eu-central-1.wasabisys.com/satnogs-network/data_obs/2026/9/23/18/15046527/waterfall_15046527_2026-09-23T18-05-10.png
satnogs_15052769,2.0190297671650947,1.5829114966815219,0.0,0.0,0.0,0.9218882002698212,0.0392156862745098,0.5,0.0,0.6311777448073213,0.9561493128557961,0.8539243854444231,1,0,station_5026,https://s3.eu-central-1.wasabisys.com/satnogs-network/data_obs/2026/9/23/18/15052769/waterfall_15052769_2026-09-23T18-02-33.png,15052769,57166,good,with-signal,waterfall,FSK,137900000,26.0,NKUA EVRIPOS - VHF,5026,2026-09-23T18:02:33Z,https://s3.eu-central-1.wasabisys.com/satnogs-network/data_obs/2026/9/23/18/15052769/waterfall_15052769_2026-09-23T18-02-33.png
satnogs_15047036,1.754271642146751,1.4532251610813922,0.0,0.0,0.0,1.1268941062960969,0.0392156862745098,0.5,0.0,0.6008128246681277,0.9852231887643441,0.8953966686833337,1,0,station_4326,https://s3.eu-central-1.wasabisys.com/satnogs-network/data_obs/2026/9/23/15/15047036/waterfall_15047036_2026-09-23T15-12-09.png,15047036,57166,good,with-signal,waterfall,FSK,137900000,52.0,KB9LEB_Debian_12,4326,2026-09-23T15:12:09Z,https://s3.eu-central-1.wasabisys.com/satnogs-network/data_obs/2026/9/23/15/15047036/waterfall_15047036_2026-09-23T15-12-09.png
satnogs_15048919,8.080945256866482,0.6581133638729277,0.0,1.0,0.0,4.230674306922139,0.45098039215686275,0.0,1.0,0.8444026459999928,0.9570646696344258,0.6850691180970326,1,0,station_4806,https://s3.eu-central-1.wasabisys.com/satnogs-network/data_obs/2026/9/23/15/15048919/waterfall_15048919_2026-09-23T15-05-08.png,15048919,57166,good,with-signal,waterfall,FSK,137900000,39.0,KC1OCA UC-1464-531L (VHF),4806,2026-09-23T15:05:08Z,https://s3.eu-central-1.wasabisys.com/satnogs-network/data_obs/2026/9/23/15/15048919/waterfall_15048919_2026-09-23T15-05-08.png
satnogs_15048911,10.644597490307017,0.3176467237067767,0.0,1.0,0.0,4.917072409402705,0.45098039215686275,0.0,1.0,0.5958608018389744,0.95420456182119,0.6813319836891233,1,0,station_4806,https://s3.eu-central-1.wasabisys.com/satnogs-network/data_obs/2026/9/23/13/15048911/waterfall_15048911_2026-09-23T13-25-30.png,15048911,57166,good,with-signal,waterfall,FSK,137900000,27.0,KC1OCA UC-1464-531L (VHF),4806,2026-09-23T13:25:30Z,https://s3.eu-central-1.wasabisys.com/satnogs-network/data_obs/2026/9/23/13/15048911/waterfall_15048911_2026-09-23T13-25-30.png
satnogs_15047334,1.9259929378289886,1.7604941668979208,0.0,0.0,0.0,0.7309652171162393,0.23529411764705882,0.5,0.0,0.6502162640049027,0.9919053431409528,0.9058175934720977,1,0,station_4434,https://s3.eu-central-1.wasabisys.com/satnogs-network/data_obs/2026/9/23/12/15047334/waterfall_15047334_2026-09-23T12-53-27.png,15047334,57166,good,unknown,status,FSK,137900000,24.0,"JF6FYI Nishikazu, KitaKyushu, QFH (VHF)",4434,2026-09-23T12:53:27Z,https://s3.eu-central-1.wasabisys.com/satnogs-network/data_obs/2026/9/23/12/15047334/waterfall_15047334_2026-09-23T12-53-27.png
satnogs_15044990,1.8664792308905056,1.645246896877206,0.0,0.0,0.0,1.0844380665206095,0.0392156862745098,0.5,0.0,0.6673496384555188,0.9863950450556973,0.8979435053271484,1,0,station_5104,https://s3.eu-central-1.wasabisys.com/satnogs-network/data_obs/2026/9/23/10/15044990/waterfall_15044990_2026-09-23T10-58-03.png,15044990,57166,good,unknown,status,FSK,137900000,68.0,VK4ATW - Discone,5104,2026-09-23T10:58:03Z,https://s3.eu-central-1.wasabisys.com/satnogs-network/data_obs/2026/9/23/10/15044990/waterfall_15044990_2026-09-23T10-58-03.png
satnogs_15044159,1.2951273988301433,1.5427111539839438,0.0,0.0,0.0,1.2162965949326943,0.0392156862745098,0.5,0.0,0.22012033042248794,0.9937780926620943,0.9130130774882583,1,0,station_2381,https://s3.eu-central-1.wasabisys.com/satnogs-network/data_obs/2026/9/23/10/15044159/waterfall_15044159_2026-09-23T10-00-50.png,15044159,57166,good,unknown,status,FSK,137900000,17.0,Piszkesteto VHF,2381,2026-09-23T10:00:50Z,https://s3.eu-central-1.wasabisys.com/satnogs-network/data_obs/2026/9/23/10/15044159/waterfall_15044159_2026-09-23T10-00-50.png
satnogs_15047703,2.1083584845673653,1.6488295625874563,0.0,0.0,0.0,1.92866283966138,0.6078431372549019,0.5,0.0,0.7400911434395353,0.9467991350105792,0.8379459670118886,1,0,station_4073,https://s3.eu-central-1.wasabisys.com/satnogs-network/data_obs/2026/9/23/9/15047703/waterfall_15047703_2026-09-23T09-59-52.png,15047703,57166,good,unknown,status,FSK,137900000,33.0,Eldrún,4073,2026-09-23T09:59:52Z,https://s3.eu-central-1.wasabisys.com/satnogs-network/data_obs/2026/9/23/9/15047703/waterfall_15047703_2026-09-23T09-59-52.png
satnogs_15041530,1.4163185135159517,1.7286904558993659,0.0,0.0,0.0,0.9999743274134045,0.0392156862745098,0.5,0.0,0.6427357500650519,1.0017612317523992,0.9307120178659177,1,0,station_39,https://s3.eu-central-1.wasabisys.com/satnogs-network/data_obs/2026/9/23/9/15041530/waterfall_15041530_2026-09-23T09-56-27.png,15041530,57166,good,unknown,status,FSK,137900000,51.0,CGBSAT-VHF,39,2026-09-23T09:56:27Z,https://s3.eu-central-1.wasabisys.com/satnogs-network/data_obs/2026/9/23/9/15041530/waterfall_15041530_2026-09-23T09-56-27.png
satnogs_15048574,1.5605542178755254,1.5940080071933243,0.0,0.0,0.0,0.8929846722775907,0.0392156862745098,0.5,0.0,0.6515633397358842,0.992966996667755,0.9089158660935989,1,0,station_5026,https://s3.eu-central-1.wasabisys.com/satnogs-network/data_obs/2026/9/23/8/15048574/waterfall_15048574_2026-09-23T08-21-54.png,15048574,57166,good,with-signal,waterfall,FSK,137900000,52.0,NKUA EVRIPOS - VHF,5026,2026-09-23T08:21:54Z,https://s3.eu-central-1.wasabisys.com/satnogs-network/data_obs/2026/9/23/8/15048574/waterfall_15048574_2026-09-23T08-21-54.png
satnogs_15043917,1.2902528406615743,1.8119838709171332,0.0,0.0,0.0,0.7516603792293962,0.2549019607843137,0.5,0.0,0.6133889230267816,0.9930554821392383,0.9362289665255225,1,0,station_4330,https://s3.eu-central-1.wasabisys.com/satnogs-network/data_obs/2026/9/24/6/15043917/waterfall_15043917_2026-09-24T06-56-02.png,15043917,59051,good,unknown,status,FSK,137900000,67.0,I LOVE BALI,4330,2026-09-24T06:56:02Z,https://s3.eu-central-1.wasabisys.com/satnogs-network/data_obs/2026/9/24/6/15043917/waterfall_15043917_2026-09-24T06-56-02.png
satnogs_15054748,1.864421853444804,1.7752370054739093,0.0,0.0,0.0,0.7999848731170536,0.058823529411764705,0.5,0.0,0.6689403270306596,0.9626289188268627,0.8965683064322846,1,0,station_2107,https://s3.eu-central-1.wasabisys.com/satnogs-network/data_obs/2026/9/24/5/15054748/waterfall_15054748_2026-09-24T05-27-07.png,15054748,59051,good,with-signal,waterfall,FSK,137900000,46.0,JH4XSY-pi,2107,2026-09-24T05:27:07Z,https://s3.eu-central-1.wasabisys.com/satnogs-network/data_obs/2026/9/24/5/15054748/waterfall_15054748_2026-09-24T05-27-07.png
satnogs_15051217,4.500290325076882,1.1294361107723614,0.0,0.6015625,0.0,1.9359521430803888,0.6274509803921569,0.0,1.0,0.8070451248691751,0.9749076235678339,0.8569712475625142,1,0,station_4434,https://s3.eu-central-1.wasabisys.com/satnogs-network/data_obs/2026/9/24/5/15051217/waterfall_15051217_2026-09-24T05-25-33.png,15051217,59051,good,unknown,status,FSK,137900000,74.0,"JF6FYI Nishikazu, KitaKyushu, QFH (VHF)",4434,2026-09-24T05:25:33Z,https://s3.eu-central-1.wasabisys.com/satnogs-network/data_obs/2026/9/24/5/15051217/waterfall_15051217_2026-09-24T05-25-33.png
satnogs_15054907,2.0601564468254465,1.5481607428152102,0.0078125,0.0078125,1.0,1.7695384779287278,0.0392156862745098,0.5,0.0,0.13109934989213695,0.9813436371840443,0.8591690618212047,1,0,station_4084,https://s3.eu-central-1.wasabisys.com/satnogs-network/data_obs/2026/9/24/4/15054907/waterfall_15054907_2026-09-24T04-12-47.png,15054907,59051,good,with-signal,waterfall,FSK,137900000,21.0,Astronomiemuseum Turnstile VHF (Test UHF),4084,2026-09-24T04:12:47Z,https://s3.eu-central-1.wasabisys.com/satnogs-network/data_obs/2026/9/24/4/15054907/waterfall_15054907_2026-09-24T04-12-47.png
satnogs_15047142,1.3304952494292879,1.5449013549599644,0.0,0.0,0.0,0.8099246774287929,0.11764705882352941,0.5,0.0,0.41584920712899326,0.9908849386251872,0.903717455694241,1,0,station_39,https://s3.eu-central-1.wasabisys.com/satnogs-network/data_obs/2026/9/24/4/15047142/waterfall_15047142_2026-09-24T04-09-19.png,15047142,59051,good,unknown,status,FSK,137900000,32.0,CGBSAT-VHF,39,2026-09-24T04:09:19Z,https://s3.eu-central-1.wasabisys.com/satnogs-network/data_obs/2026/9/24/4/15047142/waterfall_15047142_2026-09-24T04-09-19.png
satnogs_15055083,1.1191843226528941,1.4645295002748016,0.0,0.0,0.0,0.7614914380121254,0.3137254901960784,0.5,0.0,0.2860145872130708,0.9883934117966076,0.9048150759902034,1,0,station_5026,https://s3.eu-central-1.wasabisys.com/satnogs-network/data_obs/2026/9/24/2/15055083/waterfall_15055083_2026-09-24T02-35-04.png,15055083,59051,good,unknown,status,FSK,137900000,27.0,NKUA EVRIPOS - VHF,5026,2026-09-24T02:35:04Z,https://s3.eu-central-1.wasabisys.com/satnogs-network/data_obs/2026/9/24/2/15055083/waterfall_15055083_2026-09-24T02-35-04.png
satnogs_15054259,0.9305397689396325,1.7380693046969613,0.0,0.0,0.0,0.7589631164930263,0.2549019607843137,0.5,0.0,0.20414460113854138,0.9754243475680668,0.9380945336705074,1,0,station_4924,https://s3.eu-central-1.wasabisys.com/satnogs-network/data_obs/2026/9/24/2/15054259/waterfall_15054259_2026-09-24T02-33-33.png,15054259,59051,good,unknown,status,FSK,137900000,74.0,Wroclaw Ground Station,4924,2026-09-24T02:33:33Z,https://s3.eu-central-1.wasabisys.com/satnogs-network/data_obs/2026/9/24/2/15054259/waterfall_15054259_2026-09-24T02-33-33.png
satnogs_15054644,1.0074265632263373,1.653955091121907,0.0,0.0,0.0,0.8312019601131938,0.0196078431372549,0.5,0.0,0.14904340961936738,1.0012375413091843,0.9336125401393671,1,0,station_4084,https://s3.eu-central-1.wasabisys.com/satnogs-network/data_obs/2026/9/24/2/15054644/waterfall_15054644_2026-09-24T02-31-51.png,15054644,59051,good,with-signal,waterfall,FSK,137900000,77.0,Astronomiemuseum Turnstile VHF (Test UHF),4084,2026-09-24T02:31:51Z,https://s3.eu-central-1.wasabisys.com/satnogs-network/data_obs/2026/9/24/2/15054644/waterfall_15054644_2026-09-24T02-31-51.png
satnogs_15047141,1.1169262945492482,1.880746809221642,0.0,0.0,0.0,0.7179559234331575,0.13725490196078433,0.5,0.0,0.49228058731011565,1.0043067263684906,0.9411442403050911,1,0,station_39,https://s3.eu-central-1.wasabisys.com/satnogs-network/data_obs/2026/9/24/2/15047141/waterfall_15047141_2026-09-24T02-29-04.png,15047141,59051,good,unknown,status,FSK,137900000,52.0,CGBSAT-VHF,39,2026-09-24T02:29:04Z,https://s3.eu-central-1.wasabisys.com/satnogs-network/data_obs/2026/9/24/2/15047141/waterfall_15047141_2026-09-24T02-29-04.png
satnogs_15054716,1.1457552759164136,1.5949763752185209,0.0,0.0,0.0,0.7207426647352032,0.11764705882352941,0.5,0.0,0.39108354605486634,0.9972681210465086,0.9250661877636611,1,0,station_5026,https://s3.eu-central-1.wasabisys.com/satnogs-network/data_obs/2026/9/24/0/15054716/waterfall_15054716_2026-09-24T00-54-46.png,15054716,59051,good,unknown,status,FSK,137900000,36.0,NKUA EVRIPOS - VHF,5026,2026-09-24T00:54:46Z,https://s3.eu-central-1.wasabisys.com/satnogs-network/data_obs/2026/9/24/0/15054716/waterfall_15054716_2026-09-24T00-54-46.png
satnogs_15054021,2.4366907922663383,1.6880864197627994,0.0,0.0,0.0,2.0630918339891178,0.0784313725490196,0.5,0.0,0.1310138926378913,0.9751627969288309,0.8443015137615636,1,0,station_4084,https://s3.eu-central-1.wasabisys.com/satnogs-network/data_obs/2026/9/24/0/15054021/waterfall_15054021_2026-09-24T00-53-58.png,15054021,59051,good,with-signal,waterfall,FSK,137900000,13.0,Astronomiemuseum Turnstile VHF (Test UHF),4084,2026-09-24T00:53:58Z,https://s3.eu-central-1.wasabisys.com/satnogs-network/data_obs/2026/9/24/0/15054021/waterfall_15054021_2026-09-24T00-53-58.png
satnogs_15048938,7.411301005142947,0.7833445563717113,0.0,0.9921875,0.0,3.394275485979325,0.43137254901960786,0.0,1.0,0.8692856516694372,0.9621306212921475,0.7141967553114155,1,0,station_4806,https://s3.eu-central-1.wasabisys.com/satnogs-network/data_obs/2026/9/23/19/15048938/waterfall_15048938_2026-09-23T19-21-44.png,15048938,59051,good,with-signal,waterfall,FSK,137900000,60.0,KC1OCA UC-1464-531L (VHF),4806,2026-09-23T19:21:44Z,https://s3.eu-central-1.wasabisys.com/satnogs-network/data_obs/2026/9/23/19/15048938/waterfall_15048938_2026-09-23T19-21-44.png
satnogs_15048678,2.34303819650929,1.8599637804249678,0.0,0.0,0.0,0.8137244864189108,0.09803921568627451,0.5,0.0,0.7849745421606987,0.9811933829963146,0.8839178734942474,1,0,station_5198,https://s3.eu-central-1.wasabisys.com/satnogs-network/data_obs/2026/9/23/19/15048678/waterfall_15048678_2026-09-23T19-21-25.png,15048678,59051,good,with-signal,waterfall,FSK,137900000,52.0,FULLERS-1,5198,2026-09-23T19:21:25Z,https://s3.eu-central-1.wasabisys.com/satnogs-network/data_obs/2026/9/23/19/15048678/waterfall_15048678_2026-09-23T19-21-25.png
satnogs_15042228,1.014747785384537,1.600230480184012,0.0,0.0,0.0,0.7136906059583489,0.058823529411764705,0.5,0.0,0.31964963098193355,0.9928180355203488,0.9280152049569798,1,0,station_5104,https://s3.eu-central-1.wasabisys.com/satnogs-network/data_obs/2026/9/23/16/15042228/waterfall_15042228_2026-09-23T16-47-07.png,15042228,59051,good,unknown,status,FSK,137900000,41.0,VK4ATW - Discone,5104,2026-09-23T16:47:07Z,https://s3.eu-central-1.wasabisys.com/satnogs-network/data_obs/2026/9/23/16/15042228/waterfall_15042228_2026-09-23T16-47-07.png
satnogs_15042227,1.0347333766733684,1.512867142267925,0.0,0.0,0.0,0.7381467351622631,0.1568627450980392,0.5,0.0,0.3730323200915766,0.9967072182213499,0.9207986004094859,1,0,station_5104,https://s3.eu-central-1.wasabisys.com/satnogs-network/data_obs/2026/9/23/15/15042227/waterfall_15042227_2026-09-23T15-09-33.png,15042227,59051,good,unknown,status,FSK,137900000,18.0,VK4ATW - Discone,5104,2026-09-23T15:09:33Z,https://s3.eu-central-1.wasabisys.com/satnogs-network/data_obs/2026/9/23/15/15042227/waterfall_15042227_2026-09-23T15-09-33.png
satnogs_15044514,7.402464783859225,0.723186387980065,0.0,0.9609375,0.0,4.164058853314386,0.5098039215686274,0.0,1.0,0.9325209501389904,0.9667208376768451,0.7514554142304054,1,0,station_5065,https://s3.eu-central-1.wasabisys.com/satnogs-network/data_obs/2026/9/23/14/15044514/waterfall_15044514_2026-09-23T14-21-51.png,15044514,59051,good,with-signal,waterfall,FSK,137900000,18.0,329CZ144,5065,2026-09-23T14:21:51Z,https://s3.eu-central-1.wasabisys.com/satnogs-network/data_obs/2026/9/23/14/15044514/waterfall_15044514_2026-09-23T14-21-51.png
satnogs_15044511,6.69256132839635,0.6453937765747524,0.0,0.9296875,0.0,2.7407266399255596,0.49019607843137253,0.0,1.0,1.0884614257070158,0.9651321863829755,0.7553929702203236,0,0,station_5065,https://s3.eu-central-1.wasabisys.com/satnogs-network/data_obs/2026/9/23/2/15044511/waterfall_15044511_2026-09-23T02-53-28.png,15044511,59051,bad,without-signal,waterfall,FSK,137900000,45.0,329CZ144,5065,2026-09-23T02:53:28Z,https://s3.eu-central-1.wasabisys.com/satnogs-network/data_obs/2026/9/23/2/15044511/waterfall_15044511_2026-09-23T02-53-28.png
satnogs_15044519,5.219432672868747,1.186154865302664,0.0,0.7578125,0.0,5.836310885607835,0.49019607843137253,0.0,1.0,0.898195528617493,0.9550091806863562,0.7962208264134112,0,0,station_5068,https://s3.eu-central-1.wasabisys.com/satnogs-network/data_obs/2026/9/23/1/15044519/waterfall_15044519_2026-09-23T01-12-25.png,15044519,59051,bad,without-signal,waterfall,FSK,137900000,31.0,329CZ144,5068,2026-09-23T01:12:25Z,https://s3.eu-central-1.wasabisys.com/satnogs-network/data_obs/2026/9/23/1/15044519/waterfall_15044519_2026-09-23T01-12-25.png
satnogs_15044204,1.9680439144272526,1.8447758424199252,0.0,0.0,0.0,0.8909609933110807,0.11764705882352941,0.5,0.0,0.5359516597924151,0.9596676511208209,0.8446541028902407,0,0,station_2107,https://s3.eu-central-1.wasabisys.com/satnogs-network/data_obs/2026/9/22/16/15044204/waterfall_15044204_2026-09-22T16-58-08.png,15044204,59051,bad,without-signal,waterfall,FSK,137900000,19.0,JH4XSY-pi,2107,2026-09-22T16:58:08Z,https://s3.eu-central-1.wasabisys.com/satnogs-network/data_obs/2026/9/22/16/15044204/waterfall_15044204_2026-09-22T16-58-08.png
satnogs_15040611,2.3754454586204705,0.9580009434156849,0.0,0.0078125,0.0,1.464722323465241,0.3137254901960784,0.5,0.0,1.0479104976345532,0.9578539311863512,0.8154077108901322,0,0,station_3855,https://s3.eu-central-1.wasabisys.com/satnogs-network/data_obs/2026/9/22/14/15040611/waterfall_15040611_2026-09-22T14-42-49.png,15040611,59051,bad,without-signal,waterfall,FSK,137900000,36.0,GS ChNord UHF,3855,2026-09-22T14:42:49Z,https://s3.eu-central-1.wasabisys.com/satnogs-network/data_obs/2026/9/22/14/15040611/waterfall_15040611_2026-09-22T14-42-49.png
satnogs_15040610,7.6547023971064645,0.5529816597375987,0.3359375,0.78125,0.43,2.9982048889644988,0.6666666666666666,0.0,1.0,0.8765315337658197,0.9045683286086793,0.8702492820480975,0,0,station_3855,https://s3.eu-central-1.wasabisys.com/satnogs-network/data_obs/2026/9/22/13/15040610/waterfall_15040610_2026-09-22T13-02-39.png,15040610,59051,bad,without-signal,waterfall,FSK,137900000,41.0,GS ChNord UHF,3855,2026-09-22T13:02:39Z,https://s3.eu-central-1.wasabisys.com/satnogs-network/data_obs/2026/9/22/13/15040610/waterfall_15040610_2026-09-22T13-02-39.png
satnogs_15030045,5.5038151126372306,1.103779797562873,0.0,0.9140625,0.0,4.633605408796601,0.5098039215686274,0.0,1.0,0.9039299966243932,0.9593817388995923,0.7920327771607133,0,0,station_5068,https://s3.eu-central-1.wasabisys.com/satnogs-network/data_obs/2026/9/22/11/15030045/waterfall_15030045_2026-09-22T11-21-43.png,15030045,59051,bad,without-signal,waterfall,FSK,137900000,17.0,329CZ144,5068,2026-09-22T11:21:43Z,https://s3.eu-central-1.wasabisys.com/satnogs-network/data_obs/2026/9/22/11/15030045/waterfall_15030045_2026-09-22T11-21-43.png
satnogs_15030197,5.5479527533226225,0.4152692795948834,0.0,1.0,0.0,6.460102229529483,0.3137254901960784,0.0,1.0,0.592505417987082,0.9808324359183007,0.8651161500183535,0,0,station_3855,https://s3.eu-central-1.wasabisys.com/satnogs-network/data_obs/2026/9/22/4/15030197/waterfall_15030197_2026-09-22T04-56-35.png,15030197,59051,bad,without-signal,waterfall,FSK,137900000,19.0,GS ChNord UHF,3855,2026-09-22T04:56:35Z,https://s3.eu-central-1.wasabisys.com/satnogs-network/data_obs/2026/9/22/4/15030197/waterfall_15030197_2026-09-22T04-56-35.png
satnogs_15041626,2.1160472314588703,1.0913360421863074,0.0,0.0,0.0,1.76230928617852,0.5490196078431373,0.5,0.0,0.5689944273035041,0.9641056129168175,0.7800583237395396,0,0,station_2107,https://s3.eu-central-1.wasabisys.com/satnogs-network/data_obs/2026/9/22/4/15041626/waterfall_15041626_2026-09-22T04-30-24.png,15041626,59051,bad,without-signal,waterfall,FSK,137900000,30.0,JH4XSY-pi,2107,2026-09-22T04:30:24Z,https://s3.eu-central-1.wasabisys.com/satnogs-network/data_obs/2026/9/22/4/15041626/waterfall_15041626_2026-09-22T04-30-24.png
satnogs_15030195,5.387700805571789,0.4319770378467642,0.0,1.0,0.0,6.829736691498346,0.3333333333333333,0.0,1.0,0.8953167144876557,0.9800350873255249,0.8645218407591013,0,0,station_3855,https://s3.eu-central-1.wasabisys.com/satnogs-network/data_obs/2026/9/22/1/15030195/waterfall_15030195_2026-09-22T01-36-54.png,15030195,59051,bad,without-signal,waterfall,FSK,137900000,16.0,GS ChNord UHF,3855,2026-09-22T01:36:54Z,https://s3.eu-central-1.wasabisys.com/satnogs-network/data_obs/2026/9/22/1/15030195/waterfall_15030195_2026-09-22T01-36-54.png
satnogs_15030043,4.694406239357928,1.169682481930275,0.0,0.703125,0.0,3.29653942097698,0.5294117647058824,0.0,0.9921875,0.7699179907283707,0.9579246348054288,0.7993039062283631,0,0,station_5068,https://s3.eu-central-1.wasabisys.com/satnogs-network/data_obs/2026/9/22/1/15030043/waterfall_15030043_2026-09-22T01-33-54.png,15030043,59051,bad,without-signal,waterfall,FSK,137900000,46.0,329CZ144,5068,2026-09-22T01:33:54Z,https://s3.eu-central-1.wasabisys.com/satnogs-network/data_obs/2026/9/22/1/15030043/waterfall_15030043_2026-09-22T01-33-54.png
satnogs_15048949,5.120436048248101,0.8383973663842276,0.4765625,0.6328125,0.7530864197530864,1.2167289009916513,0.0784313725490196,0.0,0.9765625,0.6793941984470047,0.9543482042149481,0.8694155735453485,0,0,station_4806,https://s3.eu-central-1.wasabisys.com/satnogs-network/data_obs/2026/9/23/21/15048949/waterfall_15048949_2026-09-23T21-31-47.png,15048949,25544,bad,without-signal,waterfall,FM,121750000,17.0,KC1OCA UC-1464-531L (VHF),4806,2026-09-23T21:31:47Z,https://s3.eu-central-1.wasabisys.com/satnogs-network/data_obs/2026/9/23/21/15048949/waterfall_15048949_2026-09-23T21-31-47.png
satnogs_15053249,2.2483124078708974,0.9126164173336944,0.0,0.0,0.0,1.3997057324951203,0.5882352941176471,0.5,0.0,0.8230354625749767,0.8981400812071313,0.7261121467965012,0,0,station_5026,https://s3.eu-central-1.wasabisys.com/satnogs-network/data_obs/2026/9/23/20/15053249/waterfall_15053249_2026-09-23T20-13-00.png,15053249,25544,bad,without-signal,waterfall,FM,145800000,17.0,NKUA EVRIPOS - VHF,5026,2026-09-23T20:13:00Z,https://s3.eu-central-1.wasabisys.com/satnogs-network/data_obs/2026/9/23/20/15053249/waterfall_15053249_2026-09-23T20-13-00.png
satnogs_15052834,2.064606061926214,1.1561904884652519,0.0,0.0,0.0,1.87763136981901,0.6470588235294118,0.5,0.0,0.6302064683776157,0.9103431570901318,0.7414099409515879,0,0,station_4084,https://s3.eu-central-1.wasabisys.com/satnogs-network/data_obs/2026/9/23/20/15052834/waterfall_15052834_2026-09-23T20-09-40.png,15052834,25544,bad,without-signal,waterfall,AFSK,437825000,13.0,Astronomiemuseum Turnstile VHF (Test UHF),4084,2026-09-23T20:09:40Z,https://s3.eu-central-1.wasabisys.com/satnogs-network/data_obs/2026/9/23/20/15052834/waterfall_15052834_2026-09-23T20-09-40.png
satnogs_15048941,6.394403814445116,0.538573257611926,0.0,0.21875,0.0,1.730999983167474,0.7450980392156863,0.029411764705882353,0.21875,1.2240168110638836,0.9347564663890975,0.856060656486911,0,0,station_4806,https://s3.eu-central-1.wasabisys.com/satnogs-network/data_obs/2026/9/23/19/15048941/waterfall_15048941_2026-09-23T19-53-32.png,15048941,25544,bad,without-signal,waterfall,FM,121750000,37.0,KC1OCA UC-1464-531L (VHF),4806,2026-09-23T19:53:32Z,https://s3.eu-central-1.wasabisys.com/satnogs-network/data_obs/2026/9/23/19/15048941/waterfall_15048941_2026-09-23T19-53-32.png
satnogs_15052851,2.202526086624729,0.9488249939826578,0.0,0.0,0.0,1.4766969610087,0.27450980392156865,0.5,0.0,1.0116087870239903,0.9032848632365115,0.7347477276734945,0,0,station_5026,https://s3.eu-central-1.wasabisys.com/satnogs-network/data_obs/2026/9/23/18/15052851/waterfall_15052851_2026-09-23T18-35-29.png,15052851,25544,bad,without-signal,waterfall,FM,145800000,46.0,NKUA EVRIPOS - VHF,5026,2026-09-23T18:35:29Z,https://s3.eu-central-1.wasabisys.com/satnogs-network/data_obs/2026/9/23/18/15052851/waterfall_15052851_2026-09-23T18-35-29.png
satnogs_15044507,2.0260135366727097,0.8541458165713438,0.0,0.0,0.0,1.4205286191854989,0.6862745098039216,0.5,0.0,0.595354698029231,0.9137852309783684,0.7508952708805561,0,0,station_5068,https://s3.eu-central-1.wasabisys.com/satnogs-network/data_obs/2026/9/23/18/15044507/waterfall_15044507_2026-09-23T18-32-07.png,15044507,25544,bad,without-signal,waterfall,FM,437800000,40.0,329CZ144,5068,2026-09-23T18:32:07Z,https://s3.eu-central-1.wasabisys.com/satnogs-network/data_obs/2026/9/23/18/15044507/waterfall_15044507_2026-09-23T18-32-07.png
satnogs_15052073,2.1796002499967617,1.1251745386690848,0.0,0.0,0.0,1.4987545267356188,0.5882352941176471,0.5,0.0,0.9100158410676632,0.9065759122303677,0.7448574215706927,0,0,station_4084,https://s3.eu-central-1.wasabisys.com/satnogs-network/data_obs/2026/9/23/18/15052073/waterfall_15052073_2026-09-23T18-31-48.png,15052073,25544,bad,without-signal,waterfall,AFSK,437825000,54.0,Astronomiemuseum Turnstile VHF (Test UHF),4084,2026-09-23T18:31:48Z,https://s3.eu-central-1.wasabisys.com/satnogs-network/data_obs/2026/9/23/18/15052073/waterfall_15052073_2026-09-23T18-31-48.png
satnogs_15044214,19.113502940660478,2.0326141408346796,0.90625,1.0,0.90625,5.0790869269567445,0.058823529411764705,0.0,1.0,0.9513057192525317,0.8706199403362042,0.6349382471059355,0,0,station_4954,https://s3.eu-central-1.wasabisys.com/satnogs-network/data_obs/2026/9/23/18/15044214/waterfall_15044214_2026-09-23T18-27-06.png,15044214,25544,bad,without-signal,waterfall,FM,437800000,22.0,EA1JAO - ORTEGAL CAP,4954,2026-09-23T18:27:06Z,https://s3.eu-central-1.wasabisys.com/satnogs-network/data_obs/2026/9/23/18/15044214/waterfall_15044214_2026-09-23T18-27-06.png
satnogs_15048933,5.392905115792829,0.6239803100165362,0.0,0.171875,0.0,0.9711016719451178,0.7450980392156863,0.029411764705882353,0.6640625,1.4131479838262464,0.9543077653435705,0.9116861232887763,0,0,station_4806,https://s3.eu-central-1.wasabisys.com/satnogs-network/data_obs/2026/9/23/18/15048933/waterfall_15048933_2026-09-23T18-16-55.png,15048933,25544,bad,without-signal,waterfall,FM,121750000,31.0,KC1OCA UC-1464-531L (VHF),4806,2026-09-23T18:16:55Z,https://s3.eu-central-1.wasabisys.com/satnogs-network/data_obs/2026/9/23/18/15048933/waterfall_15048933_2026-09-23T18-16-55.png
satnogs_15044506,2.0108694941019,0.8575248813232763,0.0,0.0,0.0,1.302765826574269,0.7058823529411765,0.5,0.0,0.5542049730652725,0.9131398399310402,0.7545244058742543,0,0,station_5068,https://s3.eu-central-1.wasabisys.com/satnogs-network/data_obs/2026/9/23/16/15044506/waterfall_15044506_2026-09-23T16-55-15.png,15044506,25544,bad,without-signal,waterfall,FM,437800000,72.0,329CZ144,5068,2026-09-23T16:55:15Z,https://s3.eu-central-1.wasabisys.com/satnogs-network/data_obs/2026/9/23/16/15044506/waterfall_15044506_2026-09-23T16-55-15.png
satnogs_15052007,7.746056650101863,1.1495799913297842,0.1171875,0.9609375,0.12195121951219512,2.8330884718418066,0.5098039215686274,0.0,1.0,0.6457119890712983,0.8962340440786855,0.6950394455017687,0,0,station_3689,https://s3.eu-central-1.wasabisys.com/satnogs-network/data_obs/2026/9/23/16/15052007/waterfall_15052007_2026-09-23T16-54-59.png,15052007,25544,bad,without-signal,waterfall,FM,437800000,58.0,DF0OHM Turnstile VHF (Test UHF),3689,2026-09-23T16:54:59Z,https://s3.eu-central-1.wasabisys.com/satnogs-network/data_obs/2026/9/23/16/15052007/waterfall_15052007_2026-09-23T16-54-59.png
satnogs_15044213,21.251350420979453,1.4345332776537432,0.828125,1.0,0.828125,5.6358494193519135,0.7254901960784313,0.0,1.0,0.9374580620540202,0.8753806536852032,0.6017008853561563,0,0,station_4954,https://s3.eu-central-1.wasabisys.com/satnogs-network/data_obs/2026/9/23/16/15044213/waterfall_15044213_2026-09-23T16-49-30.png,15044213,25544,bad,without-signal,waterfall,FM,437800000,24.0,EA1JAO - ORTEGAL CAP,4954,2026-09-23T16:49:30Z,https://s3.eu-central-1.wasabisys.com/satnogs-network/data_obs/2026/9/23/16/15044213/waterfall_15044213_2026-09-23T16-49-30.png
satnogs_15051398,2.177587117718245,0.8635832485721348,0.0,0.0,0.0,1.4219836390552276,0.3137254901960784,0.5,0.0,1.0083159951206033,0.9018577339848116,0.7277404441426345,0,0,station_5026,https://s3.eu-central-1.wasabisys.com/satnogs-network/data_obs/2026/9/23/13/15051398/waterfall_15051398_2026-09-23T13-42-47.png,15051398,25544,bad,without-signal,waterfall,FM,145800000,20.0,NKUA EVRIPOS - VHF,5026,2026-09-23T13:42:47Z,https://s3.eu-central-1.wasabisys.com/satnogs-network/data_obs/2026/9/23/13/15051398/waterfall_15051398_2026-09-23T13-42-47.png
satnogs_15050941,2.242749289339042,1.0718518132998853,0.0,0.0,0.0,1.4094041472074337,0.17647058823529413,0.5,0.0,0.5724530330187384,0.9017630595523136,0.7243434796195346,0,0,station_5026,https://s3.eu-central-1.wasabisys.com/satnogs-network/data_obs/2026/9/23/12/15050941/waterfall_15050941_2026-09-23T12-05-02.png,15050941,25544,bad,without-signal,waterfall,FM,145800000,59.0,NKUA EVRIPOS - VHF,5026,2026-09-23T12:05:02Z,https://s3.eu-central-1.wasabisys.com/satnogs-network/data_obs/2026/9/23/12/15050941/waterfall_15050941_2026-09-23T12-05-02.png
satnogs_15036083,2.123573475960908,1.1846565608384783,0.0,0.0,0.0,1.5832076768296126,0.0784313725490196,0.5,0.0,0.6180115348703996,0.907072198227238,0.741178908914207,0,0,station_3905,https://s3.eu-central-1.wasabisys.com/satnogs-network/data_obs/2026/9/23/5/15036083/waterfall_15036083_2026-09-23T05-03-07.png,15036083,25544,bad,without-signal,waterfall,FM,437800000,25.0,LW1EXU-GroundStation,3905,2026-09-23T05:03:07Z,https://s3.eu-central-1.wasabisys.com/satnogs-network/data_obs/2026/9/23/5/15036083/waterfall_15036083_2026-09-23T05-03-07.png
satnogs_15046773,2.208194609181927,1.2611480106939168,0.0,0.0078125,0.0,1.7062579136308393,0.49019607843137253,0.5,0.0,0.7744648148791771,0.9251105169651999,0.7864421239525334,0,0,station_5198,https://s3.eu-central-1.wasabisys.com/satnogs-network/data_obs/2026/9/23/1/15046773/waterfall_15046773_2026-09-23T01-33-41.png,15046773,25544,bad,without-signal,waterfall,SSTV,145800000,59.0,FULLERS-1,5198,2026-09-23T01:33:41Z,https://s3.eu-central-1.wasabisys.com/satnogs-network/data_obs/2026/9/23/1/15046773/waterfall_15046773_2026-09-23T01-33-41.png
satnogs_15043736,5.8127774935012155,0.6457322489879063,0.0,0.40625,0.0,2.873814999461107,0.7450980392156863,0.0,0.9921875,0.9000461798878645,0.8887052997509509,0.668076159173413,0,0,station_4806,https://s3.eu-central-1.wasabisys.com/satnogs-network/data_obs/2026/9/23/1/15043736/waterfall_15043736_2026-09-23T01-33-29.png,15043736,25544,bad,without-signal,waterfall,FM,121750000,67.0,KC1OCA UC-1464-531L (VHF),4806,2026-09-23T01:33:29Z,https://s3.eu-central-1.wasabisys.com/satnogs-network/data_obs/2026/9/23/1/15043736/waterfall_15043736_2026-09-23T01-33-29.png
satnogs_15046547,2.200553922911043,0.9773279604997088,0.0,0.0,0.0,1.654364272348354,0.2549019607843137,0.5,0.0,0.879953157641532,0.9021559544527475,0.7283704836655721,0,0,station_5026,https://s3.eu-central-1.wasabisys.com/satnogs-network/data_obs/2026/9/22/19/15046547/waterfall_15046547_2026-09-22T19-23-04.png,15046547,25544,bad,without-signal,waterfall,FM,145800000,81.0,NKUA EVRIPOS - VHF,5026,2026-09-22T19:23:04Z,https://s3.eu-central-1.wasabisys.com/satnogs-network/data_obs/2026/9/22/19/15046547/waterfall_15046547_2026-09-22T19-23-04.png
satnogs_15044209,21.211535775403757,1.8363576861070672,0.8515625,1.0,0.8515625,3.7429913129282744,0.058823529411764705,0.0,1.0,0.9850548835278702,0.869530347384649,0.6165755363727744,0,0,station_4954,https://s3.eu-central-1.wasabisys.com/satnogs-network/data_obs/2026/9/22/19/15044209/waterfall_15044209_2026-09-22T19-14-52.png,15044209,25544,bad,without-signal,waterfall,FM,437800000,26.0,EA1JAO - ORTEGAL CAP,4954,2026-09-22T19:14:52Z,https://s3.eu-central-1.wasabisys.com/satnogs-network/data_obs/2026/9/22/19/15044209/waterfall_15044209_2026-09-22T19-14-52.png
satnogs_15046335,2.322650719592335,0.9226538696941557,0.0,0.0078125,0.0,1.3796245576821868,0.5686274509803921,0.5,0.0,0.9900669680797041,0.9031210098750339,0.7284304024037298,0,0,station_5026,https://s3.eu-central-1.wasabisys.com/satnogs-network/data_obs/2026/9/22/17/15046335/waterfall_15046335_2026-09-22T17-47-03.png,15046335,25544,bad,without-signal,waterfall,FM,145800000,16.0,NKUA EVRIPOS - VHF,5026,2026-09-22T17:47:03Z,https://s3.eu-central-1.wasabisys.com/satnogs-network/data_obs/2026/9/22/17/15046335/waterfall_15046335_2026-09-22T17-47-03.png
satnogs_15044727,2.1057432329136945,1.133050843152697,0.0,0.0,0.0,1.7086008961216725,0.5490196078431373,0.5,0.0,0.6233535440718679,0.9086662210320917,0.7409094857220943,0,0,station_4084,https://s3.eu-central-1.wasabisys.com/satnogs-network/data_obs/2026/9/22/16/15044727/waterfall_15044727_2026-09-22T16-05-42.png,15044727,25544,bad,without-signal,waterfall,AFSK,437825000,79.0,Astronomiemuseum Turnstile VHF (Test UHF),4084,2026-09-22T16:05:42Z,https://s3.eu-central-1.wasabisys.com/satnogs-network/data_obs/2026/9/22/16/15044727/waterfall_15044727_2026-09-22T16-05-42.png
satnogs_15044720,7.954852252071343,1.1595830096657815,0.1171875,0.9765625,0.12,4.980948307822268,0.5098039215686274,0.0,1.0,0.7359872837649,0.8944396871544296,0.6886409952767597,0,0,station_3689,https://s3.eu-central-1.wasabisys.com/satnogs-network/data_obs/2026/9/22/16/15044720/waterfall_15044720_2026-09-22T16-05-40.png,15044720,25544,bad,without-signal,waterfall,FM,437800000,66.0,DF0OHM Turnstile VHF (Test UHF),3689,2026-09-22T16:05:40Z,https://s3.eu-central-1.wasabisys.com/satnogs-network/data_obs/2026/9/22/16/15044720/waterfall_15044720_2026-09-22T16-05-40.png
satnogs_15044737,2.2308311923125106,0.8645591139618396,0.0,0.0,0.0,1.7546374341435766,0.21568627450980393,0.5,0.0,1.0039403425419184,0.9005646532699083,0.7274220979158669,0,0,station_5026,https://s3.eu-central-1.wasabisys.com/satnogs-network/data_obs/2026/9/22/14/15044737/waterfall_15044737_2026-09-22T14-31-10.png,15044737,25544,bad,without-signal,waterfall,FM,145800000,15.0,NKUA EVRIPOS - VHF,5026,2026-09-22T14:31:10Z,https://s3.eu-central-1.wasabisys.com/satnogs-network/data_obs/2026/9/22/14/15044737/waterfall_15044737_2026-09-22T14-31-10.png
satnogs_15044780,2.092901791811796,1.2894333350971163,0.0,0.0,0.0,1.8068012153387174,0.5294117647058824,0.5,0.0,0.6545035960643688,0.9279196529039667,0.7821749461677179,0,0,station_5184,https://s3.eu-central-1.wasabisys.com/satnogs-network/data_obs/2026/9/22/14/15044780/waterfall_15044780_2026-09-22T14-19-30.png,15044780,25544,bad,without-signal,waterfall,SSTV,437800000,24.0,satpi,5184,2026-09-22T14:19:30Z,https://s3.eu-central-1.wasabisys.com/satnogs-network/data_obs/2026/9/22/14/15044780/waterfall_15044780_2026-09-22T14-19-30.png
satnogs_15036098,3.332557680121765,0.7959908964777709,0.015625,0.046875,0.3333333333333333,1.3686014432730276,0.6470588235294118,0.12745098039215685,0.9296875,1.4452335700636858,0.8619602654747592,0.746441344494104,0,0,station_3929,https://s3.eu-central-1.wasabisys.com/satnogs-network/data_obs/2026/9/22/7/15036098/waterfall_15036098_2026-09-22T07-31-21.png,15036098,25544,bad,without-signal,waterfall,FM,437800000,14.0,Facultad de Ingeniería 1 y 47 - UNLP,3929,2026-09-22T07:31:21Z,https://s3.eu-central-1.wasabisys.com/satnogs-network/data_obs/2026/9/22/7/15036098/waterfall_15036098_2026-09-22T07-31-21.png
satnogs_14446691,2.3691076522420347,0.9918599629851358,0.0,0.0,0.0,1.4136736912047208,0.49019607843137253,0.5,0.0,0.6534329537618008,0.8916729366722013,0.7221384554373633,0,0,station_5026,https://s3.eu-central-1.wasabisys.com/satnogs-network/data_obs/2026/7/5/21/14446691/waterfall_14446691_2026-07-05T21-45-53.png,14446691,25544,bad,without-signal,waterfall,FM,145800000,15.0,NKUA EVRIPOS - VHF,5026,2026-07-05T21:45:53Z,https://s3.eu-central-1.wasabisys.com/satnogs-network/data_obs/2026/7/5/21/14446691/waterfall_14446691_2026-07-05T21-45-53.png
satnogs_14446689,2.1402520583977154,1.1529187242259684,0.0,0.0,0.0,1.9150437144702295,0.6666666666666666,0.5,0.0,0.6243698538582847,0.9112421706798844,0.7524959951758742,0,0,station_4084,https://s3.eu-central-1.wasabisys.com/satnogs-network/data_obs/2026/7/5/21/14446689/waterfall_14446689_2026-07-05T21-43-43.png,14446689,25544,bad,without-signal,waterfall,AFSK,437825000,41.0,Astronomiemuseum Turnstile VHF (Test UHF),4084,2026-07-05T21:43:43Z,https://s3.eu-central-1.wasabisys.com/satnogs-network/data_obs/2026/7/5/21/14446689/waterfall_14446689_2026-07-05T21-43-43.png
satnogs_14446280,2.0737387495748885,1.1022907399588364,0.0,0.0,0.0,1.8871799243236433,0.7058823529411765,0.5,0.0,0.6976884246409044,0.9090742455049738,0.7460109081776785,0,0,station_3689,https://s3.eu-central-1.wasabisys.com/satnogs-network/data_obs/2026/7/5/21/14446280/waterfall_14446280_2026-07-05T21-43-31.png,14446280,25544,bad,without-signal,waterfall,AFSK,437825000,48.0,DF0OHM Turnstile VHF (Test UHF),3689,2026-07-05T21:43:31Z,https://s3.eu-central-1.wasabisys.com/satnogs-network/data_obs/2026/7/5/21/14446280/waterfall_14446280_2026-07-05T21-43-31.png
satnogs_14440801,2.1266746946662187,1.118994598881443,0.0,0.0,0.0,1.588932994010744,0.6470588235294118,0.5,0.0,0.6726699499143813,0.903083330557306,0.7144705315763881,0,0,station_3689,https://s3.eu-central-1.wasabisys.com/satnogs-network/data_obs/2026/7/5/1/14440801/waterfall_14440801_2026-07-05T01-42-36.png,14440801,25544,bad,without-signal,waterfall,AFSK,437825000,80.0,DF0OHM Turnstile VHF (Test UHF),3689,2026-07-05T01:42:36Z,https://s3.eu-central-1.wasabisys.com/satnogs-network/data_obs/2026/7/5/1/14440801/waterfall_14440801_2026-07-05T01-42-36.png
satnogs_14440546,2.094360495721011,1.1023291190979796,0.0,0.0,0.0,1.6339447585225197,0.6470588235294118,0.5,0.0,0.6390370557694867,0.9082771267080172,0.7101027334585958,0,0,station_4084,https://s3.eu-central-1.wasabisys.com/satnogs-network/data_obs/2026/7/5/0/14440546/waterfall_14440546_2026-07-05T00-05-40.png,14440546,25544,bad,without-signal,waterfall,AFSK,437825000,70.0,Astronomiemuseum Turnstile VHF (Test UHF),4084,2026-07-05T00:05:40Z,https://s3.eu-central-1.wasabisys.com/satnogs-network/data_obs/2026/7/5/0/14440546/waterfall_14440546_2026-07-05T00-05-40.png
satnogs_14440509,2.074280405043961,1.1431453982402546,0.0,0.0,0.0,1.9006881813668535,0.47058823529411764,0.5,0.0,0.5911433671550058,0.9054029581864633,0.7286421695892753,0,0,station_3689,https://s3.eu-central-1.wasabisys.com/satnogs-network/data_obs/2026/7/5/0/14440509/waterfall_14440509_2026-07-05T00-05-40.png,14440509,25544,bad,without-signal,waterfall,AFSK,437825000,58.0,DF0OHM Turnstile VHF (Test UHF),3689,2026-07-05T00:05:40Z,https://s3.eu-central-1.wasabisys.com/satnogs-network/data_obs/2026/7/5/0/14440509/waterfall_14440509_2026-07-05T00-05-40.png
satnogs_14429483,2.1541126764969354,1.1454804507802119,0.0,0.0,0.0,2.0619475941464196,0.23529411764705882,0.5,0.0,0.7279014246303854,0.9091036440535535,0.7446807689231549,0,0,station_4330,https://s3.eu-central-1.wasabisys.com/satnogs-network/data_obs/2026/7/4/22/14429483/waterfall_14429483_2026-07-04T22-59-21.png,14429483,25544,bad,without-signal,waterfall,FM,437800000,10.0,I LOVE BALI,4330,2026-07-04T22:59:21Z,https://s3.eu-central-1.wasabisys.com/satnogs-network/data_obs/2026/7/4/22/14429483/waterfall_14429483_2026-07-04T22-59-21.png
satnogs_14440117,2.198364633930494,1.15719111794796,0.0,0.0,0.0,1.8374207342594393,0.6274509803921569,0.5,0.0,0.5598430087024735,0.9051118463226364,0.7190423171435444,0,0,station_4084,https://s3.eu-central-1.wasabisys.com/satnogs-network/data_obs/2026/7/4/22/14440117/waterfall_14440117_2026-07-04T22-28-58.png,14440117,25544,bad,without-signal,waterfall,AFSK,437825000,57.0,Astronomiemuseum Turnstile VHF (Test UHF),4084,2026-07-04T22:28:58Z,https://s3.eu-central-1.wasabisys.com/satnogs-network/data_obs/2026/7/4/22/14440117/waterfall_14440117_2026-07-04T22-28-58.png
satnogs_14439804,2.1741496373560114,1.1255191176065058,0.0,0.0,0.0,1.498935766259462,0.39215686274509803,0.5,0.0,0.6570731401625886,0.9055099680666845,0.7226352754498927,0,0,station_3689,https://s3.eu-central-1.wasabisys.com/satnogs-network/data_obs/2026/7/4/22/14439804/waterfall_14439804_2026-07-04T22-28-48.png,14439804,25544,bad,without-signal,waterfall,AFSK,437825000,67.0,DF0OHM Turnstile VHF (Test UHF),3689,2026-07-04T22:28:48Z,https://s3.eu-central-1.wasabisys.com/satnogs-network/data_obs/2026/7/4/22/14439804/waterfall_14439804_2026-07-04T22-28-48.png
satnogs_14439381,2.144697649416396,1.1737664965893302,0.0,0.0,0.0,1.6235921632989623,0.6274509803921569,0.5,0.0,0.6423990281857942,0.9127364271197365,0.7524715831695146,0,0,station_4084,https://s3.eu-central-1.wasabisys.com/satnogs-network/data_obs/2026/7/4/20/14439381/waterfall_14439381_2026-07-04T20-54-16.png,14439381,25544,bad,without-signal,waterfall,AFSK,437825000,14.0,Astronomiemuseum Turnstile VHF (Test UHF),4084,2026-07-04T20:54:16Z,https://s3.eu-central-1.wasabisys.com/satnogs-network/data_obs/2026/7/4/20/14439381/waterfall_14439381_2026-07-04T20-54-16.png
satnogs_14432926,2.220905436827908,1.2135521176337707,0.0078125,0.0078125,1.0,1.636766751993507,0.45098039215686275,0.5,0.0,0.8318444101157499,0.910488603499015,0.7534075546321992,0,0,station_3905,https://s3.eu-central-1.wasabisys.com/satnogs-network/data_obs/2026/7/4/18/14432926/waterfall_14432926_2026-07-04T18-45-59.png,14432926,25544,bad,without-signal,waterfall,FM,437800000,9.0,LW1EXU-GroundStation,3905,2026-07-04T18:45:59Z,https://s3.eu-central-1.wasabisys.com/satnogs-network/data_obs/2026/7/4/18/14432926/waterfall_14432926_2026-07-04T18-45-59.png
satnogs_14430752,7.563599125611799,0.9523354978423634,0.109375,0.7109375,0.15384615384615385,5.071459373492595,0.35294117647058826,0.0,0.859375,1.0261126293812926,0.8904142973772078,0.7245533336408201,0,0,station_4856,https://s3.eu-central-1.wasabisys.com/satnogs-network/data_obs/2026/7/4/11/14430752/waterfall_14430752_2026-07-04T11-30-17.png,14430752,25544,bad,without-signal,waterfall,FM,437800000,22.0,biGS,4856,2026-07-04T11:30:17Z,https://s3.eu-central-1.wasabisys.com/satnogs-network/data_obs/2026/7/4/11/14430752/waterfall_14430752_2026-07-04T11-30-17.png
satnogs_14435106,2.055192480225267,1.1069840140107274,0.0,0.0,0.0,1.6372421177970662,0.29411764705882354,0.5,0.0,0.7196944053653246,0.9097309955660795,0.7451725339240535,0,0,station_4084,https://s3.eu-central-1.wasabisys.com/satnogs-network/data_obs/2026/7/4/4/14435106/waterfall_14435106_2026-07-04T04-07-51.png,14435106,25544,bad,without-signal,waterfall,AFSK,437825000,18.0,Astronomiemuseum Turnstile VHF (Test UHF),4084,2026-07-04T04:07:51Z,https://s3.eu-central-1.wasabisys.com/satnogs-network/data_obs/2026/7/4/4/14435106/waterfall_14435106_2026-07-04T04-07-51.png
satnogs_14434828,2.3788726145273364,1.0622015847642474,0.0,0.0546875,0.0,2.033295580060294,0.7058823529411765,0.014705882352941176,0.125,0.7275101662914986,0.8852825197038247,0.7359347631235035,0,0,station_3689,https://s3.eu-central-1.wasabisys.com/satnogs-network/data_obs/2026/7/4/2/14434828/waterfall_14434828_2026-07-04T02-30-34.png,14434828,25544,bad,without-signal,waterfall,AFSK,437825000,82.0,DF0OHM Turnstile VHF (Test UHF),3689,2026-07-04T02:30:34Z,https://s3.eu-central-1.wasabisys.com/satnogs-network/data_obs/2026/7/4/2/14434828/waterfall_14434828_2026-07-04T02-30-34.png
satnogs_14434630,2.203684639309165,1.1036551030452315,0.0,0.0625,0.0,1.6477185598564252,0.45098039215686275,0.00980392156862745,0.1796875,0.6503290146878099,0.8967029695777137,0.7368405103075429,0,0,station_4084,https://s3.eu-central-1.wasabisys.com/satnogs-network/data_obs/2026/7/4/2/14434630/waterfall_14434630_2026-07-04T02-30-31.png,14434630,25544,bad,without-signal,waterfall,AFSK,437825000,69.0,Astronomiemuseum Turnstile VHF (Test UHF),4084,2026-07-04T02:30:31Z,https://s3.eu-central-1.wasabisys.com/satnogs-network/data_obs/2026/7/4/2/14434630/waterfall_14434630_2026-07-04T02-30-31.png
satnogs_14434263,2.930806476465174,1.0389633828607558,0.0,0.1328125,0.0,2.2278397926765483,0.6666666666666666,0.00980392156862745,0.234375,0.7729488120987211,0.8812109114777644,0.7302137385386699,0,0,station_3689,https://s3.eu-central-1.wasabisys.com/satnogs-network/data_obs/2026/7/4/0/14434263/waterfall_14434263_2026-07-04T00-53-41.png,14434263,25544,bad,without-signal,waterfall,AFSK,437825000,57.0,DF0OHM Turnstile VHF (Test UHF),3689,2026-07-04T00:53:41Z,https://s3.eu-central-1.wasabisys.com/satnogs-network/data_obs/2026/7/4/0/14434263/waterfall_14434263_2026-07-04T00-53-41.png
satnogs_14434303,8.205546052757372,0.8678083858857908,0.0,0.2109375,0.0,11.031592964803554,0.7647058823529411,0.00980392156862745,0.3125,0.8473933990944796,0.8113906811157707,0.7590621620101186,0,0,station_4084,https://s3.eu-central-1.wasabisys.com/satnogs-network/data_obs/2026/7/4/0/14434303/waterfall_14434303_2026-07-04T00-53-40.png,14434303,25544,bad,without-signal,waterfall,AFSK,437825000,69.0,Astronomiemuseum Turnstile VHF (Test UHF),4084,2026-07-04T00:53:40Z,https://s3.eu-central-1.wasabisys.com/satnogs-network/data_obs/2026/7/4/0/14434303/waterfall_14434303_2026-07-04T00-53-40.png
satnogs_14433813,7.978358688887562,0.9290705388539358,0.0,0.2109375,0.0,12.005355774359712,0.7647058823529411,0.00980392156862745,0.21875,0.7238128277824065,0.8713134785029507,0.7497072110105966,0,0,station_4084,https://s3.eu-central-1.wasabisys.com/satnogs-network/data_obs/2026/7/3/23/14433813/waterfall_14433813_2026-07-03T23-16-49.png,14433813,25544,bad,without-signal,waterfall,AFSK,437825000,74.0,Astronomiemuseum Turnstile VHF (Test UHF),4084,2026-07-03T23:16:49Z,https://s3.eu-central-1.wasabisys.com/satnogs-network/data_obs/2026/7/3/23/14433813/waterfall_14433813_2026-07-03T23-16-49.png
satnogs_14433789,7.29262208093078,0.9069085738564517,0.0,0.1875,0.0,6.708520928859526,0.7450980392156863,0.00980392156862745,0.2578125,0.8841290582462369,0.8801144149172195,0.7524943028293049,0,0,station_3689,https://s3.eu-central-1.wasabisys.com/satnogs-network/data_obs/2026/7/3/23/14433789/waterfall_14433789_2026-07-03T23-16-42.png,14433789,25544,bad,without-signal,waterfall,AFSK,437825000,87.0,DF0OHM Turnstile VHF (Test UHF),3689,2026-07-03T23:16:42Z,https://s3.eu-central-1.wasabisys.com/satnogs-network/data_obs/2026/7/3/23/14433789/waterfall_14433789_2026-07-03T23-16-42.png
satnogs_14433616,2.1149504116464484,1.112877046912,0.0,0.0,0.0,1.709119218026555,0.5490196078431373,0.5,0.0,0.7169244372568502,0.906066055819637,0.7426792004345161,0,0,station_4084,https://s3.eu-central-1.wasabisys.com/satnogs-network/data_obs/2026/7/3/21/14433616/waterfall_14433616_2026-07-03T21-41-14.png,14433616,25544,bad,without-signal,waterfall,AFSK,437825000,20.0,Astronomiemuseum Turnstile VHF (Test UHF),4084,2026-07-03T21:41:14Z,https://s3.eu-central-1.wasabisys.com/satnogs-network/data_obs/2026/7/3/21/14433616/waterfall_14433616_2026-07-03T21-41-14.png
satnogs_14430727,7.734797307526027,1.1511314244483657,0.2109375,0.6171875,0.34177215189873417,2.1334876317133955,0.47058823529411764,0.00980392156862745,0.671875,1.1289696732591337,0.8703674195293498,0.7318156262069286,0,0,station_4856,https://s3.eu-central-1.wasabisys.com/satnogs-network/data_obs/2026/7/3/20/14430727/waterfall_14430727_2026-07-03T20-25-43.png,14430727,25544,bad,without-signal,waterfall,FM,437800000,49.0,biGS,4856,2026-07-03T20:25:43Z,https://s3.eu-central-1.wasabisys.com/satnogs-network/data_obs/2026/7/3/20/14430727/waterfall_14430727_2026-07-03T20-25-43.png
satnogs_14426003,2.0848488875558995,1.1361595986999191,0.0,0.0,0.0,1.3896165885183804,0.29411764705882354,0.5,0.0,0.7156694607839756,0.9105208102336041,0.743585229931134,0,0,station_3905,https://s3.eu-central-1.wasabisys.com/satnogs-network/data_obs/2026/7/3/17/14426003/waterfall_14426003_2026-07-03T17-56-58.png,14426003,25544,bad,without-signal,waterfall,FM,437800000,5.0,LW1EXU-GroundStation,3905,2026-07-03T17:56:58Z,https://s3.eu-central-1.wasabisys.com/satnogs-network/data_obs/2026/7/3/17/14426003/waterfall_14426003_2026-07-03T17-56-58.png
satnogs_14419773,3.4350040060336258,0.9451370897510618,0.0,0.2890625,0.0,2.091806258407496,0.6862745098039216,0.0,0.9453125,0.8481677484111326,0.9001429599866025,0.6955674688688033,0,0,station_4856,https://s3.eu-central-1.wasabisys.com/satnogs-network/data_obs/2026/7/3/17/14419773/waterfall_14419773_2026-07-03T17-13-27.png,14419773,25544,bad,without-signal,waterfall,FM,437800000,6.0,biGS,4856,2026-07-03T17:13:27Z,https://s3.eu-central-1.wasabisys.com/satnogs-network/data_obs/2026/7/3/17/14419773/waterfall_14419773_2026-07-03T17-13-27.png
satnogs_14419771,2.9643416601727637,0.9517046438759489,0.0,0.2421875,0.0,2.1487835552877828,0.6666666666666666,0.00980392156862745,0.90625,0.7887385950019803,0.9043103061752186,0.6990728661102716,0,0,station_4856,https://s3.eu-central-1.wasabisys.com/satnogs-network/data_obs/2026/7/3/15/14419771/waterfall_14419771_2026-07-03T15-34-56.png,14419771,25544,bad,without-signal,waterfall,FM,437800000,6.0,biGS,4856,2026-07-03T15:34:56Z,https://s3.eu-central-1.wasabisys.com/satnogs-network/data_obs/2026/7/3/15/14419771/waterfall_14419771_2026-07-03T15-34-56.png
satnogs_14419752,5.954198200750779,1.1877240858200955,0.171875,0.6328125,0.2716049382716049,2.550277871144929,0.21568627450980393,0.0,0.9609375,1.0566764820840293,0.8945580957979833,0.70682704193968,0,0,station_4856,https://s3.eu-central-1.wasabisys.com/satnogs-network/data_obs/2026/7/3/13/14419752/waterfall_14419752_2026-07-03T13-55-01.png,14419752,25544,bad,without-signal,waterfall,FM,437800000,20.0,biGS,4856,2026-07-03T13:55:01Z,https://s3.eu-central-1.wasabisys.com/satnogs-network/data_obs/2026/7/3/13/14419752/waterfall_14419752_2026-07-03T13-55-01.png
satnogs_14813248,2.3341955472746476,1.1422159688487579,0.015625,0.0234375,0.6666666666666666,1.8591426295367641,0.058823529411764705,0.06372549019607843,0.2109375,0.6615841513148297,0.9052479924338264,0.7340856338980665,0,0,station_4762,https://s3.eu-central-1.wasabisys.com/satnogs-network/data_obs/2026/8/19/21/14813248/waterfall_14813248_2026-08-19T21-34-19.png,14813248,25544,bad,without-signal,waterfall,FM,437800000,7.0,SatNogs CNLP,4762,2026-08-19T21:34:19Z,https://s3.eu-central-1.wasabisys.com/satnogs-network/data_obs/2026/8/19/21/14813248/waterfall_14813248_2026-08-19T21-34-19.png
satnogs_14824954,4.72949938555559,0.28870624284735813,0.0,0.4609375,0.0,4.234794233431045,0.7450980392156863,0.00980392156862745,0.8046875,1.35071253035319,0.8942948187874331,0.7111302356339835,0,0,station_4094,https://s3.eu-central-1.wasabisys.com/satnogs-network/data_obs/2026/8/19/8/14824954/waterfall_14824954_2026-08-19T08-37-53.png,14824954,25544,bad,without-signal,waterfall,AFSK,145825000,87.0,Sofia SAT Club - LZ1GNU,4094,2026-08-19T08:37:53Z,https://s3.eu-central-1.wasabisys.com/satnogs-network/data_obs/2026/8/19/8/14824954/waterfall_14824954_2026-08-19T08-37-53.png
satnogs_14817479,4.706513106144222,0.8655617720155266,0.1484375,0.6640625,0.2235294117647059,1.6652965105533815,0.37254901960784315,0.00980392156862745,0.9921875,0.6237414240788808,0.8336215680601454,0.685105087306181,0,0,station_3677,https://s3.eu-central-1.wasabisys.com/satnogs-network/data_obs/2026/8/19/8/14817479/waterfall_14817479_2026-08-19T08-36-01.png,14817479,25544,bad,without-signal,waterfall,FM,437800000,46.0,SOBE01,3677,2026-08-19T08:36:01Z,https://s3.eu-central-1.wasabisys.com/satnogs-network/data_obs/2026/8/19/8/14817479/waterfall_14817479_2026-08-19T08-36-01.png
satnogs_14824365,7.614423977763605,1.1056855577256646,0.1171875,0.9453125,0.12396694214876033,4.47542468297615,0.5098039215686274,0.0,1.0,0.7643079125803198,0.8959125135797742,0.6918986136174409,0,0,station_3689,https://s3.eu-central-1.wasabisys.com/satnogs-network/data_obs/2026/8/19/8/14824365/waterfall_14824365_2026-08-19T08-35-02.png,14824365,25544,bad,without-signal,waterfall,FM,437800000,62.0,DF0OHM Turnstile VHF (Test UHF),3689,2026-08-19T08:35:02Z,https://s3.eu-central-1.wasabisys.com/satnogs-network/data_obs/2026/8/19/8/14824365/waterfall_14824365_2026-08-19T08-35-02.png
satnogs_14824447,2.153820379250881,1.1515573123282241,0.0,0.0,0.0,1.3030342963963675,0.2549019607843137,0.5,0.0,0.5856857960448572,0.9085231083803358,0.7443248526993493,0,0,station_4084,https://s3.eu-central-1.wasabisys.com/satnogs-network/data_obs/2026/8/19/8/14824447/waterfall_14824447_2026-08-19T08-34-59.png,14824447,25544,bad,without-signal,waterfall,AFSK,437825000,52.0,Astronomiemuseum Turnstile VHF (Test UHF),4084,2026-08-19T08:34:59Z,https://s3.eu-central-1.wasabisys.com/satnogs-network/data_obs/2026/8/19/8/14824447/waterfall_14824447_2026-08-19T08-34-59.png
satnogs_14813542,13.478565802330134,1.1099383945285997,0.59375,1.0,0.59375,3.9831798388142414,0.0392156862745098,0.00980392156862745,1.0,0.8776674720160343,0.7614253813994788,0.44472986009623966,0,0,station_91,https://s3.eu-central-1.wasabisys.com/satnogs-network/data_obs/2026/8/19/8/14813542/waterfall_14813542_2026-08-19T08-33-56.png,14813542,25544,bad,without-signal,waterfall,FM,437800000,86.0,M0EYT,91,2026-08-19T08:33:56Z,https://s3.eu-central-1.wasabisys.com/satnogs-network/data_obs/2026/8/19/8/14813542/waterfall_14813542_2026-08-19T08-33-56.png
satnogs_14818935,2.693896149468128,1.4385475885248906,0.0078125,0.046875,0.16666666666666666,2.061041508767375,0.09803921568627451,0.0196078431372549,0.4609375,0.5605279964208193,0.939190702716683,0.8148895287262243,0,0,station_3855,https://s3.eu-central-1.wasabisys.com/satnogs-network/data_obs/2026/8/19/8/14818935/waterfall_14818935_2026-08-19T08-33-34.png,14818935,25544,bad,without-signal,waterfall,FM,437800000,73.0,GS ChNord UHF,3855,2026-08-19T08:33:34Z,https://s3.eu-central-1.wasabisys.com/satnogs-network/data_obs/2026/8/19/8/14818935/waterfall_14818935_2026-08-19T08-33-34.png
satnogs_14810651,2.2190359904628614,1.0823439647682633,0.0,0.0,0.0,1.5817120637775068,0.6470588235294118,0.5,0.0,0.7227155988503678,0.9031646305500687,0.7341954323381348,0,0,station_342,https://s3.eu-central-1.wasabisys.com/satnogs-network/data_obs/2026/8/19/8/14810651/waterfall_14810651_2026-08-19T08-32-33.png,14810651,25544,bad,without-signal,waterfall,FM,437800000,13.0,EA5WA Pobla Llarga,342,2026-08-19T08:32:33Z,https://s3.eu-central-1.wasabisys.com/satnogs-network/data_obs/2026/8/19/8/14810651/waterfall_14810651_2026-08-19T08-32-33.png
satnogs_14816744,12.789548901698819,1.2865548713615529,0.375,1.0,0.375,5.046823886569698,0.0392156862745098,0.0,1.0,1.0998057226711186,0.8772795366018615,0.621061932147462,0,0,station_4803,https://s3.eu-central-1.wasabisys.com/satnogs-network/data_obs/2026/8/19/8/14816744/waterfall_14816744_2026-08-19T08-20-07.png,14816744,25544,bad,without-signal,waterfall,FM,437800000,32.0,KC1OCA  UC-4364-531R (UHF),4803,2026-08-19T08:20:07Z,https://s3.eu-central-1.wasabisys.com/satnogs-network/data_obs/2026/8/19/8/14816744/waterfall_14816744_2026-08-19T08-20-07.png
satnogs_14824566,2.2288495196753377,1.030540171846581,0.0,0.0,0.0,2.534070716333336,0.7058823529411765,0.5,0.0,0.7877592316116255,0.9021493132552254,0.7337120851108351,0,0,station_2987,https://s3.eu-central-1.wasabisys.com/satnogs-network/data_obs/2026/8/19/7/14824566/waterfall_14824566_2026-08-19T07-13-26.png,14824566,25544,bad,without-signal,waterfall,FM,437800000,65.0,VU2JEK_Nitin,2987,2026-08-19T07:13:26Z,https://s3.eu-central-1.wasabisys.com/satnogs-network/data_obs/2026/8/19/7/14824566/waterfall_14824566_2026-08-19T07-13-26.png
satnogs_14824482,15.035796133619447,0.8457761583178567,0.0,0.984375,0.0,23.1864305548135,0.21568627450980393,0.0,1.0,0.7540314806184284,0.9065152802744075,0.671083417625185,0,0,station_4272,https://s3.eu-central-1.wasabisys.com/satnogs-network/data_obs/2026/8/19/7/14824482/waterfall_14824482_2026-08-19T07-01-52.png,14824482,25544,bad,without-signal,waterfall,SSTV,145800000,21.0,Sofia SAT Club - Hadji Boby VHF,4272,2026-08-19T07:01:52Z,https://s3.eu-central-1.wasabisys.com/satnogs-network/data_obs/2026/8/19/7/14824482/waterfall_14824482_2026-08-19T07-01-52.png
satnogs_14819139,2.12546179919177,0.9666232650064519,0.0,0.09375,0.0,1.0061780445589654,0.6470588235294118,0.0,0.1875,0.8581345581600608,0.9307942212379642,0.758211028249812,0,0,station_4151,https://s3.eu-central-1.wasabisys.com/satnogs-network/data_obs/2026/8/19/6/14819139/waterfall_14819139_2026-08-19T06-57-54.png,14819139,25544,bad,without-signal,waterfall,FSK,437800000,70.0,DEX-X,4151,2026-08-19T06:57:54Z,https://s3.eu-central-1.wasabisys.com/satnogs-network/data_obs/2026/8/19/6/14819139/waterfall_14819139_2026-08-19T06-57-54.png
satnogs_14860663,6.9814414107538685,1.181557945307599,0.8203125,1.0,0.8203125,2.422991493678174,0.0196078431372549,0.18627450980392157,1.0,0.37017263318797755,0.897845338853749,0.5282955563945253,1,0,station_4451,https://s3.eu-central-1.wasabisys.com/satnogs-network/data_obs/2026/8/23/10/14860663/waterfall_14860663_2026-08-23T10-56-51.png,14860663,62391,good,with-signal,waterfall,CW,436925000,10.0,(¯`·._.·(¯`·._.· I LOVE BALI ·._.·´¯)·._.·´¯),4451,2026-08-23T10:56:51Z,https://s3.eu-central-1.wasabisys.com/satnogs-network/data_obs/2026/8/23/10/14860663/waterfall_14860663_2026-08-23T10-56-51.png
satnogs_14854259,0.9982713181918781,1.5327789199874402,0.0,0.0,0.0,0.7852248939214789,0.09803921568627451,0.5,0.0,0.2197762805397135,0.990116828181308,0.9269923243280888,1,0,station_4963,https://s3.eu-central-1.wasabisys.com/satnogs-network/data_obs/2026/8/23/10/14854259/waterfall_14854259_2026-08-23T10-54-53.png,14854259,59051,good,unknown,status,FSK,137900000,44.0,PISTATION-1000,4963,2026-08-23T10:54:53Z,https://s3.eu-central-1.wasabisys.com/satnogs-network/data_obs/2026/8/23/10/14854259/waterfall_14854259_2026-08-23T10-54-53.png
satnogs_14846329,6.269555798750074,1.5966523109446038,0.0859375,0.0859375,1.0,3.243259232513159,0.13725490196078433,0.029411764705882353,0.359375,2.091038486516877,0.8727096202517488,0.7906688955359115,1,0,station_5078,https://s3.eu-central-1.wasabisys.com/satnogs-network/data_obs/2026/8/23/10/14846329/waterfall_14846329_2026-08-23T10-49-54.png,14846329,68419,good,with-signal,waterfall,GMSK,401354000,44.0,dm43,5078,2026-08-23T10:49:54Z,https://s3.eu-central-1.wasabisys.com/satnogs-network/data_obs/2026/8/23/10/14846329/waterfall_14846329_2026-08-23T10-49-54.png
satnogs_14860627,14.93706977878669,2.2083617966786626,0.1171875,0.125,0.9375,11.472260071676425,0.0,0.0,0.890625,2.803504555495303,0.7353042936251389,0.8188031581391885,1,0,station_4451,https://s3.eu-central-1.wasabisys.com/satnogs-network/data_obs/2026/8/23/10/14860627/waterfall_14860627_2026-08-23T10-49-47.png,14860627,61738,good,with-signal,waterfall,GMSK USP,401055000,87.0,(¯`·._.·(¯`·._.· I LOVE BALI ·._.·´¯)·._.·´¯),4451,2026-08-23T10:49:47Z,https://s3.eu-central-1.wasabisys.com/satnogs-network/data_obs/2026/8/23/10/14860627/waterfall_14860627_2026-08-23T10-49-47.png
satnogs_14854739,10.307347554607539,1.3542072753335779,0.1875,0.9921875,0.1889763779527559,2.902631310651494,0.3333333333333333,0.0,1.0,1.5084499897399182,0.8748977363295819,0.6647479886427342,1,0,station_4803,https://s3.eu-central-1.wasabisys.com/satnogs-network/data_obs/2026/8/23/10/14854739/waterfall_14854739_2026-08-23T10-47-41.png,14854739,25397,good,with-signal,waterfall,FSK,435225000,62.0,KC1OCA  UC-4364-531R (UHF),4803,2026-08-23T10:47:41Z,https://s3.eu-central-1.wasabisys.com/satnogs-network/data_obs/2026/8/23/10/14854739/waterfall_14854739_2026-08-23T10-47-41.png
satnogs_14858262,3.6023403510780345,1.4192773948337052,0.3203125,0.3359375,0.9534883720930233,2.8444891349735304,0.0,0.0,0.6796875,0.8484526630241048,0.9063814694943759,0.7242696040090645,1,0,station_4910,https://s3.eu-central-1.wasabisys.com/satnogs-network/data_obs/2026/8/23/10/14858262/waterfall_14858262_2026-08-23T10-46-11.png,14858262,60237,good,with-signal,waterfall,GFSK,436785000,89.0,Pelt-UHF-Fixed-Yagi,4910,2026-08-23T10:46:11Z,https://s3.eu-central-1.wasabisys.com/satnogs-network/data_obs/2026/8/23/10/14858262/waterfall_14858262_2026-08-23T10-46-11.png
satnogs_14842742,7.763232624870861,2.271986352060341,0.203125,0.2109375,0.9629629629629629,3.479862036907998,0.19607843137254902,0.11764705882352941,0.4296875,1.4042994600563643,0.9273684061711058,0.7966802079185565,1,0,station_2173,https://s3.eu-central-1.wasabisys.com/satnogs-network/data_obs/2026/8/23/10/14842742/waterfall_14842742_2026-08-23T10-46-10.png,14842742,69015,good,with-signal,waterfall,FSK AX.100 Mode 5,436150000,19.0,PE0SAT-21,2173,2026-08-23T10:46:10Z,https://s3.eu-central-1.wasabisys.com/satnogs-network/data_obs/2026/8/23/10/14842742/waterfall_14842742_2026-08-23T10-46-10.png
satnogs_14842711,5.619301737058267,2.168686447396774,0.2109375,0.2265625,0.9310344827586207,3.4962970111148928,0.1568627450980392,0.06862745098039216,0.9765625,1.0399124191086282,0.9198004952365462,0.786089735210275,1,0,station_1696,https://s3.eu-central-1.wasabisys.com/satnogs-network/data_obs/2026/8/23/10/14842711/waterfall_14842711_2026-08-23T10-46-10.png,14842711,69015,good,with-signal,waterfall,FSK AX.100 Mode 5,436150000,19.0,PE0SAT-31,1696,2026-08-23T10:46:10Z,https://s3.eu-central-1.wasabisys.com/satnogs-network/data_obs/2026/8/23/10/14842711/waterfall_14842711_2026-08-23T10-46-10.png
satnogs_14842658,8.91358336483512,2.629438334382746,0.2734375,0.2734375,1.0,3.5038354214597267,0.1568627450980392,0.13725490196078433,0.4375,1.3915834292730305,0.9294192965498068,0.8282706852271094,1,0,station_431,https://s3.eu-central-1.wasabisys.com/satnogs-network/data_obs/2026/8/23/10/14842658/waterfall_14842658_2026-08-23T10-46-10.png,14842658,69015,good,with-signal,waterfall,FSK AX.100 Mode 5,436150000,19.0,PE0SAT-11,431,2026-08-23T10:46:10Z,https://s3.eu-central-1.wasabisys.com/satnogs-network/data_obs/2026/8/23/10/14842658/waterfall_14842658_2026-08-23T10-46-10.png
satnogs_14850760,6.219275171570343,-0.28083677425765496,0.0234375,0.890625,0.02631578947368421,7.430671699082396,0.6274509803921569,0.00980392156862745,0.890625,1.6895017966136556,0.9666435590334093,0.8847395780368787,1,0,station_1710,https://s3.eu-central-1.wasabisys.com/satnogs-network/data_obs/2026/8/23/10/14850760/waterfall_14850760_2026-08-23T10-46-02.png,14850760,39440,good,unknown,status,FSK,437445000,34.0,EU1AEM,1710,2026-08-23T10:46:02Z,https://s3.eu-central-1.wasabisys.com/satnogs-network/data_obs/2026/8/23/10/14850760/waterfall_14850760_2026-08-23T10-46-02.png
satnogs_14856166,11.99069134470972,0.8000765636730968,0.0546875,0.5703125,0.0958904109589041,2.0479622540497013,0.7058823529411765,0.00980392156862745,0.7890625,3.4733624205489004,0.6960424113217143,0.7603747623931805,1,0,station_4151,https://s3.eu-central-1.wasabisys.com/satnogs-network/data_obs/2026/8/23/10/14856166/waterfall_14856166_2026-08-23T10-45-37.png,14856166,60475,good,with-signal,waterfall,GMSK,401530000,87.0,DEX-X,4151,2026-08-23T10:45:37Z,https://s3.eu-central-1.wasabisys.com/satnogs-network/data_obs/2026/8/23/10/14856166/waterfall_14856166_2026-08-23T10-45-37.png
satnogs_14842650,11.568360398968432,3.0664216369645705,0.4453125,0.5625,0.7916666666666666,3.9845099673736266,0.17647058823529413,0.00980392156862745,0.96875,1.0657298061408707,0.9313036455671814,0.9350259155393121,1,0,station_91,https://s3.eu-central-1.wasabisys.com/satnogs-network/data_obs/2026/8/23/10/14842650/waterfall_14842650_2026-08-23T10-45-33.png,14842650,69015,good,with-signal,waterfall,FSK AX.100 Mode 5,436150000,37.0,M0EYT,91,2026-08-23T10:45:33Z,https://s3.eu-central-1.wasabisys.com/satnogs-network/data_obs/2026/8/23/10/14842650/waterfall_14842650_2026-08-23T10-45-33.png
satnogs_14860921,7.418897819641182,0.9884605126670544,0.0390625,0.921875,0.0423728813559322,1.471277638814639,0.37254901960784315,0.0,0.9921875,2.2847053938306447,0.8224614973027101,0.720881630249115,1,0,station_4111,https://s3.eu-central-1.wasabisys.com/satnogs-network/data_obs/2026/8/23/10/14860921/waterfall_14860921_2026-08-23T10-43-36.png,14860921,64557,good,unknown,status,GMSK,401530000,9.0,Plyachka,4111,2026-08-23T10:43:36Z,https://s3.eu-central-1.wasabisys.com/satnogs-network/data_obs/2026/8/23/10/14860921/waterfall_14860921_2026-08-23T10-43-36.png
satnogs_14842845,13.310745467791534,2.9206826411300906,0.2578125,0.265625,0.9705882352941176,6.066648536138192,0.19607843137254902,0.0784313725490196,0.84375,1.314799059411691,0.9258016790272897,0.8436409011134073,1,0,station_3991,https://s3.eu-central-1.wasabisys.com/satnogs-network/data_obs/2026/8/23/10/14842845/waterfall_14842845_2026-08-23T10-43-35.png,14842845,69015,good,unknown,status,FSK AX.100 Mode 5,436150000,23.0,CSUM - F4KJX,3991,2026-08-23T10:43:35Z,https://s3.eu-central-1.wasabisys.com/satnogs-network/data_obs/2026/8/23/10/14842845/waterfall_14842845_2026-08-23T10-43-35.png
satnogs_14860398,5.431550802009611,1.3382802297891463,0.0234375,0.0234375,1.0,1.4614183527271107,0.17647058823529413,0.0,0.6796875,2.5440522675184623,0.865875596041737,0.7768493128871292,1,0,station_1864,https://s3.eu-central-1.wasabisys.com/satnogs-network/data_obs/2026/8/23/10/14860398/waterfall_14860398_2026-08-23T10-43-01.png,14860398,43880,good,unknown,status,FSK,435599000,79.0,SA2KNG Omni UHF/VHF,1864,2026-08-23T10:43:01Z,https://s3.eu-central-1.wasabisys.com/satnogs-network/data_obs/2026/8/23/10/14860398/waterfall_14860398_2026-08-23T10-43-01.png
satnogs_14842745,18.05840474235516,3.2830224767072766,0.28125,0.3203125,0.8780487804878049,5.641498178276767,0.1568627450980392,0.03431372549019608,0.6875,1.619254581062151,0.9031492931071112,0.8745627981876177,1,0,station_2271,https://s3.eu-central-1.wasabisys.com/satnogs-network/data_obs/2026/8/23/10/14842745/waterfall_14842745_2026-08-23T10-42-40.png,14842745,69015,good,unknown,status,FSK AX.100 Mode 5,436150000,53.0,EIRSAT-1 GS - UCD Physics,2271,2026-08-23T10:42:40Z,https://s3.eu-central-1.wasabisys.com/satnogs-network/data_obs/2026/8/23/10/14842745/waterfall_14842745_2026-08-23T10-42-40.png
satnogs_14842706,8.339218144903656,2.859704444788365,0.296875,0.3125,0.95,4.073174047196953,0.1568627450980392,0.049019607843137254,0.9140625,1.0391992321805457,0.9029920814509568,0.8421963246864347,1,0,station_1663,https://s3.eu-central-1.wasabisys.com/satnogs-network/data_obs/2026/8/23/10/14842706/waterfall_14842706_2026-08-23T10-42-38.png,14842706,69015,good,unknown,status,FSK AX.100 Mode 5,436150000,16.0,DK0SB-UHF-Omni,1663,2026-08-23T10:42:38Z,https://s3.eu-central-1.wasabisys.com/satnogs-network/data_obs/2026/8/23/10/14842706/waterfall_14842706_2026-08-23T10-42-38.png
satnogs_14846334,10.277046414760612,1.9321918140078287,0.125,0.125,1.0,8.786911980839287,0.0784313725490196,0.0196078431372549,0.75,2.0938880508210223,0.8795878899285997,0.7829503217342829,1,0,station_5078,https://s3.eu-central-1.wasabisys.com/satnogs-network/data_obs/2026/8/23/10/14846334/waterfall_14846334_2026-08-23T10-42-32.png,14846334,98370,good,with-signal,waterfall,GMSK,400357500,58.0,dm43,5078,2026-08-23T10:42:32Z,https://s3.eu-central-1.wasabisys.com/satnogs-network/data_obs/2026/8/23/10/14846334/waterfall_14846334_2026-08-23T10-42-32.png
satnogs_14842700,9.477115115706955,2.4557237610618463,0.28125,0.4375,0.6428571428571429,5.475562208413711,0.17647058823529413,0.0196078431372549,1.0,1.2283984848978697,0.917382392620675,0.8095132277579318,1,0,station_1592,https://s3.eu-central-1.wasabisys.com/satnogs-network/data_obs/2026/8/23/10/14842700/waterfall_14842700_2026-08-23T10-42-30.png,14842700,69015,good,unknown,status,FSK AX.100 Mode 5,436150000,19.0,PE1RXU,1592,2026-08-23T10:42:30Z,https://s3.eu-central-1.wasabisys.com/satnogs-network/data_obs/2026/8/23/10/14842700/waterfall_14842700_2026-08-23T10-42-30.png
satnogs_14859760,2.728842202803275,1.4044138252752842,0.0234375,0.0234375,1.0,1.5739647427321508,0.1568627450980392,0.03431372549019608,0.28125,1.1982208142117456,0.9140019489135863,0.7622806711326952,1,0,station_2416,https://s3.eu-central-1.wasabisys.com/satnogs-network/data_obs/2026/8/23/10/14859760/waterfall_14859760_2026-08-23T10-41-32.png,14859760,68420,good,with-signal,waterfall,FSK AX.100 Mode 5,401250000,11.0,N5ZKK-UHF-HELICAL,2416,2026-08-23T10:41:32Z,https://s3.eu-central-1.wasabisys.com/satnogs-network/data_obs/2026/8/23/10/14859760/waterfall_14859760_2026-08-23T10-41-32.png
satnogs_14842682,116.11936705239553,11.085994818656047,0.671875,0.8046875,0.8349514563106796,9.104988626924014,0.17647058823529413,0.07352941176470588,1.0,2.0913006903491924,0.6754055355594288,0.9443127933073856,1,0,station_1058,https://s3.eu-central-1.wasabisys.com/satnogs-network/data_obs/2026/8/23/10/14842682/waterfall_14842682_2026-08-23T10-41-23.png,14842682,69015,good,unknown,status,FSK AX.100 Mode 5,436150000,29.0,DEOS_RALF,1058,2026-08-23T10:41:23Z,https://s3.eu-central-1.wasabisys.com/satnogs-network/data_obs/2026/8/23/10/14842682/waterfall_14842682_2026-08-23T10-41-23.png
satnogs_14851261,2.245193397486845,1.0629588653116242,0.0078125,0.0078125,1.0,1.9084793776901523,0.6078431372549019,0.5,0.0,0.9523605445347617,0.905783377353172,0.7360274891910944,1,0,station_40,https://s3.eu-central-1.wasabisys.com/satnogs-network/data_obs/2026/8/23/10/14851261/waterfall_14851261_2026-08-23T10-41-21.png,14851261,98258,good,with-signal,waterfall,UNKNOWN,400250000,27.0,CGBSAT-UHF,40,2026-08-23T10:41:21Z,https://s3.eu-central-1.wasabisys.com/satnogs-network/data_obs/2026/8/23/10/14851261/waterfall_14851261_2026-08-23T10-41-21.png
satnogs_14842719,8.852850539804924,2.5270714590816254,0.234375,0.3828125,0.6122448979591837,3.8242764559896325,0.19607843137254902,0.07352941176470588,0.9296875,1.2745804312199458,0.8701039528637594,0.8065736766151771,1,0,station_1768,https://s3.eu-central-1.wasabisys.com/satnogs-network/data_obs/2026/8/23/10/14842719/waterfall_14842719_2026-08-23T10-39-20.png,14842719,69015,good,unknown,status,FSK AX.100 Mode 5,436150000,34.0,EA3AGB,1768,2026-08-23T10:39:20Z,https://s3.eu-central-1.wasabisys.com/satnogs-network/data_obs/2026/8/23/10/14842719/waterfall_14842719_2026-08-23T10-39-20.png
satnogs_14842654,5.441546708149132,1.8498032049425106,0.1328125,0.15625,0.85,2.1605645343370443,0.17647058823529413,0.18627450980392157,0.7109375,1.6818408459502752,0.8682991130933965,0.7830147251239926,1,0,station_342,https://s3.eu-central-1.wasabisys.com/satnogs-network/data_obs/2026/8/23/10/14842654/waterfall_14842654_2026-08-23T10-38-54.png,14842654,69015,good,with-signal,waterfall,FSK AX.100 Mode 5,436150000,40.0,EA5WA Pobla Llarga,342,2026-08-23T10:38:54Z,https://s3.eu-central-1.wasabisys.com/satnogs-network/data_obs/2026/8/23/10/14842654/waterfall_14842654_2026-08-23T10-38-54.png
satnogs_14859969,18.292703800892685,1.3895609602590062,0.34375,0.34375,1.0,12.94849822018314,0.058823529411764705,0.0,0.390625,1.1075891848556803,0.9667729023619974,0.7830447623552778,1,0,station_1433,https://s3.eu-central-1.wasabisys.com/satnogs-network/data_obs/2026/8/23/10/14859969/waterfall_14859969_2026-08-23T10-38-16.png,14859969,39150,good,with-signal,waterfall,BPSK,2235128000,85.0,PE2BZ-Odroid-L-band and  / or S-band,1433,2026-08-23T10:38:16Z,https://s3.eu-central-1.wasabisys.com/satnogs-network/data_obs/2026/8/23/10/14859969/waterfall_14859969_2026-08-23T10-38-16.png
satnogs_14854820,10.655961029075169,0.07408181971232794,0.0,0.921875,0.0,8.962389963315536,0.7450980392156863,0.0,1.0,1.8803688783475765,0.9379259219556808,0.7385768790202953,0,0,station_4806,https://s3.eu-central-1.wasabisys.com/satnogs-network/data_obs/2026/8/23/10/14854820/waterfall_14854820_2026-08-23T10-52-17.png,14854820,98398,bad,without-signal,waterfall,AFSK,145825000,21.0,KC1OCA UC-1464-531L (VHF),4806,2026-08-23T10:52:17Z,https://s3.eu-central-1.wasabisys.com/satnogs-network/data_obs/2026/8/23/10/14854820/waterfall_14854820_2026-08-23T10-52-17.png
satnogs_14860297,20.02580694281647,0.9240059844556878,0.15625,1.0,0.15625,1.4773649477600692,0.13725490196078433,0.0,1.0,1.374421918478316,0.9090950119456456,0.6186891494961733,0,0,station_1696,https://s3.eu-central-1.wasabisys.com/satnogs-network/data_obs/2026/8/23/10/14860297/waterfall_14860297_2026-08-23T10-50-22.png,14860297,99458,bad,without-signal,waterfall,FM,401500000,24.0,PE0SAT-31,1696,2026-08-23T10:50:22Z,https://s3.eu-central-1.wasabisys.com/satnogs-network/data_obs/2026/8/23/10/14860297/waterfall_14860297_2026-08-23T10-50-22.png
satnogs_14860292,15.646074892674703,1.0922443676612728,0.203125,1.0,0.203125,1.098852669512038,0.09803921568627451,0.0,1.0,1.2187189840827728,0.8899196875196393,0.6366377278950103,0,0,station_431,https://s3.eu-central-1.wasabisys.com/satnogs-network/data_obs/2026/8/23/10/14860292/waterfall_14860292_2026-08-23T10-50-22.png,14860292,99458,bad,without-signal,waterfall,FM,401500000,24.0,PE0SAT-11,431,2026-08-23T10:50:22Z,https://s3.eu-central-1.wasabisys.com/satnogs-network/data_obs/2026/8/23/10/14860292/waterfall_14860292_2026-08-23T10-50-22.png
satnogs_14860303,2.483209850754566,1.1330169201205926,0.0,0.0546875,0.0,1.6570973650539091,0.47058823529411764,0.0196078431372549,0.390625,0.6777898959759391,0.907997849723637,0.7366343483605462,0,0,station_2173,https://s3.eu-central-1.wasabisys.com/satnogs-network/data_obs/2026/8/23/10/14860303/waterfall_14860303_2026-08-23T10-49-55.png,14860303,67255,bad,without-signal,waterfall,FM,436740000,31.0,PE0SAT-21,2173,2026-08-23T10:49:55Z,https://s3.eu-central-1.wasabisys.com/satnogs-network/data_obs/2026/8/23/10/14860303/waterfall_14860303_2026-08-23T10-49-55.png
satnogs_14850436,2.1457421268524217,1.2046663643070379,0.0,0.0,0.0,1.6273964892721278,0.09803921568627451,0.5,0.0,0.5482054270913036,0.9096986548953183,0.7427081490403445,0,0,station_5049,https://s3.eu-central-1.wasabisys.com/satnogs-network/data_obs/2026/8/23/10/14850436/waterfall_14850436_2026-08-23T10-48-00.png,14850436,60246,bad,without-signal,waterfall,FSK AX.100 Mode 5,437185000,22.0,"JF6FYI Nishikazu, KitaKyushu, 3-ele Yagi(UHF)",5049,2026-08-23T10:48:00Z,https://s3.eu-central-1.wasabisys.com/satnogs-network/data_obs/2026/8/23/10/14850436/waterfall_14850436_2026-08-23T10-48-00.png
satnogs_14850433,2.4769369475947696,1.0925850226758054,0.0,0.0,0.0,1.711009368136795,0.49019607843137253,0.5,0.0,0.5272172163407732,0.8990002455131106,0.7090092878140538,0,0,station_4394,https://s3.eu-central-1.wasabisys.com/satnogs-network/data_obs/2026/8/23/10/14850433/waterfall_14850433_2026-08-23T10-48-00.png,14850433,60246,bad,without-signal,waterfall,FSK AX.100 Mode 5,437185000,22.0,"JF6FYI Nishikazu, KitaKyushu, QFH (UHF)",4394,2026-08-23T10:48:00Z,https://s3.eu-central-1.wasabisys.com/satnogs-network/data_obs/2026/8/23/10/14850433/waterfall_14850433_2026-08-23T10-48-00.png
satnogs_14842805,3.776559185172014,2.1315160118167342,0.109375,0.140625,0.7777777777777778,1.6602374057126161,0.0392156862745098,0.00980392156862745,0.796875,0.36413057527458925,0.9573559445915918,0.8682031047034632,0,0,station_3433,https://s3.eu-central-1.wasabisys.com/satnogs-network/data_obs/2026/8/23/10/14842805/waterfall_14842805_2026-08-23T10-43-43.png,14842805,69015,bad,without-signal,waterfall,FSK AX.100 Mode 5,436150000,4.0,HA5MI,3433,2026-08-23T10:43:43Z,https://s3.eu-central-1.wasabisys.com/satnogs-network/data_obs/2026/8/23/10/14842805/waterfall_14842805_2026-08-23T10-43-43.png
satnogs_14842789,2.1401049947931177,1.253780732569645,0.0,0.0078125,0.0,1.533139732778762,0.0196078431372549,0.5,0.0,0.5273120837087679,0.9174997135537284,0.7607369825044973,0,0,station_3170,https://s3.eu-central-1.wasabisys.com/satnogs-network/data_obs/2026/8/23/10/14842789/waterfall_14842789_2026-08-23T10-42-37.png,14842789,69015,bad,without-signal,waterfall,FSK AX.100 Mode 5,436150000,7.0,OE6ISP_High_Gain_NOOELEC,3170,2026-08-23T10:42:37Z,https://s3.eu-central-1.wasabisys.com/satnogs-network/data_obs/2026/8/23/10/14842789/waterfall_14842789_2026-08-23T10-42-37.png
satnogs_14856340,3.5405086014848193,-0.4007497349520359,0.015625,0.015625,1.0,1.1394506476129713,0.49019607843137253,0.5,0.0,0.8490370275163578,0.9073236605523846,0.8254868460861767,0,0,station_1145,https://s3.eu-central-1.wasabisys.com/satnogs-network/data_obs/2026/8/23/10/14856340/waterfall_14856340_2026-08-23T10-40-40.png,14856340,40931,bad,without-signal,waterfall,AFSK,145825000,19.0,VK4SMC #1,1145,2026-08-23T10:40:40Z,https://s3.eu-central-1.wasabisys.com/satnogs-network/data_obs/2026/8/23/10/14856340/waterfall_14856340_2026-08-23T10-40-40.png
satnogs_14854738,2.5456016368354826,1.0994748878125893,0.0078125,0.03125,0.25,1.5135744171322694,0.5882352941176471,0.09803921568627451,0.84375,0.5591859666507231,0.9064282788186058,0.7340857476423327,0,0,station_4803,https://s3.eu-central-1.wasabisys.com/satnogs-network/data_obs/2026/8/23/10/14854738/waterfall_14854738_2026-08-23T10-40-09.png,14854738,46504,bad,without-signal,waterfall,FSK AX.25 G3RUH,435600000,11.0,KC1OCA  UC-4364-531R (UHF),4803,2026-08-23T10:40:09Z,https://s3.eu-central-1.wasabisys.com/satnogs-network/data_obs/2026/8/23/10/14854738/waterfall_14854738_2026-08-23T10-40-09.png
satnogs_14851512,5.080406592157998,1.6914711340397859,0.0859375,0.25,0.34375,0.8965597091329807,0.1568627450980392,0.4215686274509804,0.65625,1.219232706887082,0.9038072132660632,0.7961938111744362,0,0,station_3313,https://s3.eu-central-1.wasabisys.com/satnogs-network/data_obs/2026/8/23/10/14851512/waterfall_14851512_2026-08-23T10-35-49.png,14851512,98274,bad,without-signal,waterfall,GFSK,400500000,33.0,PE2BZ-403 MHz-at-work,3313,2026-08-23T10:35:49Z,https://s3.eu-central-1.wasabisys.com/satnogs-network/data_obs/2026/8/23/10/14851512/waterfall_14851512_2026-08-23T10-35-49.png
satnogs_14854737,4.736864157395906,1.080484713850255,0.0,0.6796875,0.0,2.4540925402798286,0.39215686274509803,0.0,1.0,1.214413933779608,0.9427575168316051,0.7864905131351758,0,0,station_4803,https://s3.eu-central-1.wasabisys.com/satnogs-network/data_obs/2026/8/23/10/14854737/waterfall_14854737_2026-08-23T10-34-42.png,14854737,98289,bad,without-signal,waterfall,LoRa,437400000,16.0,KC1OCA  UC-4364-531R (UHF),4803,2026-08-23T10:34:42Z,https://s3.eu-central-1.wasabisys.com/satnogs-network/data_obs/2026/8/23/10/14854737/waterfall_14854737_2026-08-23T10-34-42.png
satnogs_14845534,4.762827886066826,1.319799452541205,0.0,0.7265625,0.0,4.819237220540046,0.5098039215686274,0.0,1.0,0.6881514973165633,0.9544091796625449,0.7955269196130694,0,0,station_5068,https://s3.eu-central-1.wasabisys.com/satnogs-network/data_obs/2026/8/23/10/14845534/waterfall_14845534_2026-08-23T10-33-22.png,14845534,59051,bad,without-signal,waterfall,FSK,137900000,10.0,329CZ144,5068,2026-08-23T10:33:22Z,https://s3.eu-central-1.wasabisys.com/satnogs-network/data_obs/2026/8/23/10/14845534/waterfall_14845534_2026-08-23T10-33-22.png
satnogs_14854819,3.834194568421794,-0.046079776636917764,0.0,0.1484375,0.0,4.283493038578833,0.7647058823529411,0.0,0.25,1.4526158181643771,0.9481635426562167,0.8621605565085737,0,0,station_4806,https://s3.eu-central-1.wasabisys.com/satnogs-network/data_obs/2026/8/23/10/14854819/waterfall_14854819_2026-08-23T10-33-12.png,14854819,41783,bad,without-signal,waterfall,CW,145980000,72.0,KC1OCA UC-1464-531L (VHF),4806,2026-08-23T10:33:12Z,https://s3.eu-central-1.wasabisys.com/satnogs-network/data_obs/2026/8/23/10/14854819/waterfall_14854819_2026-08-23T10-33-12.png
satnogs_14849898,5.038519409842328,1.3100603671772257,0.0,0.6953125,0.0,13.864157353721959,0.6274509803921569,0.0,0.9921875,0.9416022103783176,0.9458732987222844,0.7798381706037969,0,0,station_106,https://s3.eu-central-1.wasabisys.com/satnogs-network/data_obs/2026/8/23/10/14849898/waterfall_14849898_2026-08-23T10-27-35.png,14849898,66673,bad,without-signal,waterfall,FSK,400600000,63.0,BEEGND-1,106,2026-08-23T10:27:35Z,https://s3.eu-central-1.wasabisys.com/satnogs-network/data_obs/2026/8/23/10/14849898/waterfall_14849898_2026-08-23T10-27-35.png
satnogs_14850404,2.214343090685878,1.1493217252721672,0.0,0.0,0.0,1.8865096998134747,0.23529411764705882,0.5,0.0,0.6388224109243408,0.9071137671562863,0.7409926244544557,0,0,station_4394,https://s3.eu-central-1.wasabisys.com/satnogs-network/data_obs/2026/8/23/10/14850404/waterfall_14850404_2026-08-23T10-27-28.png,14850404,40908,bad,without-signal,waterfall,GFSK,437225000,21.0,"JF6FYI Nishikazu, KitaKyushu, QFH (UHF)",4394,2026-08-23T10:27:28Z,https://s3.eu-central-1.wasabisys.com/satnogs-network/data_obs/2026/8/23/10/14850404/waterfall_14850404_2026-08-23T10-27-28.png
satnogs_14849945,9.98435286892637,1.3978800552553734,0.0,0.859375,0.0,6.448365027577113,0.6274509803921569,0.0,1.0,0.7652354362716985,0.9631803707005528,0.7427914358947135,0,0,station_40,https://s3.eu-central-1.wasabisys.com/satnogs-network/data_obs/2026/8/23/10/14849945/waterfall_14849945_2026-08-23T10-27-11.png,14849945,66673,bad,without-signal,waterfall,FSK,400600000,68.0,CGBSAT-UHF,40,2026-08-23T10:27:11Z,https://s3.eu-central-1.wasabisys.com/satnogs-network/data_obs/2026/8/23/10/14849945/waterfall_14849945_2026-08-23T10-27-11.png
satnogs_14849900,3.9107274091480213,1.3843443073898556,0.0,0.390625,0.0,1.5170754622053977,0.5294117647058824,0.0,0.921875,0.7407783789530169,0.9582533343979375,0.8130397425767139,0,0,station_4084,https://s3.eu-central-1.wasabisys.com/satnogs-network/data_obs/2026/8/23/10/14849900/waterfall_14849900_2026-08-23T10-26-24.png,14849900,66673,bad,without-signal,waterfall,FSK,400600000,66.0,Astronomiemuseum Turnstile VHF (Test UHF),4084,2026-08-23T10:26:24Z,https://s3.eu-central-1.wasabisys.com/satnogs-network/data_obs/2026/8/23/10/14849900/waterfall_14849900_2026-08-23T10-26-24.png
satnogs_14860678,2.9192305658190483,1.1048383225208747,0.0,0.0703125,0.0,1.4563397054143716,0.6078431372549019,0.058823529411764705,0.5234375,0.5636083118646263,0.9024558398815898,0.7169619642148506,0,0,station_4451,https://s3.eu-central-1.wasabisys.com/satnogs-network/data_obs/2026/8/23/10/14860678/waterfall_14860678_2026-08-23T10-26-22.png,14860678,56957,bad,without-signal,waterfall,FSK AX.100 Mode 5,401415000,46.0,(¯`·._.·(¯`·._.· I LOVE BALI ·._.·´¯)·._.·´¯),4451,2026-08-23T10:26:22Z,https://s3.eu-central-1.wasabisys.com/satnogs-network/data_obs/2026/8/23/10/14860678/waterfall_14860678_2026-08-23T10-26-22.png
satnogs_14847768,2.2965978388397184,0.86978882948004,0.0,0.0,0.0,2.0811946827799623,0.37254901960784315,0.5,0.0,0.7347708932735473,0.8546748580278448,0.7465540427140072,0,0,station_91,https://s3.eu-central-1.wasabisys.com/satnogs-network/data_obs/2026/8/23/10/14847768/waterfall_14847768_2026-08-23T10-26-21.png,14847768,38771,bad,without-signal,waterfall,BPSK,1544500000,43.0,M0EYT,91,2026-08-23T10:26:21Z,https://s3.eu-central-1.wasabisys.com/satnogs-network/data_obs/2026/8/23/10/14847768/waterfall_14847768_2026-08-23T10-26-21.png
satnogs_14852802,2.154315621683217,1.2605077645188782,0.0,0.0,0.0,1.5437705052153723,0.43137254901960786,0.5,0.0,0.6539159703641821,0.9204274927353551,0.7672956828105227,0,0,station_4632,https://s3.eu-central-1.wasabisys.com/satnogs-network/data_obs/2026/8/23/10/14852802/waterfall_14852802_2026-08-23T10-22-06.png,14852802,98278,bad,without-signal,waterfall,GFSK,435600000,20.0,KH6DAD-UHF EggNOG,4632,2026-08-23T10:22:06Z,https://s3.eu-central-1.wasabisys.com/satnogs-network/data_obs/2026/8/23/10/14852802/waterfall_14852802_2026-08-23T10-22-06.png
satnogs_14860209,2.236220770896215,0.8413265274132566,0.0,0.0,0.0,1.6773812193244515,0.6274509803921569,0.5,0.0,0.6056881764577271,0.8392022724577048,0.7312753855585333,0,0,station_754,https://s3.eu-central-1.wasabisys.com/satnogs-network/data_obs/2026/8/23/10/14860209/waterfall_14860209_2026-08-23T10-21-55.png,14860209,98289,bad,without-signal,waterfall,LoRa,437400000,71.0,W6MSU UHF,754,2026-08-23T10:21:55Z,https://s3.eu-central-1.wasabisys.com/satnogs-network/data_obs/2026/8/23/10/14860209/waterfall_14860209_2026-08-23T10-21-55.png
satnogs_14844218,2.1318355833545706,1.1897939357642806,0.0,0.0,0.0,1.2842032782717914,0.4117647058823529,0.5,0.0,0.6990814542819861,0.920267339088015,0.7654236524057401,0,0,station_2009,https://s3.eu-central-1.wasabisys.com/satnogs-network/data_obs/2026/8/23/10/14844218/waterfall_14844218_2026-08-23T10-19-42.png,14844218,67683,bad,without-signal,waterfall,FSK,400630000,23.0,VA6RPI UHF Alberta Canada.,2009,2026-08-23T10:19:42Z,https://s3.eu-central-1.wasabisys.com/satnogs-network/data_obs/2026/8/23/10/14844218/waterfall_14844218_2026-08-23T10-19-42.png
satnogs_14856607,2.7879796878546412,1.2205252653655243,0.0,0.0234375,0.0,2.076612955823688,0.13725490196078433,0.004901960784313725,0.4375,0.4368047911915607,0.849167906235831,0.7614270006722745,0,0,station_4451,https://s3.eu-central-1.wasabisys.com/satnogs-network/data_obs/2026/8/23/10/14856607/waterfall_14856607_2026-08-23T10-19-25.png,14856607,98457,bad,without-signal,waterfall,GMSK,401510000,26.0,(¯`·._.·(¯`·._.· I LOVE BALI ·._.·´¯)·._.·´¯),4451,2026-08-23T10:19:25Z,https://s3.eu-central-1.wasabisys.com/satnogs-network/data_obs/2026/8/23/10/14856607/waterfall_14856607_2026-08-23T10-19-25.png
satnogs_14859389,2.1801088213333433,1.212832804521823,0.0,0.0,0.0,1.972594099602152,0.6470588235294118,0.5,0.0,0.6114691763927499,0.9065443805198333,0.7490757196912079,0,0,station_223,https://s3.eu-central-1.wasabisys.com/satnogs-network/data_obs/2026/8/23/10/14859389/waterfall_14859389_2026-08-23T10-18-29.png,14859389,39086,bad,without-signal,waterfall,BPSK PMT-A3,465988000,81.0,W2MMD GCARC Clubhouse,223,2026-08-23T10:18:29Z,https://s3.eu-central-1.wasabisys.com/satnogs-network/data_obs/2026/8/23/10/14859389/waterfall_14859389_2026-08-23T10-18-29.png
satnogs_14759844,4.5159077722889185,0.601970243104024,0.0,0.6796875,0.0,1.6865017606577495,0.5294117647058824,0.004901960784313725,0.9765625,0.8404982875502155,0.900097266446364,0.6925006206119584,1,0,station_4828,https://s3.eu-central-1.wasabisys.com/satnogs-network/data_obs/2026/8/11/22/14759844/waterfall_14759844_2026-08-11T22-50-58.png,14759844,39444,good,with-signal,waterfall,BPSK,145935000,5.0,MuthSatNOGS1,4828,2026-08-11T22:50:58Z,https://s3.eu-central-1.wasabisys.com/satnogs-network/data_obs/2026/8/11/22/14759844/waterfall_14759844_2026-08-11T22-50-58.png
satnogs_14764833,2.5069320720290005,1.0806596371597568,0.0,0.0078125,0.0,1.8553639661947687,0.6666666666666666,0.5,0.0,0.604091011062276,0.9023562718026331,0.7254104831891093,1,0,station_4791,https://s3.eu-central-1.wasabisys.com/satnogs-network/data_obs/2026/8/11/22/14764833/waterfall_14764833_2026-08-11T22-50-48.png,14764833,35932,good,with-signal,waterfall,AFSK,437505000,56.0,MEGANISI_1,4791,2026-08-11T22:50:48Z,https://s3.eu-central-1.wasabisys.com/satnogs-network/data_obs/2026/8/11/22/14764833/waterfall_14764833_2026-08-11T22-50-48.png
satnogs_14762413,9.789010892754286,1.7889588482092664,0.125,0.15625,0.8,3.9363430527629015,0.13725490196078433,0.0196078431372549,0.6484375,1.8685650132283065,0.8184512452938494,0.7991110919402739,1,0,station_3657,https://s3.eu-central-1.wasabisys.com/satnogs-network/data_obs/2026/8/11/22/14762413/waterfall_14762413_2026-08-11T22-49-58.png,14762413,98332,good,unknown,status,GFSK,401540000,84.0,LA4TSA-400MHz,3657,2026-08-11T22:49:58Z,https://s3.eu-central-1.wasabisys.com/satnogs-network/data_obs/2026/8/11/22/14762413/waterfall_14762413_2026-08-11T22-49-58.png
satnogs_14763433,3.4219508985158043,1.2521434168815904,0.03125,0.125,0.25,1.144743907544371,0.5882352941176471,0.00980392156862745,0.6953125,1.5141043609148097,0.867919732858915,0.7393100628346214,1,0,station_3020,https://s3.eu-central-1.wasabisys.com/satnogs-network/data_obs/2026/8/11/22/14763433/waterfall_14763433_2026-08-11T22-49-58.png,14763433,98460,good,with-signal,waterfall,GMSK,401540000,34.0,Jim UHF,3020,2026-08-11T22:49:58Z,https://s3.eu-central-1.wasabisys.com/satnogs-network/data_obs/2026/8/11/22/14763433/waterfall_14763433_2026-08-11T22-49-58.png
satnogs_14747746,9.551801362919635,1.915711344408174,0.1328125,0.21875,0.6071428571428571,2.9735903421483334,0.19607843137254902,0.0,0.4140625,1.721229285825869,0.913538713915623,0.821186509085786,1,0,station_1775,https://s3.eu-central-1.wasabisys.com/satnogs-network/data_obs/2026/8/11/22/14747746/waterfall_14747746_2026-08-11T22-49-37.png,14747746,68458,good,unknown,status,FSK,436965000,39.0,Vi3w Roy4l,1775,2026-08-11T22:49:37Z,https://s3.eu-central-1.wasabisys.com/satnogs-network/data_obs/2026/8/11/22/14747746/waterfall_14747746_2026-08-11T22-49-37.png
satnogs_14757637,4.601250023234697,0.6704360392165833,0.0,0.5078125,0.0,1.5012999132115132,0.35294117647058826,0.00980392156862745,0.515625,1.054359356205293,0.936561819241174,0.8184444873811539,1,0,station_4803,https://s3.eu-central-1.wasabisys.com/satnogs-network/data_obs/2026/8/11/22/14757637/waterfall_14757637_2026-08-11T22-49-07.png,14757637,46505,good,unknown,status,FSK AX.25 G3RUH,435600000,55.0,KC1OCA  UC-4364-531R (UHF),4803,2026-08-11T22:49:07Z,https://s3.eu-central-1.wasabisys.com/satnogs-network/data_obs/2026/8/11/22/14757637/waterfall_14757637_2026-08-11T22-49-07.png
satnogs_14762363,7.5423770528082015,2.005073889153482,0.1953125,0.2109375,0.9259259259259259,4.295031212097219,0.09803921568627451,0.00980392156862745,0.7578125,1.6383338667892218,0.8260054404685521,0.8015491713410591,1,0,station_1864,https://s3.eu-central-1.wasabisys.com/satnogs-network/data_obs/2026/8/11/22/14762363/waterfall_14762363_2026-08-11T22-48-40.png,14762363,98332,good,unknown,status,GFSK,401540000,57.0,SA2KNG Omni UHF/VHF,1864,2026-08-11T22:48:40Z,https://s3.eu-central-1.wasabisys.com/satnogs-network/data_obs/2026/8/11/22/14762363/waterfall_14762363_2026-08-11T22-48-40.png
satnogs_14763313,2.697720368935605,0.9785870739459934,0.0078125,0.0234375,0.3333333333333333,1.2934112962880862,0.4117647058823529,0.10294117647058823,0.5078125,0.7685530396900973,0.9335355402881201,0.7776652481066607,1,0,station_4151,https://s3.eu-central-1.wasabisys.com/satnogs-network/data_obs/2026/8/11/22/14763313/waterfall_14763313_2026-08-11T22-47-40.png,14763313,63251,good,with-signal,waterfall,BPSK,401850000,56.0,DEX-X,4151,2026-08-11T22:47:40Z,https://s3.eu-central-1.wasabisys.com/satnogs-network/data_obs/2026/8/11/22/14763313/waterfall_14763313_2026-08-11T22-47-40.png
satnogs_14763577,6.564284116902872,1.7178558263145312,0.078125,0.1796875,0.43478260869565216,2.861171013424874,0.23529411764705882,0.0196078431372549,0.578125,1.7086915079122669,0.8522822226920082,0.7776721051683484,1,0,station_2416,https://s3.eu-central-1.wasabisys.com/satnogs-network/data_obs/2026/8/11/22/14763577/waterfall_14763577_2026-08-11T22-45-33.png,14763577,46906,good,unknown,status,FSK AX.100 Mode 5,401120000,87.0,N5ZKK-UHF-HELICAL,2416,2026-08-11T22:45:33Z,https://s3.eu-central-1.wasabisys.com/satnogs-network/data_obs/2026/8/11/22/14763577/waterfall_14763577_2026-08-11T22-45-33.png
satnogs_14747590,5.159549630780972,1.0457392498621476,0.0390625,0.1328125,0.29411764705882354,0.862280763966663,0.5294117647058824,0.049019607843137254,0.875,1.143662882476329,0.7223643004127771,0.8334978621319575,1,0,station_4022,https://s3.eu-central-1.wasabisys.com/satnogs-network/data_obs/2026/8/11/22/14747590/waterfall_14747590_2026-08-11T22-45-03.png,14747590,69015,good,unknown,status,FSK AX.100 Mode 5,436150000,29.0,SPUTNIX-VHF/UHF-Magadan,4022,2026-08-11T22:45:03Z,https://s3.eu-central-1.wasabisys.com/satnogs-network/data_obs/2026/8/11/22/14747590/waterfall_14747590_2026-08-11T22-45-03.png
satnogs_14746862,9.124976729926283,0.7429651767145542,0.140625,1.0,0.140625,2.202904606831287,0.2549019607843137,0.0,1.0,1.6915850857203156,0.8324169271503905,0.6181878960062464,1,0,station_91,https://s3.eu-central-1.wasabisys.com/satnogs-network/data_obs/2026/8/11/22/14746862/waterfall_14746862_2026-08-11T22-44-54.png,14746862,63214,good,with-signal,waterfall,BPSK,436400000,31.0,M0EYT,91,2026-08-11T22:44:54Z,https://s3.eu-central-1.wasabisys.com/satnogs-network/data_obs/2026/8/11/22/14746862/waterfall_14746862_2026-08-11T22-44-54.png
satnogs_14753227,2.7503684755336892,0.854394560464286,0.0078125,0.046875,0.16666666666666666,1.2190652873816832,0.6274509803921569,0.0392156862745098,0.8203125,0.5650108311047518,0.8385374301821522,0.6416183216332727,1,0,station_2246,https://s3.eu-central-1.wasabisys.com/satnogs-network/data_obs/2026/8/11/22/14753227/waterfall_14753227_2026-08-11T22-44-34.png,14753227,64840,good,with-signal,waterfall,FM,2022500000,53.0,HB9FXX Komodo Dome,2246,2026-08-11T22:44:34Z,https://s3.eu-central-1.wasabisys.com/satnogs-network/data_obs/2026/8/11/22/14753227/waterfall_14753227_2026-08-11T22-44-34.png
satnogs_14761264,7.608984325749178,1.4702042003253677,0.0625,0.078125,0.8,1.7177790327767877,0.17647058823529413,0.00980392156862745,0.765625,2.496675241297823,0.8355521193430131,0.771888759551416,1,0,station_5078,https://s3.eu-central-1.wasabisys.com/satnogs-network/data_obs/2026/8/11/22/14761264/waterfall_14761264_2026-08-11T22-42-46.png,14761264,46906,good,with-signal,waterfall,FSK AX.100 Mode 5,401120000,80.0,dm43,5078,2026-08-11T22:42:46Z,https://s3.eu-central-1.wasabisys.com/satnogs-network/data_obs/2026/8/11/22/14761264/waterfall_14761264_2026-08-11T22-42-46.png
satnogs_14765178,12.44787495495349,1.4517106003031177,0.1015625,0.2734375,0.37142857142857144,5.205364143539097,0.0196078431372549,0.00980392156862745,0.953125,2.9335562254137093,0.7013483047835326,0.8047216242922082,1,0,station_4451,https://s3.eu-central-1.wasabisys.com/satnogs-network/data_obs/2026/8/11/22/14765178/waterfall_14765178_2026-08-11T22-42-23.png,14765178,61790,good,with-signal,waterfall,GMSK USP,401115000,45.0,(¯`·._.·(¯`·._.· I LOVE BALI ·._.·´¯)·._.·´¯),4451,2026-08-11T22:42:23Z,https://s3.eu-central-1.wasabisys.com/satnogs-network/data_obs/2026/8/11/22/14765178/waterfall_14765178_2026-08-11T22-42-23.png
satnogs_14764238,7.046159476789965,3.076445154389697,0.3671875,0.3671875,1.0,10.150538070556001,0.0392156862745098,0.0196078431372549,0.953125,0.8579345720672619,0.8550381781544091,0.81115190451681,1,0,station_4963,https://s3.eu-central-1.wasabisys.com/satnogs-network/data_obs/2026/8/11/22/14764238/waterfall_14764238_2026-08-11T22-41-34.png,14764238,68460,good,unknown,status,GMSK,401200000,44.0,PISTATION-1000,4963,2026-08-11T22:41:34Z,https://s3.eu-central-1.wasabisys.com/satnogs-network/data_obs/2026/8/11/22/14764238/waterfall_14764238_2026-08-11T22-41-34.png
satnogs_14761152,3.7635931021592754,1.5394668817601462,0.0546875,0.0546875,1.0,0.9827616394048987,0.09803921568627451,0.0196078431372549,0.34375,1.5955453125030743,0.9188935361823644,0.7942602468017035,1,0,station_3106,https://s3.eu-central-1.wasabisys.com/satnogs-network/data_obs/2026/8/11/22/14761152/waterfall_14761152_2026-08-11T22-40-57.png,14761152,63217,good,unknown,status,BPSK,436400000,73.0,DEX-ONE,3106,2026-08-11T22:40:57Z,https://s3.eu-central-1.wasabisys.com/satnogs-network/data_obs/2026/8/11/22/14761152/waterfall_14761152_2026-08-11T22-40-57.png
satnogs_14764233,6.788307212830851,3.5743946770923904,0.5,0.5,1.0,10.37329058163855,0.058823529411764705,0.0196078431372549,0.890625,0.6143820170918111,0.8951295716714243,0.828252285480122,1,0,station_4825,https://s3.eu-central-1.wasabisys.com/satnogs-network/data_obs/2026/8/11/22/14764233/waterfall_14764233_2026-08-11T22-40-41.png,14764233,68460,good,unknown,status,GMSK,401200000,44.0,PISTATION-VHF,4825,2026-08-11T22:40:41Z,https://s3.eu-central-1.wasabisys.com/satnogs-network/data_obs/2026/8/11/22/14764233/waterfall_14764233_2026-08-11T22-40-41.png
satnogs_14764153,6.944667140077341,1.7048852343771834,0.40625,0.921875,0.4406779661016949,4.162060436092659,0.0196078431372549,0.0,1.0,1.1792560308649593,0.9030928117503139,0.7593431005500048,1,0,station_2173,https://s3.eu-central-1.wasabisys.com/satnogs-network/data_obs/2026/8/11/22/14764153/waterfall_14764153_2026-08-11T22-40-40.png,14764153,63217,good,unknown,status,BPSK,436400000,64.0,PE0SAT-21,2173,2026-08-11T22:40:40Z,https://s3.eu-central-1.wasabisys.com/satnogs-network/data_obs/2026/8/11/22/14764153/waterfall_14764153_2026-08-11T22-40-40.png
satnogs_14764147,6.551534021815989,1.8057526853214456,0.609375,1.0,0.609375,3.823156856199508,0.058823529411764705,0.0,1.0,0.9303690738596596,0.919106735345726,0.7678954139744073,1,0,station_1696,https://s3.eu-central-1.wasabisys.com/satnogs-network/data_obs/2026/8/11/22/14764147/waterfall_14764147_2026-08-11T22-40-40.png,14764147,63217,good,unknown,status,BPSK,436400000,64.0,PE0SAT-31,1696,2026-08-11T22:40:40Z,https://s3.eu-central-1.wasabisys.com/satnogs-network/data_obs/2026/8/11/22/14764147/waterfall_14764147_2026-08-11T22-40-40.png
satnogs_14764140,5.547327890645623,1.7643586166136322,0.5234375,0.8515625,0.6146788990825688,3.3278610387661693,0.0392156862745098,0.004901960784313725,0.9921875,1.1169859267670024,0.909563059500263,0.7697423879613389,1,0,station_431,https://s3.eu-central-1.wasabisys.com/satnogs-network/data_obs/2026/8/11/22/14764140/waterfall_14764140_2026-08-11T22-40-40.png,14764140,63217,good,unknown,status,BPSK,436400000,64.0,PE0SAT-11,431,2026-08-11T22:40:40Z,https://s3.eu-central-1.wasabisys.com/satnogs-network/data_obs/2026/8/11/22/14764140/waterfall_14764140_2026-08-11T22-40-40.png
satnogs_14764948,5.648335963032492,1.1946385024673432,0.3203125,0.9296875,0.3445378151260504,1.2089554998171932,0.6078431372549019,0.0,1.0,0.6616335575155868,0.9285392467190516,0.7420666586418166,1,0,station_2125,https://s3.eu-central-1.wasabisys.com/satnogs-network/data_obs/2026/8/11/22/14764948/waterfall_14764948_2026-08-11T22-40-29.png,14764948,63217,good,unknown,status,BPSK,436400000,37.0,M0GLU,2125,2026-08-11T22:40:29Z,https://s3.eu-central-1.wasabisys.com/satnogs-network/data_obs/2026/8/11/22/14764948/waterfall_14764948_2026-08-11T22-40-29.png
satnogs_14746861,3.8208191901239514,0.22361670695728797,0.015625,0.21875,0.07142857142857142,3.1803760329828887,0.7450980392156863,0.0196078431372549,0.6171875,2.0532337006310395,0.8604959158478923,0.7988750770587367,1,0,station_91,https://s3.eu-central-1.wasabisys.com/satnogs-network/data_obs/2026/8/11/22/14746861/waterfall_14746861_2026-08-11T22-39-32.png,14746861,60475,good,with-signal,waterfall,GMSK,401530000,35.0,M0EYT,91,2026-08-11T22:39:32Z,https://s3.eu-central-1.wasabisys.com/satnogs-network/data_obs/2026/8/11/22/14746861/waterfall_14746861_2026-08-11T22-39-32.png
satnogs_14764379,2.9622246474219764,1.5308890127502486,0.0234375,0.03125,0.75,1.4334557466824682,0.09803921568627451,0.11764705882352941,0.40625,1.2450194931643002,0.9167219661265572,0.7962782847056108,1,0,station_2410,https://s3.eu-central-1.wasabisys.com/satnogs-network/data_obs/2026/8/11/22/14764379/waterfall_14764379_2026-08-11T22-38-37.png,14764379,63217,good,unknown,status,BPSK,436400000,28.0,GAO UHF,2410,2026-08-11T22:38:37Z,https://s3.eu-central-1.wasabisys.com/satnogs-network/data_obs/2026/8/11/22/14764379/waterfall_14764379_2026-08-11T22-38-37.png
satnogs_14764163,8.266007754379142,1.8982941144141545,0.078125,0.109375,0.7142857142857143,3.0638563531918463,0.058823529411764705,0.10784313725490197,0.8671875,2.5304357328041114,0.8168308794099989,0.8262456247205895,1,0,station_1864,https://s3.eu-central-1.wasabisys.com/satnogs-network/data_obs/2026/8/11/22/14764163/waterfall_14764163_2026-08-11T22-38-21.png,14764163,63217,good,unknown,status,BPSK,436400000,60.0,SA2KNG Omni UHF/VHF,1864,2026-08-11T22:38:21Z,https://s3.eu-central-1.wasabisys.com/satnogs-network/data_obs/2026/8/11/22/14764163/waterfall_14764163_2026-08-11T22-38-21.png
satnogs_14764228,2.384631361260393,1.3991741640868878,0.0,0.0078125,0.0,1.5755810850975145,0.49019607843137253,0.5,0.0,0.5860926853436246,0.9213367364944627,0.7644937725379364,1,0,station_4613,https://s3.eu-central-1.wasabisys.com/satnogs-network/data_obs/2026/8/11/22/14764228/waterfall_14764228_2026-08-11T22-36-45.png,14764228,68460,good,with-signal,waterfall,GMSK,401200000,63.0,"Saratoga, CA Ground Station",4613,2026-08-11T22:36:45Z,https://s3.eu-central-1.wasabisys.com/satnogs-network/data_obs/2026/8/11/22/14764228/waterfall_14764228_2026-08-11T22-36-45.png
satnogs_14763283,2.2524220124483625,1.1038830001497093,0.0,0.0,0.0,2.991275289986453,0.6078431372549019,0.5,0.0,0.7667332590754543,0.9103270376481734,0.7451975164902817,0,0,station_5078,https://s3.eu-central-1.wasabisys.com/satnogs-network/data_obs/2026/8/11/22/14763283/waterfall_14763283_2026-08-11T22-54-56.png,14763283,98327,bad,without-signal,waterfall,CW,437200000,43.0,dm43,5078,2026-08-11T22:54:56Z,https://s3.eu-central-1.wasabisys.com/satnogs-network/data_obs/2026/8/11/22/14763283/waterfall_14763283_2026-08-11T22-54-56.png
satnogs_14746864,4.28749284382911,0.9591440047339606,0.1875,0.671875,0.27906976744186046,0.8374345455528086,0.5098039215686274,0.00980392156862745,0.9921875,0.5108952783225202,0.8875346513802203,0.7038673244308148,0,0,station_91,https://s3.eu-central-1.wasabisys.com/satnogs-network/data_obs/2026/8/11/22/14746864/waterfall_14746864_2026-08-11T22-54-52.png,14746864,40014,bad,without-signal,waterfall,FSK,437443000,43.0,M0EYT,91,2026-08-11T22:54:52Z,https://s3.eu-central-1.wasabisys.com/satnogs-network/data_obs/2026/8/11/22/14746864/waterfall_14746864_2026-08-11T22-54-52.png
satnogs_14763812,2.2901206597494883,1.0742616484473055,0.0,0.0078125,0.0,2.9313277812574987,0.5882352941176471,0.5,0.0,0.8203688736210153,0.9089834047182639,0.7542133521254833,0,0,station_5068,https://s3.eu-central-1.wasabisys.com/satnogs-network/data_obs/2026/8/11/22/14763812/waterfall_14763812_2026-08-11T22-52-59.png,14763812,40014,bad,without-signal,waterfall,GMSK,437445000,25.0,329CZ144,5068,2026-08-11T22:52:59Z,https://s3.eu-central-1.wasabisys.com/satnogs-network/data_obs/2026/8/11/22/14763812/waterfall_14763812_2026-08-11T22-52-59.png
satnogs_14761265,2.708653053817581,1.1717119384507615,0.0,0.34375,0.0,2.477183933964292,0.27450980392156865,0.0,0.7734375,0.5847421872954852,0.9180888734026298,0.7466756924891249,0,0,station_5078,https://s3.eu-central-1.wasabisys.com/satnogs-network/data_obs/2026/8/11/22/14761265/waterfall_14761265_2026-08-11T22-50-33.png,14761265,52899,bad,without-signal,waterfall,GMSK,436490000,60.0,dm43,5078,2026-08-11T22:50:33Z,https://s3.eu-central-1.wasabisys.com/satnogs-network/data_obs/2026/8/11/22/14761265/waterfall_14761265_2026-08-11T22-50-33.png
satnogs_14764148,3.588897593305255,1.097354356610476,0.015625,0.3984375,0.0392156862745098,6.609152341602355,0.7450980392156863,0.0,0.921875,0.5700927656832979,0.8943286247857638,0.6810432209088926,0,0,station_1696,https://s3.eu-central-1.wasabisys.com/satnogs-network/data_obs/2026/8/11/22/14764148/waterfall_14764148_2026-08-11T22-48-58.png,14764148,48273,bad,without-signal,waterfall,FM,400552000,66.0,PE0SAT-31,1696,2026-08-11T22:48:58Z,https://s3.eu-central-1.wasabisys.com/satnogs-network/data_obs/2026/8/11/22/14764148/waterfall_14764148_2026-08-11T22-48-58.png
satnogs_14764141,2.2915398515981673,1.116027918794434,0.0,0.1640625,0.0,1.4397955543136554,0.058823529411764705,0.0,0.265625,0.6389391676349677,0.9055178455512775,0.725909535386801,0,0,station_431,https://s3.eu-central-1.wasabisys.com/satnogs-network/data_obs/2026/8/11/22/14764141/waterfall_14764141_2026-08-11T22-48-58.png,14764141,48273,bad,without-signal,waterfall,FM,400552000,66.0,PE0SAT-11,431,2026-08-11T22:48:58Z,https://s3.eu-central-1.wasabisys.com/satnogs-network/data_obs/2026/8/11/22/14764141/waterfall_14764141_2026-08-11T22-48-58.png
satnogs_14757708,3.770446607824411,0.6716850530143978,0.0,0.0859375,0.0,1.170731039956565,0.6274509803921569,0.024509803921568627,0.6796875,1.3546641830298642,0.9132418571038414,0.8252482452366209,0,0,station_4806,https://s3.eu-central-1.wasabisys.com/satnogs-network/data_obs/2026/8/11/22/14757708/waterfall_14757708_2026-08-11T22-48-40.png,14757708,41179,bad,without-signal,waterfall,FM,137288000,58.0,KC1OCA UC-1464-531L (VHF),4806,2026-08-11T22:48:40Z,https://s3.eu-central-1.wasabisys.com/satnogs-network/data_obs/2026/8/11/22/14757708/waterfall_14757708_2026-08-11T22-48-40.png
satnogs_14746863,3.3178949192112728,0.9222940333921025,0.0390625,0.1171875,0.3333333333333333,1.0927553654714082,0.35294117647058826,0.05392156862745098,0.78125,0.9772442679538282,0.8895036023573808,0.7769049880679492,0,0,station_91,https://s3.eu-central-1.wasabisys.com/satnogs-network/data_obs/2026/8/11/22/14746863/waterfall_14746863_2026-08-11T22-48-26.png,14746863,63251,bad,without-signal,waterfall,BPSK,401850000,72.0,M0EYT,91,2026-08-11T22:48:26Z,https://s3.eu-central-1.wasabisys.com/satnogs-network/data_obs/2026/8/11/22/14746863/waterfall_14746863_2026-08-11T22-48-26.png
satnogs_14764154,4.749913628059474,1.2075241390495315,0.234375,0.7734375,0.30303030303030304,1.3312304628520921,0.45098039215686275,0.0,0.984375,0.7277939034231831,0.9044885874415097,0.7236329511502928,0,0,station_2173,https://s3.eu-central-1.wasabisys.com/satnogs-network/data_obs/2026/8/11/22/14764154/waterfall_14764154_2026-08-11T22-47-16.png,14764154,43012,bad,without-signal,waterfall,FM,437549000,30.0,PE0SAT-21,2173,2026-08-11T22:47:16Z,https://s3.eu-central-1.wasabisys.com/satnogs-network/data_obs/2026/8/11/22/14764154/waterfall_14764154_2026-08-11T22-47-16.png
satnogs_14763810,2.06889585020386,1.2183249305131516,0.0,0.0,0.0,1.716049465203108,0.6862745098039216,0.5,0.0,0.5186530590051059,0.9258644498935702,0.7667943582086527,0,0,station_5068,https://s3.eu-central-1.wasabisys.com/satnogs-network/data_obs/2026/8/11/22/14763810/waterfall_14763810_2026-08-11T22-46-38.png,14763810,63245,bad,without-signal,waterfall,FSK,400800000,19.0,329CZ144,5068,2026-08-11T22:46:38Z,https://s3.eu-central-1.wasabisys.com/satnogs-network/data_obs/2026/8/11/22/14763810/waterfall_14763810_2026-08-11T22-46-38.png
satnogs_14765096,7.8431116910585486,0.5029063328751946,0.6015625,1.0,0.6015625,1.566219776749718,0.4117647058823529,0.11764705882352941,1.0,0.8386364171900978,0.883365797890265,0.43031831233963486,0,0,station_4451,https://s3.eu-central-1.wasabisys.com/satnogs-network/data_obs/2026/8/11/22/14765096/waterfall_14765096_2026-08-11T22-46-06.png,14765096,39430,bad,without-signal,waterfall,GMSK,437252500,49.0,(¯`·._.·(¯`·._.· I LOVE BALI ·._.·´¯)·._.·´¯),4451,2026-08-11T22:46:06Z,https://s3.eu-central-1.wasabisys.com/satnogs-network/data_obs/2026/8/11/22/14765096/waterfall_14765096_2026-08-11T22-46-06.png
satnogs_14764832,1.8310721696987036,0.75565242024206,0.0,0.0,0.0,0.9788454544732063,0.29411764705882354,0.5,0.0,0.6112076708320238,0.9529418901449412,0.8772300609950324,0,0,station_4791,https://s3.eu-central-1.wasabisys.com/satnogs-network/data_obs/2026/8/11/22/14764832/waterfall_14764832_2026-08-11T22-43-33.png,14764832,59588,bad,without-signal,waterfall,GMSK,401500000,56.0,MEGANISI_1,4791,2026-08-11T22:43:33Z,https://s3.eu-central-1.wasabisys.com/satnogs-network/data_obs/2026/8/11/22/14764832/waterfall_14764832_2026-08-11T22-43-33.png
satnogs_14763282,2.1907881682929937,1.0727006676103292,0.0,0.0,0.0,1.5181441345700737,0.5882352941176471,0.5,0.0,0.6171332887318601,0.9151024016480328,0.7516238112031718,0,0,station_5078,https://s3.eu-central-1.wasabisys.com/satnogs-network/data_obs/2026/8/11/22/14763282/waterfall_14763282_2026-08-11T22-38-40.png,14763282,68428,bad,without-signal,waterfall,GMSK,402360000,19.0,dm43,5078,2026-08-11T22:38:40Z,https://s3.eu-central-1.wasabisys.com/satnogs-network/data_obs/2026/8/11/22/14763282/waterfall_14763282_2026-08-11T22-38-40.png
satnogs_14757636,10.553511980169828,0.9820950616507695,0.1328125,1.0,0.1328125,4.77368057989935,0.39215686274509803,0.0,1.0,1.0192895228629453,0.8808830339928453,0.659638421037764,0,0,station_4803,https://s3.eu-central-1.wasabisys.com/satnogs-network/data_obs/2026/8/11/22/14757636/waterfall_14757636_2026-08-11T22-38-20.png,14757636,39492,bad,without-signal,waterfall,CW,435265000,52.0,KC1OCA  UC-4364-531R (UHF),4803,2026-08-11T22:38:20Z,https://s3.eu-central-1.wasabisys.com/satnogs-network/data_obs/2026/8/11/22/14757636/waterfall_14757636_2026-08-11T22-38-20.png
satnogs_14763809,2.2263958810631195,1.3536574951812161,0.0,0.0,0.0,1.4288174718557938,0.5686274509803921,0.5,0.0,0.6605380834058999,0.9295857118734085,0.7912206654140084,0,0,station_5068,https://s3.eu-central-1.wasabisys.com/satnogs-network/data_obs/2026/8/11/22/14763809/waterfall_14763809_2026-08-11T22-37-02.png,14763809,50466,bad,without-signal,waterfall,BPSK,435190000,33.0,329CZ144,5068,2026-08-11T22:37:02Z,https://s3.eu-central-1.wasabisys.com/satnogs-network/data_obs/2026/8/11/22/14763809/waterfall_14763809_2026-08-11T22-37-02.png
satnogs_14757635,2.6715028011572457,1.0270241920560839,0.0,0.2734375,0.0,2.7385442941822338,0.7058823529411765,0.0,0.34375,0.6582199168941365,0.9025389136555457,0.7108191718580771,0,0,station_4803,https://s3.eu-central-1.wasabisys.com/satnogs-network/data_obs/2026/8/11/22/14757635/waterfall_14757635_2026-08-11T22-32-31.png,14757635,49396,bad,without-signal,waterfall,CW,437450000,14.0,KC1OCA  UC-4364-531R (UHF),4803,2026-08-11T22:32:31Z,https://s3.eu-central-1.wasabisys.com/satnogs-network/data_obs/2026/8/11/22/14757635/waterfall_14757635_2026-08-11T22-32-31.png
satnogs_14764152,5.300105970648541,1.1925802130578562,0.046875,0.7734375,0.06060606060606061,1.363896627352852,0.6470588235294118,0.0,0.9921875,0.611594586986071,0.9159061677423747,0.7286065400881142,0,0,station_2173,https://s3.eu-central-1.wasabisys.com/satnogs-network/data_obs/2026/8/11/22/14764152/waterfall_14764152_2026-08-11T22-30-56.png,14764152,98254,bad,without-signal,waterfall,FSK,437450000,22.0,PE0SAT-21,2173,2026-08-11T22:30:56Z,https://s3.eu-central-1.wasabisys.com/satnogs-network/data_obs/2026/8/11/22/14764152/waterfall_14764152_2026-08-11T22-30-56.png
satnogs_14764360,2.0982243909267746,1.2164971557803712,0.0,0.0,0.0,1.5016104343573637,0.17647058823529413,0.5,0.0,0.5131679076399311,0.9122108892266659,0.7481405165227034,0,0,station_812,https://s3.eu-central-1.wasabisys.com/satnogs-network/data_obs/2026/8/11/22/14764360/waterfall_14764360_2026-08-11T22-30-29.png,14764360,98320,bad,without-signal,waterfall,BPSK,436500000,74.0,PF_DE_UHF_X_DIPOLE,812,2026-08-11T22:30:29Z,https://s3.eu-central-1.wasabisys.com/satnogs-network/data_obs/2026/8/11/22/14764360/waterfall_14764360_2026-08-11T22-30-29.png
satnogs_14764145,8.89269107491814,1.3863584985908166,0.0,1.0,0.0,3.7855457056055934,0.27450980392156865,0.0,1.0,0.7181179967598212,0.9503516013149346,0.761533813120556,0,0,station_1696,https://s3.eu-central-1.wasabisys.com/satnogs-network/data_obs/2026/8/11/22/14764145/waterfall_14764145_2026-08-11T22-28-57.png,14764145,66681,bad,without-signal,waterfall,FSK,400550000,20.0,PE0SAT-31,1696,2026-08-11T22:28:57Z,https://s3.eu-central-1.wasabisys.com/satnogs-network/data_obs/2026/8/11/22/14764145/waterfall_14764145_2026-08-11T22-28-57.png
satnogs_14763035,2.613167000068969,1.1183122700285761,0.0078125,0.0234375,0.3333333333333333,1.2640988625641503,0.49019607843137253,0.27941176470588236,0.2734375,0.6136756273187911,0.8972616115574812,0.7329920504339386,0,0,station_1433,https://s3.eu-central-1.wasabisys.com/satnogs-network/data_obs/2026/8/11/22/14763035/waterfall_14763035_2026-08-11T22-26-26.png,14763035,42900,bad,without-signal,waterfall,FM,2285000000,8.0,PE2BZ-Odroid-L-band and  / or S-band,1433,2026-08-11T22:26:26Z,https://s3.eu-central-1.wasabisys.com/satnogs-network/data_obs/2026/8/11/22/14763035/waterfall_14763035_2026-08-11T22-26-26.png
satnogs_14755346,6.254482763143685,0.9500701875046911,0.0,0.609375,0.0,4.651456786552887,0.35294117647058826,0.0,0.90625,0.8337735080942833,0.8911633113894519,0.7166337851140768,0,0,station_431,https://s3.eu-central-1.wasabisys.com/satnogs-network/data_obs/2026/8/11/22/14755346/waterfall_14755346_2026-08-11T22-26-24.png,14755346,98276,bad,without-signal,waterfall,FSK AX.100 Mode 5,401415000,35.0,PE0SAT-11,431,2026-08-11T22:26:24Z,https://s3.eu-central-1.wasabisys.com/satnogs-network/data_obs/2026/8/11/22/14755346/waterfall_14755346_2026-08-11T22-26-24.png
satnogs_14755381,2.0679758144770384,1.1473498193383211,0.0,0.0,0.0,1.846696032090837,0.6274509803921569,0.5,0.0,0.6808959830186677,0.909108769802838,0.7471531319562753,0,0,station_1190,https://s3.eu-central-1.wasabisys.com/satnogs-network/data_obs/2026/8/11/22/14755381/waterfall_14755381_2026-08-11T22-26-22.png,14755381,98276,bad,without-signal,waterfall,FSK AX.100 Mode 5,401415000,65.0,om3tps_home,1190,2026-08-11T22:26:22Z,https://s3.eu-central-1.wasabisys.com/satnogs-network/data_obs/2026/8/11/22/14755381/waterfall_14755381_2026-08-11T22-26-22.png
satnogs_14764887,11.416870894883388,0.5496280498272199,0.03125,1.0,0.03125,4.735415675460125,0.35294117647058826,0.0,1.0,1.0153363911458886,0.9145228481547854,0.6304074102278934,0,0,station_5066,https://s3.eu-central-1.wasabisys.com/satnogs-network/data_obs/2026/8/11/22/14764887/waterfall_14764887_2026-08-11T22-25-26.png,14764887,98272,bad,without-signal,waterfall,CW,145875000,88.0,SA1CKW,5066,2026-08-11T22:25:26Z,https://s3.eu-central-1.wasabisys.com/satnogs-network/data_obs/2026/8/11/22/14764887/waterfall_14764887_2026-08-11T22-25-26.png
satnogs_14763808,2.5524223531744594,1.0542563093288189,0.0,0.078125,0.0,1.8033525153536138,0.47058823529411764,0.00980392156862745,0.78125,0.732428073985994,0.9090033845398442,0.7351673248044175,0,0,station_5068,https://s3.eu-central-1.wasabisys.com/satnogs-network/data_obs/2026/8/11/22/14763808/waterfall_14763808_2026-08-11T22-23-48.png,14763808,40086,bad,without-signal,waterfall,FM,137250000,31.0,329CZ144,5068,2026-08-11T22:23:48Z,https://s3.eu-central-1.wasabisys.com/satnogs-network/data_obs/2026/8/11/22/14763808/waterfall_14763808_2026-08-11T22-23-48.png
satnogs_14755717,8.725307833899596,1.644267670697357,0.8984375,1.0,0.8984375,1.7591066291890785,0.17647058823529413,0.0,1.0,0.28796304422172414,0.9068074237820238,0.6351792728445773,0,0,station_1696,https://s3.eu-central-1.wasabisys.com/satnogs-network/data_obs/2026/8/11/22/14755717/waterfall_14755717_2026-08-11T22-22-47.png,14755717,98266,bad,without-signal,waterfall,GFSK,437500000,32.0,PE0SAT-31,1696,2026-08-11T22:22:47Z,https://s3.eu-central-1.wasabisys.com/satnogs-network/data_obs/2026/8/11/22/14755717/waterfall_14755717_2026-08-11T22-22-47.png
satnogs_14592206,8.458879257843707,2.3918729434037345,0.34375,0.34375,1.0,13.70006503711464,0.0196078431372549,0.0,0.8515625,1.2428421889907644,0.9097128503490626,0.7482414408205083,1,0,station_3020,https://s3.eu-central-1.wasabisys.com/satnogs-network/data_obs/2026/7/22/22/14592206/waterfall_14592206_2026-07-22T22-55-50.png,14592206,62391,good,with-signal,waterfall,GFSK,436925000,47.0,Jim UHF,3020,2026-07-22T22:55:50Z,https://s3.eu-central-1.wasabisys.com/satnogs-network/data_obs/2026/7/22/22/14592206/waterfall_14592206_2026-07-22T22-55-50.png
satnogs_14592952,5.593930236743996,1.667955298044322,0.40625,0.6875,0.5909090909090909,4.567361663925163,0.0196078431372549,0.0,1.0,1.9575533950173385,0.8999670146605795,0.7887874625132076,1,0,station_1466,https://s3.eu-central-1.wasabisys.com/satnogs-network/data_obs/2026/7/22/22/14592952/waterfall_14592952_2026-07-22T22-53-28.png,14592952,63239,good,unknown,status,BPSK,436400000,83.0,PE0SAT-12,1466,2026-07-22T22:53:28Z,https://s3.eu-central-1.wasabisys.com/satnogs-network/data_obs/2026/7/22/22/14592952/waterfall_14592952_2026-07-22T22-53-28.png
satnogs_14575868,2.3351290809638554,0.8113968590569157,0.0078125,0.0078125,1.0,1.7880536650064658,0.5882352941176471,0.5,0.0,1.4835499206873906,0.8401933154908887,0.740696190472341,1,0,station_91,https://s3.eu-central-1.wasabisys.com/satnogs-network/data_obs/2026/7/22/22/14575868/waterfall_14575868_2026-07-22T22-51-50.png,14575868,60524,good,with-signal,waterfall,GMSK,401540000,67.0,M0EYT,91,2026-07-22T22:51:50Z,https://s3.eu-central-1.wasabisys.com/satnogs-network/data_obs/2026/7/22/22/14575868/waterfall_14575868_2026-07-22T22-51-50.png
satnogs_14591282,2.7846353355324944,0.8199036241687623,0.0234375,0.0625,0.375,1.5465844558599926,0.7254901960784313,0.0196078431372549,0.75,0.8105839561312262,0.9337287396147498,0.7598327919470014,1,0,station_4151,https://s3.eu-central-1.wasabisys.com/satnogs-network/data_obs/2026/7/22/22/14591282/waterfall_14591282_2026-07-22T22-51-37.png,14591282,63239,good,with-signal,waterfall,BPSK,436400000,73.0,DEX-X,4151,2026-07-22T22:51:37Z,https://s3.eu-central-1.wasabisys.com/satnogs-network/data_obs/2026/7/22/22/14591282/waterfall_14591282_2026-07-22T22-51-37.png
satnogs_14579555,2.3922038360569466,1.2251271614647588,0.015625,0.015625,1.0,2.520590266601399,0.0784313725490196,0.5,0.0,1.661245117170658,0.8906712802933008,0.7512416754088165,1,0,station_1864,https://s3.eu-central-1.wasabisys.com/satnogs-network/data_obs/2026/7/22/22/14579555/waterfall_14579555_2026-07-22T22-51-28.png,14579555,98320,good,with-signal,waterfall,BPSK,436500000,55.0,SA2KNG Omni UHF/VHF,1864,2026-07-22T22:51:28Z,https://s3.eu-central-1.wasabisys.com/satnogs-network/data_obs/2026/7/22/22/14579555/waterfall_14579555_2026-07-22T22-51-28.png
satnogs_14592945,6.935952347111619,1.6570668635084251,0.484375,0.9453125,0.512396694214876,5.904345672405291,0.0196078431372549,0.0,1.0,0.7936680167918267,0.9232913076811271,0.7551823071210368,1,0,station_1696,https://s3.eu-central-1.wasabisys.com/satnogs-network/data_obs/2026/7/22/22/14592945/waterfall_14592945_2026-07-22T22-49-43.png,14592945,63239,good,unknown,status,BPSK,436400000,83.0,PE0SAT-31,1696,2026-07-22T22:49:43Z,https://s3.eu-central-1.wasabisys.com/satnogs-network/data_obs/2026/7/22/22/14592945/waterfall_14592945_2026-07-22T22-49-43.png
satnogs_14592997,8.494953795159665,2.058335232700333,0.1796875,0.1796875,1.0,7.482684026598392,0.0392156862745098,0.00980392156862745,0.859375,1.6548472495592168,0.8658921837366966,0.7799231168518342,1,0,station_4460,https://s3.eu-central-1.wasabisys.com/satnogs-network/data_obs/2026/7/22/22/14592997/waterfall_14592997_2026-07-22T22-48-31.png,14592997,64559,good,unknown,status,GMSK,401356000,81.0,Sofia SAT Club - Bay Ivan,4460,2026-07-22T22:48:31Z,https://s3.eu-central-1.wasabisys.com/satnogs-network/data_obs/2026/7/22/22/14592997/waterfall_14592997_2026-07-22T22-48-31.png
satnogs_14593141,3.839123651892142,1.307416967756769,0.078125,0.1875,0.4166666666666667,6.537657476897261,0.0,0.00980392156862745,0.765625,1.1547182466822934,0.8911420316421339,0.7444934654071015,1,0,station_4022,https://s3.eu-central-1.wasabisys.com/satnogs-network/data_obs/2026/7/22/22/14593141/waterfall_14593141_2026-07-22T22-48-16.png,14593141,57177,good,unknown,status,GMSK USP,401950000,18.0,SPUTNIX-VHF/UHF-Magadan,4022,2026-07-22T22:48:16Z,https://s3.eu-central-1.wasabisys.com/satnogs-network/data_obs/2026/7/22/22/14593141/waterfall_14593141_2026-07-22T22-48-16.png
satnogs_14593159,4.192172320308972,1.3923940442314664,0.09375,0.09375,1.0,1.9135959100177744,0.0784313725490196,0.00980392156862745,0.671875,1.5838084658613711,0.8869692728617765,0.7615907565424077,1,0,station_4595,https://s3.eu-central-1.wasabisys.com/satnogs-network/data_obs/2026/7/22/22/14593159/waterfall_14593159_2026-07-22T22-48-01.png,14593159,63216,good,unknown,status,GMSK,401357500,57.0,EA4TA,4595,2026-07-22T22:48:01Z,https://s3.eu-central-1.wasabisys.com/satnogs-network/data_obs/2026/7/22/22/14593159/waterfall_14593159_2026-07-22T22-48-01.png
satnogs_14589200,2.3483329910677018,1.2015544722858156,0.078125,0.078125,1.0,6.7282602590983265,0.058823529411764705,0.0,0.46875,0.9453406301799459,0.8861552449392682,0.7256503901079184,1,0,station_3402,https://s3.eu-central-1.wasabisys.com/satnogs-network/data_obs/2026/7/22/22/14589200/waterfall_14589200_2026-07-22T22-47-41.png,14589200,63212,good,with-signal,waterfall,FM,2256000000,33.0,StreetDirt S-Band,3402,2026-07-22T22:47:41Z,https://s3.eu-central-1.wasabisys.com/satnogs-network/data_obs/2026/7/22/22/14589200/waterfall_14589200_2026-07-22T22-47-41.png
satnogs_14593147,10.226187895839422,2.1754372868242466,0.1953125,0.234375,0.8333333333333334,5.566535873655002,0.0196078431372549,0.0196078431372549,0.765625,1.8758806538301402,0.8383874432668479,0.7962533451657082,1,0,station_4111,https://s3.eu-central-1.wasabisys.com/satnogs-network/data_obs/2026/7/22/22/14593147/waterfall_14593147_2026-07-22T22-47-31.png,14593147,64559,good,unknown,status,GMSK,401356000,68.0,Plyachka,4111,2026-07-22T22:47:31Z,https://s3.eu-central-1.wasabisys.com/satnogs-network/data_obs/2026/7/22/22/14593147/waterfall_14593147_2026-07-22T22-47-31.png
satnogs_14589201,15.083654905370482,1.1297845215580562,0.0625,0.2265625,0.27586206896551724,2.8805567531467298,0.0,0.0392156862745098,0.3828125,2.059575122402183,0.7234689615903692,0.7928010410345543,1,0,station_3543,https://s3.eu-central-1.wasabisys.com/satnogs-network/data_obs/2026/7/22/22/14589201/waterfall_14589201_2026-07-22T22-46-59.png,14589201,63212,good,with-signal,waterfall,FM,2256000000,33.0,StreetDirt S-band parabolic,3543,2026-07-22T22:46:59Z,https://s3.eu-central-1.wasabisys.com/satnogs-network/data_obs/2026/7/22/22/14589201/waterfall_14589201_2026-07-22T22-46-59.png
satnogs_14592327,23.255704769834715,4.898674607031034,0.390625,0.4453125,0.8771929824561403,18.981922346124744,0.0,0.0,0.9609375,1.5530902180990387,0.7320098690699148,0.9119486136972924,1,0,station_342,https://s3.eu-central-1.wasabisys.com/satnogs-network/data_obs/2026/7/22/22/14592327/waterfall_14592327_2026-07-22T22-46-05.png,14592327,25544,good,with-signal,waterfall,FM,437800000,14.0,EA5WA Pobla Llarga,342,2026-07-22T22:46:05Z,https://s3.eu-central-1.wasabisys.com/satnogs-network/data_obs/2026/7/22/22/14592327/waterfall_14592327_2026-07-22T22-46-05.png
satnogs_14589221,5.97448282295629,1.1003849073880998,0.1484375,0.3359375,0.4418604651162791,4.189004957395073,0.0784313725490196,0.0392156862745098,0.9765625,1.2958723832142138,0.8595793891877708,0.7483196365049706,1,0,station_3442,https://s3.eu-central-1.wasabisys.com/satnogs-network/data_obs/2026/7/22/22/14589221/waterfall_14589221_2026-07-22T22-45-59.png,14589221,63212,good,with-signal,waterfall,FM,2256000000,30.0,PE2BZ s-band experimental now on docker,3442,2026-07-22T22:45:59Z,https://s3.eu-central-1.wasabisys.com/satnogs-network/data_obs/2026/7/22/22/14589221/waterfall_14589221_2026-07-22T22-45-59.png
satnogs_14592949,5.47670112777513,1.1614120246390514,0.0,0.75,0.0,1.6619101395198363,0.35294117647058826,0.0,0.9921875,0.9179968654909764,0.9020965058269239,0.7210719821557455,1,0,station_2173,https://s3.eu-central-1.wasabisys.com/satnogs-network/data_obs/2026/7/22/22/14592949/waterfall_14592949_2026-07-22T22-45-03.png,14592949,61746,good,unknown,status,GFSK,436835000,11.0,PE0SAT-21,2173,2026-07-22T22:45:03Z,https://s3.eu-central-1.wasabisys.com/satnogs-network/data_obs/2026/7/22/22/14592949/waterfall_14592949_2026-07-22T22-45-03.png
satnogs_14592940,2.4731266008902013,1.191013629430322,0.0,0.015625,0.0,1.5617377854406058,0.4117647058823529,0.5,0.0,0.710750783894609,0.9166159595381222,0.7556269466357856,1,0,station_431,https://s3.eu-central-1.wasabisys.com/satnogs-network/data_obs/2026/7/22/22/14592940/waterfall_14592940_2026-07-22T22-45-03.png,14592940,61746,good,with-signal,waterfall,GFSK,436835000,11.0,PE0SAT-11,431,2026-07-22T22:45:03Z,https://s3.eu-central-1.wasabisys.com/satnogs-network/data_obs/2026/7/22/22/14592940/waterfall_14592940_2026-07-22T22-45-03.png
satnogs_14577336,2.1079294130379407,1.2626819126289532,0.0,0.0,0.0,1.3710221236437858,0.6666666666666666,0.5,0.0,0.7444765572542994,0.9210744535314007,0.7697010792840029,1,0,station_3590,https://s3.eu-central-1.wasabisys.com/satnogs-network/data_obs/2026/7/22/22/14577336/waterfall_14577336_2026-07-22T22-44-37.png,14577336,43804,good,with-signal,waterfall,MSK AX.100 Mode 5,437775000,6.0,EuroSpaceHub-UCM,3590,2026-07-22T22:44:37Z,https://s3.eu-central-1.wasabisys.com/satnogs-network/data_obs/2026/7/22/22/14577336/waterfall_14577336_2026-07-22T22-44-37.png
satnogs_14589725,18.910479022853973,0.7619183972811593,0.0,0.609375,0.0,11.070270566491846,0.5098039215686274,0.0,0.7265625,1.4496317758449517,0.9313222799591527,0.7562406529890102,1,0,station_1461,https://s3.eu-central-1.wasabisys.com/satnogs-network/data_obs/2026/7/22/22/14589725/waterfall_14589725_2026-07-22T22-44-28.png,14589725,67683,good,with-signal,waterfall,FSK,400630000,26.0,VE2DSK-VHF-UHF,1461,2026-07-22T22:44:28Z,https://s3.eu-central-1.wasabisys.com/satnogs-network/data_obs/2026/7/22/22/14589725/waterfall_14589725_2026-07-22T22-44-28.png
satnogs_14583216,2.5150985464517905,0.8975148295371986,0.0078125,0.046875,0.16666666666666666,1.385370153043662,0.43137254901960786,0.00980392156862745,0.3828125,0.9128451708911518,0.9072596494017962,0.7345248279359214,1,0,station_4803,https://s3.eu-central-1.wasabisys.com/satnogs-network/data_obs/2026/7/22/22/14583216/waterfall_14583216_2026-07-22T22-41-41.png,14583216,46507,good,unknown,status,FSK AX.25 G3RUH,435600000,71.0,KC1OCA  UC-4364-531R (UHF),4803,2026-07-22T22:41:41Z,https://s3.eu-central-1.wasabisys.com/satnogs-network/data_obs/2026/7/22/22/14583216/waterfall_14583216_2026-07-22T22-41-41.png
satnogs_14591281,4.003420295930802,1.4188729977100059,0.1875,0.2109375,0.8888888888888888,1.3553553949927486,0.11764705882352941,0.0,0.9921875,1.2009058360866474,0.936679484318482,0.7969843246980045,1,0,station_4151,https://s3.eu-central-1.wasabisys.com/satnogs-network/data_obs/2026/7/22/22/14591281/waterfall_14591281_2026-07-22T22-40-57.png,14591281,63251,good,with-signal,waterfall,BPSK,401850000,66.0,DEX-X,4151,2026-07-22T22:40:57Z,https://s3.eu-central-1.wasabisys.com/satnogs-network/data_obs/2026/7/22/22/14591281/waterfall_14591281_2026-07-22T22-40-57.png
satnogs_14584586,4.674913641362086,1.7327817496298885,0.109375,0.109375,1.0,2.909441250900791,0.0,0.0196078431372549,0.5625,1.5143659117657104,0.881256792632809,0.7766716931267594,1,0,station_3093,https://s3.eu-central-1.wasabisys.com/satnogs-network/data_obs/2026/7/22/22/14584586/waterfall_14584586_2026-07-22T22-38-32.png,14584586,68635,good,with-signal,waterfall,GMSK,437250000,46.0,Nekosat (QFH UHF),3093,2026-07-22T22:38:32Z,https://s3.eu-central-1.wasabisys.com/satnogs-network/data_obs/2026/7/22/22/14584586/waterfall_14584586_2026-07-22T22-38-32.png
satnogs_14589811,2.140674297161166,1.3025429444710048,0.0078125,0.0078125,1.0,1.4092624867824894,0.0,0.5,0.0,1.0143071349046249,0.9168265342231049,0.767461474775702,1,0,station_4825,https://s3.eu-central-1.wasabisys.com/satnogs-network/data_obs/2026/7/22/22/14589811/waterfall_14589811_2026-07-22T22-37-04.png,14589811,67683,good,with-signal,waterfall,FSK,400630000,25.0,PISTATION-VHF,4825,2026-07-22T22:37:04Z,https://s3.eu-central-1.wasabisys.com/satnogs-network/data_obs/2026/7/22/22/14589811/waterfall_14589811_2026-07-22T22-37-04.png
satnogs_14584591,6.036468431974037,1.8129452941694784,0.1953125,0.4375,0.44642857142857145,1.9098649414537832,0.11764705882352941,0.00980392156862745,0.9921875,1.4633847062928267,0.8362216695672463,0.7342407767172364,1,0,station_4136,https://s3.eu-central-1.wasabisys.com/satnogs-network/data_obs/2026/7/22/22/14584591/waterfall_14584591_2026-07-22T22-36-59.png,14584591,68635,good,unknown,status,GMSK,437250000,40.0,estima5633,4136,2026-07-22T22:36:59Z,https://s3.eu-central-1.wasabisys.com/satnogs-network/data_obs/2026/7/22/22/14584591/waterfall_14584591_2026-07-22T22-36-59.png
satnogs_14592971,15.688518749634634,1.848820889454717,0.046875,0.4375,0.10714285714285714,2.504281496858049,0.0392156862745098,0.00980392156862745,0.9765625,3.91710034119806,0.7048573822728729,0.8473426354503699,1,0,station_1864,https://s3.eu-central-1.wasabisys.com/satnogs-network/data_obs/2026/7/22/22/14592971/waterfall_14592971_2026-07-22T22-36-50.png,14592971,64534,good,unknown,status,GMSK,401510000,76.0,SA2KNG Omni UHF/VHF,1864,2026-07-22T22:36:50Z,https://s3.eu-central-1.wasabisys.com/satnogs-network/data_obs/2026/7/22/22/14592971/waterfall_14592971_2026-07-22T22-36-50.png
satnogs_14591407,3.4017438505570126,1.4221734227072083,0.046875,0.046875,1.0,1.1640448317957741,0.0392156862745098,0.0196078431372549,0.34375,1.09699558322072,0.8930539653990541,0.7599697382169814,1,0,station_2107,https://s3.eu-central-1.wasabisys.com/satnogs-network/data_obs/2026/7/22/22/14591407/waterfall_14591407_2026-07-22T22-36-36.png,14591407,68635,good,unknown,status,GMSK,437250000,54.0,JH4XSY-pi,2107,2026-07-22T22:36:36Z,https://s3.eu-central-1.wasabisys.com/satnogs-network/data_obs/2026/7/22/22/14591407/waterfall_14591407_2026-07-22T22-36-36.png
satnogs_14583217,3.430841551818231,0.8142408883038348,0.046875,0.1953125,0.24,1.9501572522468804,0.7058823529411765,0.1715686274509804,0.96875,0.9027503066329364,0.882367849404035,0.6760293845742514,0,0,station_4803,https://s3.eu-central-1.wasabisys.com/satnogs-network/data_obs/2026/7/22/22/14583217/waterfall_14583217_2026-07-22T22-52-01.png,14583217,98398,bad,without-signal,waterfall,CW,437375000,15.0,KC1OCA  UC-4364-531R (UHF),4803,2026-07-22T22:52:01Z,https://s3.eu-central-1.wasabisys.com/satnogs-network/data_obs/2026/7/22/22/14583217/waterfall_14583217_2026-07-22T22-52-01.png
satnogs_14593168,2.1977346372757265,1.1214629574945842,0.0,0.0,0.0,1.679376966968504,0.1568627450980392,0.5,0.0,0.6721172488238172,0.9044515509769372,0.7383590708663187,0,0,station_4760,https://s3.eu-central-1.wasabisys.com/satnogs-network/data_obs/2026/7/22/22/14593168/waterfall_14593168_2026-07-22T22-49-20.png,14593168,59778,bad,without-signal,waterfall,FSK,401215000,29.0,ASU HackRF 2026C W/Rotator,4760,2026-07-22T22:49:20Z,https://s3.eu-central-1.wasabisys.com/satnogs-network/data_obs/2026/7/22/22/14593168/waterfall_14593168_2026-07-22T22-49-20.png
satnogs_14575867,2.2944814314678412,0.94454161999381,0.0,0.0,0.0,1.2606244652316299,0.3333333333333333,0.5,0.0,0.6463722133440093,0.864600518102398,0.7589569939834344,0,0,station_91,https://s3.eu-central-1.wasabisys.com/satnogs-network/data_obs/2026/7/22/22/14575867/waterfall_14575867_2026-07-22T22-47-40.png,14575867,48269,bad,without-signal,waterfall,FM,401100000,40.0,M0EYT,91,2026-07-22T22:47:40Z,https://s3.eu-central-1.wasabisys.com/satnogs-network/data_obs/2026/7/22/22/14575867/waterfall_14575867_2026-07-22T22-47-40.png
satnogs_14592723,2.281891058584389,0.21586461022445286,0.0,0.0,0.0,1.8322082414285648,0.7058823529411765,0.5,0.0,1.2126401498400052,0.9260810264964808,0.7907916795523732,0,0,station_5065,https://s3.eu-central-1.wasabisys.com/satnogs-network/data_obs/2026/7/22/22/14592723/waterfall_14592723_2026-07-22T22-47-38.png,14592723,41179,bad,without-signal,waterfall,FM,137288000,53.0,329CZ144,5065,2026-07-22T22:47:38Z,https://s3.eu-central-1.wasabisys.com/satnogs-network/data_obs/2026/7/22/22/14592723/waterfall_14592723_2026-07-22T22-47-38.png
satnogs_14589195,3.522561419562127,0.8427274736766796,0.0,0.2109375,0.0,6.374092835823535,0.7058823529411765,0.00980392156862745,0.2109375,0.6746685359852447,0.8287454797194285,0.6307527481239524,0,0,station_2246,https://s3.eu-central-1.wasabisys.com/satnogs-network/data_obs/2026/7/22/22/14589195/waterfall_14589195_2026-07-22T22-46-21.png,14589195,63212,bad,without-signal,waterfall,FM,2256000000,44.0,HB9FXX Komodo Dome,2246,2026-07-22T22:46:21Z,https://s3.eu-central-1.wasabisys.com/satnogs-network/data_obs/2026/7/22/22/14589195/waterfall_14589195_2026-07-22T22-46-21.png
satnogs_14583472,2.489372320904808,0.866939616876645,0.0,0.015625,0.0,2.0220502766274047,0.6078431372549019,0.5,0.0,0.8717873615088946,0.9046617540818338,0.745654439428007,0,0,station_4806,https://s3.eu-central-1.wasabisys.com/satnogs-network/data_obs/2026/7/22/22/14583472/waterfall_14583472_2026-07-22T22-45-38.png,14583472,67687,bad,without-signal,waterfall,GMSK,400960000,15.0,KC1OCA UC-1464-531L (VHF),4806,2026-07-22T22:45:38Z,https://s3.eu-central-1.wasabisys.com/satnogs-network/data_obs/2026/7/22/22/14583472/waterfall_14583472_2026-07-22T22-45-38.png
satnogs_14589737,2.148787274182191,1.20748285991339,0.0,0.015625,0.0,1.7999605411809403,0.6078431372549019,0.5,0.0,0.6734265173050931,0.9155436529343434,0.7616461281982811,0,0,station_2685,https://s3.eu-central-1.wasabisys.com/satnogs-network/data_obs/2026/7/22/22/14589737/waterfall_14589737_2026-07-22T22-45-18.png,14589737,67683,bad,without-signal,waterfall,FSK,400630000,30.0,VE9EX-1,2685,2026-07-22T22:45:18Z,https://s3.eu-central-1.wasabisys.com/satnogs-network/data_obs/2026/7/22/22/14589737/waterfall_14589737_2026-07-22T22-45-18.png
satnogs_14589714,2.254835331998432,1.2329712678489102,0.0,0.0625,0.0,2.2300562193683335,0.5098039215686274,0.0,0.140625,0.608598126447294,0.9205656231365766,0.769940019379338,0,0,station_1156,https://s3.eu-central-1.wasabisys.com/satnogs-network/data_obs/2026/7/22/22/14589714/waterfall_14589714_2026-07-22T22-44-09.png,14589714,67683,bad,without-signal,waterfall,FSK,400630000,26.0,"VA2WBT - Montréal, Canada",1156,2026-07-22T22:44:09Z,https://s3.eu-central-1.wasabisys.com/satnogs-network/data_obs/2026/7/22/22/14589714/waterfall_14589714_2026-07-22T22-44-09.png
satnogs_14576057,2.9110031993965926,1.0077543632470969,0.0390625,0.0546875,0.7142857142857143,1.7477438929020392,0.3137254901960784,0.049019607843137254,0.8984375,0.5203515752413733,0.8942462300703533,0.6827710356079952,0,0,station_4649,https://s3.eu-central-1.wasabisys.com/satnogs-network/data_obs/2026/7/22/22/14576057/waterfall_14576057_2026-07-22T22-43-33.png,14576057,24278,bad,without-signal,waterfall,CW,435796000,25.0,BG7XTQ,4649,2026-07-22T22:43:33Z,https://s3.eu-central-1.wasabisys.com/satnogs-network/data_obs/2026/7/22/22/14576057/waterfall_14576057_2026-07-22T22-43-33.png
satnogs_14589197,9.882838709447624,0.850055602175299,0.015625,0.078125,0.2,1.92749765405157,0.11764705882352941,0.10784313725490197,0.078125,2.154435423867613,0.6242170843945771,0.7894501463182172,0,0,station_2830,https://s3.eu-central-1.wasabisys.com/satnogs-network/data_obs/2026/7/22/22/14589197/waterfall_14589197_2026-07-22T22-43-03.png,14589197,63212,bad,without-signal,waterfall,FM,2256000000,81.0,SM0TGU - L and S-Band,2830,2026-07-22T22:43:03Z,https://s3.eu-central-1.wasabisys.com/satnogs-network/data_obs/2026/7/22/22/14589197/waterfall_14589197_2026-07-22T22-43-03.png
satnogs_14588554,4.582514067151126,1.0569740003259818,0.109375,0.625,0.175,1.8958074497727513,0.17647058823529413,0.00980392156862745,1.0,0.6264047979465189,0.8556011246978811,0.7149093055795275,0,0,station_4125,https://s3.eu-central-1.wasabisys.com/satnogs-network/data_obs/2026/7/22/22/14588554/waterfall_14588554_2026-07-22T22-42-50.png,14588554,39265,bad,without-signal,waterfall,FM,2231500000,57.0,NuSpace SN3,4125,2026-07-22T22:42:50Z,https://s3.eu-central-1.wasabisys.com/satnogs-network/data_obs/2026/7/22/22/14588554/waterfall_14588554_2026-07-22T22-42-50.png
satnogs_14593082,2.2111156886684515,0.8273588125890367,0.0,0.0,0.0,1.7137730562705846,0.35294117647058826,0.5,0.0,0.7238947877479537,0.8387327952207347,0.7332661937332314,0,0,station_754,https://s3.eu-central-1.wasabisys.com/satnogs-network/data_obs/2026/7/22/22/14593082/waterfall_14593082_2026-07-22T22-42-07.png,14593082,98376,bad,without-signal,waterfall,GFSK,436600000,46.0,W6MSU UHF,754,2026-07-22T22:42:07Z,https://s3.eu-central-1.wasabisys.com/satnogs-network/data_obs/2026/7/22/22/14593082/waterfall_14593082_2026-07-22T22-42-07.png
satnogs_14575866,2.8874204606801834,0.7629975750417136,0.0,0.0859375,0.0,2.8053237457811786,0.7058823529411765,0.00980392156862745,0.875,0.7760932384263349,0.8506962828666307,0.7324201891428196,0,0,station_91,https://s3.eu-central-1.wasabisys.com/satnogs-network/data_obs/2026/7/22/22/14575866/waterfall_14575866_2026-07-22T22-41-37.png,14575866,62616,bad,without-signal,waterfall,MSK AX.100 Mode 5,435950000,51.0,M0EYT,91,2026-07-22T22:41:37Z,https://s3.eu-central-1.wasabisys.com/satnogs-network/data_obs/2026/7/22/22/14575866/waterfall_14575866_2026-07-22T22-41-37.png
satnogs_14592944,3.2781667425333842,1.1552352938531372,0.0,0.421875,0.0,3.1256843379351995,0.39215686274509803,0.0,0.5625,0.7194381440923079,0.9151942902395698,0.7441443890717644,0,0,station_1696,https://s3.eu-central-1.wasabisys.com/satnogs-network/data_obs/2026/7/22/22/14592944/waterfall_14592944_2026-07-22T22-39-52.png,14592944,62616,bad,without-signal,waterfall,MSK AX.100 Mode 5,435950000,25.0,PE0SAT-31,1696,2026-07-22T22:39:52Z,https://s3.eu-central-1.wasabisys.com/satnogs-network/data_obs/2026/7/22/22/14592944/waterfall_14592944_2026-07-22T22-39-52.png
satnogs_14584833,2.200367365917458,1.1978940225546204,0.0,0.0,0.0,2.236579556190095,0.4117647058823529,0.5,0.0,0.6419603255148927,0.9191997450711714,0.7638841948318189,0,0,station_4856,https://s3.eu-central-1.wasabisys.com/satnogs-network/data_obs/2026/7/22/22/14584833/waterfall_14584833_2026-07-22T22-39-14.png,14584833,98254,bad,without-signal,waterfall,FSK,437450000,11.0,biGS,4856,2026-07-22T22:39:14Z,https://s3.eu-central-1.wasabisys.com/satnogs-network/data_obs/2026/7/22/22/14584833/waterfall_14584833_2026-07-22T22-39-14.png
satnogs_14589571,5.574111013638621,1.5324487245435614,0.3125,0.328125,0.9523809523809523,11.685192267312285,0.09803921568627451,0.0,0.578125,0.951630167688405,0.9244617960143713,0.7571467278660908,0,0,station_2009,https://s3.eu-central-1.wasabisys.com/satnogs-network/data_obs/2026/7/22/22/14589571/waterfall_14589571_2026-07-22T22-38-43.png,14589571,67683,bad,without-signal,waterfall,FSK,400630000,19.0,VA6RPI UHF Alberta Canada.,2009,2026-07-22T22:38:43Z,https://s3.eu-central-1.wasabisys.com/satnogs-network/data_obs/2026/7/22/22/14589571/waterfall_14589571_2026-07-22T22-38-43.png
satnogs_14589664,4.4525747009368155,0.8503235115896757,0.0078125,0.4375,0.017857142857142856,6.918032175750309,0.7450980392156863,0.0,0.875,0.8971022122934743,0.9169441952488246,0.7183614601462387,0,0,station_4410,https://s3.eu-central-1.wasabisys.com/satnogs-network/data_obs/2026/7/22/22/14589664/waterfall_14589664_2026-07-22T22-38-01.png,14589664,67683,bad,without-signal,waterfall,FSK,400630000,20.0,Prodromos,4410,2026-07-22T22:38:01Z,https://s3.eu-central-1.wasabisys.com/satnogs-network/data_obs/2026/7/22/22/14589664/waterfall_14589664_2026-07-22T22-38-01.png
satnogs_14592722,2.03896646374189,1.1875318124583214,0.0,0.0,0.0,1.5906204660969534,0.0196078431372549,0.5,0.0,0.6376855910258448,0.9101559053359617,0.746209410565943,0,0,station_5065,https://s3.eu-central-1.wasabisys.com/satnogs-network/data_obs/2026/7/22/22/14592722/waterfall_14592722_2026-07-22T22-37-42.png,14592722,43072,bad,without-signal,waterfall,FM,1623859000,37.0,329CZ144,5065,2026-07-22T22:37:42Z,https://s3.eu-central-1.wasabisys.com/satnogs-network/data_obs/2026/7/22/22/14592722/waterfall_14592722_2026-07-22T22-37-42.png
satnogs_14589818,2.1346605606909077,1.2444758393749185,0.0,0.0,0.0,1.8951098412153986,0.21568627450980393,0.5,0.0,0.6539648472062343,0.9214213683315606,0.7711584262085389,0,0,station_5028,https://s3.eu-central-1.wasabisys.com/satnogs-network/data_obs/2026/7/22/22/14589818/waterfall_14589818_2026-07-22T22-36-12.png,14589818,67683,bad,without-signal,waterfall,FSK,400630000,23.0,BYVR2026,5028,2026-07-22T22:36:12Z,https://s3.eu-central-1.wasabisys.com/satnogs-network/data_obs/2026/7/22/22/14589818/waterfall_14589818_2026-07-22T22-36-12.png
satnogs_14589574,33.973130313241924,0.05839025137463913,0.0078125,0.796875,0.00980392156862745,25.845089490162433,0.6274509803921569,0.0,0.9296875,0.915275102637268,0.9389708040319235,0.8636914238568019,0,0,station_2134,https://s3.eu-central-1.wasabisys.com/satnogs-network/data_obs/2026/7/22/22/14589574/waterfall_14589574_2026-07-22T22-35-38.png,14589574,67683,bad,without-signal,waterfall,FSK,400630000,20.0,MAUSyagi,2134,2026-07-22T22:35:38Z,https://s3.eu-central-1.wasabisys.com/satnogs-network/data_obs/2026/7/22/22/14589574/waterfall_14589574_2026-07-22T22-35-38.png
satnogs_14589618,21.827906525179714,0.06506500994560183,0.234375,0.9921875,0.23622047244094488,13.872008526133463,0.35294117647058826,0.0,1.0,1.172676070862865,0.9492838089023993,0.7435189764241444,0,0,station_3355,https://s3.eu-central-1.wasabisys.com/satnogs-network/data_obs/2026/7/22/22/14589618/waterfall_14589618_2026-07-22T22-33-50.png,14589618,67683,bad,without-signal,waterfall,FSK,400630000,19.0,WA6RSV,3355,2026-07-22T22:33:50Z,https://s3.eu-central-1.wasabisys.com/satnogs-network/data_obs/2026/7/22/22/14589618/waterfall_14589618_2026-07-22T22-33-50.png
satnogs_14588296,2.8911541696471046,1.104274547260675,0.0078125,0.0078125,1.0,0.965443466036249,0.09803921568627451,0.5,0.0,0.9378775576217696,0.6918811528536911,0.9185090504860661,0,0,station_657,https://s3.eu-central-1.wasabisys.com/satnogs-network/data_obs/2026/7/22/22/14588296/waterfall_14588296_2026-07-22T22-29-24.png,14588296,66673,bad,without-signal,waterfall,FSK,400600000,53.0,ZL2MST,657,2026-07-22T22:29:24Z,https://s3.eu-central-1.wasabisys.com/satnogs-network/data_obs/2026/7/22/22/14588296/waterfall_14588296_2026-07-22T22-29-24.png
satnogs_14579194,8.61493172277059,0.8982644496215195,0.0,0.9765625,0.0,3.7032440697565194,0.6862745098039216,0.0,1.0,0.7400812900952602,0.9105919798646496,0.6435557624804642,0,0,station_223,https://s3.eu-central-1.wasabisys.com/satnogs-network/data_obs/2026/7/22/22/14579194/waterfall_14579194_2026-07-22T22-29-05.png,14579194,98329,bad,without-signal,waterfall,GMSK,436830000,6.0,W2MMD GCARC Clubhouse,223,2026-07-22T22:29:05Z,https://s3.eu-central-1.wasabisys.com/satnogs-network/data_obs/2026/7/22/22/14579194/waterfall_14579194_2026-07-22T22-29-05.png
satnogs_14592721,2.064821940557822,1.103593069851527,0.0,0.0,0.0,1.9633811663695488,0.45098039215686275,0.5,0.0,0.6454005926889422,0.9067954006123187,0.7394927188352551,0,0,station_5065,https://s3.eu-central-1.wasabisys.com/satnogs-network/data_obs/2026/7/22/22/14592721/waterfall_14592721_2026-07-22T22-27-27.png,14592721,64592,bad,without-signal,waterfall,GMSK,401096000,30.0,329CZ144,5065,2026-07-22T22:27:27Z,https://s3.eu-central-1.wasabisys.com/satnogs-network/data_obs/2026/7/22/22/14592721/waterfall_14592721_2026-07-22T22-27-27.png
satnogs_14576368,4.879787723937399,0.5787266411748134,0.0,0.375,0.0,3.1343232101839527,0.6666666666666666,0.029411764705882353,0.890625,1.1209875663404931,0.8478928684351004,0.7243976264770272,0,0,station_4856,https://s3.eu-central-1.wasabisys.com/satnogs-network/data_obs/2026/7/22/22/14576368/waterfall_14576368_2026-07-22T22-27-10.png,14576368,61781,bad,without-signal,waterfall,FM,435400000,26.0,biGS,4856,2026-07-22T22:27:10Z,https://s3.eu-central-1.wasabisys.com/satnogs-network/data_obs/2026/7/22/22/14576368/waterfall_14576368_2026-07-22T22-27-10.png
